https://video.cartoonsworld.vip/vid1/Atlantis%20the%20Lost%20Empire.mp4	spawn ffmpeg ENOENT
https://video.cartoonsworld.vip/vid1/Aladdin%20&%20Flynn%20The%20Cursed%20Rod.mp4	spawn ffmpeg ENOENT
https://api-cdn-us-mp4.rule34.xxx//images/1029/939c81ec39f74477dbae9c102ca94775.mp4?9562884	spawn ffmpeg ENOENT
https://api-cdn-us-mp4.rule34.xxx//images/1838/c97eb1e3b5f7c4af21ea7edf45952096.mp4?10278934	spawn ffmpeg ENOENT
https://api-cdn-us-mp4.rule34.xxx//images/1578/720adaacbfb0b42f6ce8d6db300eaf98.mp4?10257346	spawn ffmpeg ENOENT
https://api-cdn-us-mp4.rule34.xxx//images/3103/d64d185065adfd2a77e0d5bfa6da8396.mp4?10146701	spawn ffmpeg ENOENT
https://api-cdn-us-mp4.rule34.xxx//images/7751/e9c824f77efe9f0459b6c27714578737.mp4?8849228	spawn ffmpeg ENOENT
https://ahrimp4.rule34.xxx//images/3472/583b57cf2faff2bdc11b8486ffd594db.mp4?8269989	spawn ffmpeg ENOENT
https://webm.rule34.xxx//images/2075/30db94fd9ccc89d89275150e69d943c3.mp4?10101144	spawn ffmpeg ENOENT
https://api-cdn-us-mp4.rule34.xxx//images/4818/e02fbce62f360e12f91226603a860084.mp4?5485864	spawn ffmpeg ENOENT
https://api-cdn-us-mp4.rule34.xxx//images/4306/ff17a2ceaf7106804775ab580dd40c2f.mp4?4900859	spawn ffmpeg ENOENT
https://api-cdn-us-mp4.rule34.xxx//images/2901/74a289aebcc1999cca19199f39a7877f.mp4?4603958	spawn ffmpeg ENOENT
https://api-cdn-us-mp4.rule34.xxx//images/2239/70c082c3bf184be22ba178d67c1d9c5f.mp4?11078098	spawn ffmpeg ENOENT
https://api-cdn-us-mp4.rule34.xxx//images/1861/51c99a62d9aeb72cc5409bedd7ae627c.mp4?10851594	spawn ffmpeg ENOENT
https://ahrimp4.rule34.xxx//images/1667/281b48d237bdb620f92f17850f64c3c4.mp4?10806918	spawn ffmpeg ENOENT
https://api-cdn-us-mp4.rule34.xxx//images/1326/bed9872165e56ce95a3c6549a45d5db7.mp4?10334653	spawn ffmpeg ENOENT
https://api-cdn-us-mp4.rule34.xxx//images/1305/818bb988385422300a33ae4675862c0c.mp4?10050597	spawn ffmpeg ENOENT
https://api-cdn-us-mp4.rule34.xxx//images/3822/87011aedb1bfb1902c9e03616f041f5e.mp4?4325676	spawn ffmpeg ENOENT
https://cdn-videos.lpsg.com/data/lsvideo/videos/2020/08/20908921_MrX-Toon-H_5107738a218b8037fdb699b7498026c5.mp4	spawn ffmpeg ENOENT
https://cdn-videos.lpsg.com/data/lsvideo/videos/2020/08/20909331_MrX-Toon-K_f6a490bc7274aacce3c71cc5ba6c5d7e.mp4	spawn ffmpeg ENOENT
https://cdn-videos.lpsg.com/data/lsvideo/videos/2021/07/37775681_BoboComics_8bd520c696530dc77ceaa70be02d9ac9.mp4	spawn ffmpeg ENOENT
https://cdn-videos.lpsg.com/data/lsvideo/videos/2021/02/30615171_hq_af4aaeb_d7c7b4a3a2a8c662f18566b3afa4b293.mp4	spawn ffmpeg ENOENT
https://cdn-videos.lpsg.com/data/lsvideo/videos/2020/10/23232801_IMG_5782MP_fa66a0a1963b55d4b40fcf5b5b656371.mp4	spawn ffmpeg ENOENT
https://cdn-videos.lpsg.com/data/lsvideo/videos/2021/03/32223901_Cockahonta_0b38f4f2b062075d721f79a3ce3a33b5.mp4	spawn ffmpeg ENOENT
https://cdn-videos.lpsg.com/data/lsvideo/videos/2021/06/36424861_Copy_of_ba_83cd6c32daf7c6a966e0fe17b75c435c.mp4	spawn ffmpeg ENOENT
https://cdn-videos.lpsg.com/data/lsvideo/videos/2021/06/36424881_moviemp4_9f9b51fba0776e081c471e073fd8d588.mp4	spawn ffmpeg ENOENT
https://cdn-videos.lpsg.com/data/lsvideo/videos/2021/06/36424951_tuxedomov_6906e9c2f200f35fa8b00f8dc7273cac.mp4	spawn ffmpeg ENOENT
https://cdn-videos.lpsg.com/data/video/131975/131975621-5a15da7ba2d426d53347ef45ff74890f.mp4	spawn ffmpeg ENOENT
https://cdn-videos.lpsg.com/data/video/131975/131975631-425a9acc2997aa88a294e1e68fa7bab7.mp4	spawn ffmpeg ENOENT
https://cdn-videos.lpsg.com/data/video/131975/131975641-823e9e96d7362a8613ea59669349f9b2.mp4	spawn ffmpeg ENOENT
https://cdn-videos.lpsg.com/data/video/130000/130000091-62410bbe3a2897d47bb9ac1aadb09b29.mp4	spawn ffmpeg ENOENT
https://cdn-videos.lpsg.com/data/video/131811/131811771-3b42657d0628f0988bff96dde25d5f90.mp4	spawn ffmpeg ENOENT
https://cdn-videos.lpsg.com/data/video/131811/131811801-70751ea4103c992628c44d9e300c2851.mp4	spawn ffmpeg ENOENT
https://cdn-videos.lpsg.com/data/video/109470/109470661-350c6afe75ef7fc6591028c86ab6a12e.mp4	spawn ffmpeg ENOENT
https://cdn-videos.lpsg.com/data/video/108513/108513771-3e36125f9e9abce1a7f12dd1e4e3c52b.mp4	spawn ffmpeg ENOENT
https://cdn-videos.lpsg.com/data/video/123799/123799101-20a422aa3719a5f657ca833a45651547.mp4	spawn ffmpeg ENOENT
https://www.dropbox.com/scl/fi/t0vuao0bt680e9sn3txjb/breedingmilo.mp4?rlkey=35gq3fb23yr11finfkifh671n&st=xpahh9n6&raw=1	spawn ffmpeg ENOENT
https://www.dropbox.com/scl/fi/jkzfky11i97lbyhbnysys/Komano-Manato-x-Lighter-final-Animationn.mp4?rlkey=c4810ql6mhsi5mw8ybcg6p2ys&st=la1qofnv&raw=1	spawn ffmpeg ENOENT
https://cdn-videos.lpsg.com/data/video/58163/58163541-ee76aa100cc3b88c37fac5d05fd38f62.m4v	spawn ffmpeg ENOENT
https://cdn-videos.lpsg.com/data/video/58163/58163581-936f278497dbf6019c76e332d6af012d.mp4	spawn ffmpeg ENOENT
https://cdn-videos.lpsg.com/data/video/58163/58163611-7e422bf805b26b595b6d1e5cf9c42abd.m4v	spawn ffmpeg ENOENT
https://cdn-videos.lpsg.com/data/video/58163/58163631-0453433b053f5280fb1a22e129cd4721.m4v	spawn ffmpeg ENOENT
https://cdn-videos.lpsg.com/data/video/58163/58163691-5153675e3efb0326c64c8b861708537f.m4v	spawn ffmpeg ENOENT
https://cdn-videos.lpsg.com/data/video/70888/70888491-62b2ea3868d511b27ab51bd537d8b82b.m4v	spawn ffmpeg ENOENT
https://cdn-videos.lpsg.com/data/video/70888/70888531-8cccbaeee8c1d29a36bfc0783b9660c0.m4v	spawn ffmpeg ENOENT
https://cdn-videos.lpsg.com/data/video/70888/70888451-5d8b023b5b372419b4a41e3aed81de07.m4v	spawn ffmpeg ENOENT
https://cdn-videos.lpsg.com/data/video/134381/134381751-8c484f8c4c5d820ef55a871e78f1a771.m4v	spawn ffmpeg ENOENT
https://cdn-videos.lpsg.com/data/video/116001/116001121-596c340019510cc540035349f09be684.m4v	spawn ffmpeg ENOENT
https://cdn-videos.lpsg.com/data/video/116001/116001431-8f5b81f8381868d9b4e42b7ae3e4f3b3.m4v	spawn ffmpeg ENOENT
https://cdn-videos.lpsg.com/data/video/134383/134383291-5f13c0158bf13795eb6215c726e5adc8.m4v	spawn ffmpeg ENOENT
https://cdn-videos.lpsg.com/data/video/134383/134383311-8931a00a6032066c740f22bb1dacce15.m4v	spawn ffmpeg ENOENT
https://cdn-videos.lpsg.com/data/video/134383/134383341-86d30c713b05ecb92bf9c7103c13f62e.m4v	spawn ffmpeg ENOENT
https://cdn-videos.lpsg.com/data/video/134383/134383351-a181e4fbd72bcfe1be6e8cc249e94d42.m4v	spawn ffmpeg ENOENT
https://cdn-videos.lpsg.com/data/video/135860/135860291-00ef42f3b09be52271c8cda7a9849501.m4v	spawn ffmpeg ENOENT
https://cdn-videos.lpsg.com/data/lsvideo/videos/2021/03/32224131_01VIDEOLON_6534e68e03316d0ee5502849e574c7c1.mp4	spawn ffmpeg ENOENT
https://cdn-videos.lpsg.com/data/lsvideo/videos/2021/03/32224231_PriapusofM_569ede668a6aa6488c5ae31d951e42d5.mp4	spawn ffmpeg ENOENT
https://api-cdn-us-mp4.rule34.xxx//images/2552/72016fa5615bbbafd815489f99511433.mp4?16334032	spawn ffmpeg ENOENT
https://ahri2mp4.rule34.xxx//images/4045/12366fe3caeb9c9cfddb4a97d5f04969.mp4?16213840	spawn ffmpeg ENOENT
https://ahri2mp4.rule34.xxx//images/2764/f50a71767084a5158d6b6726adf52c99.mp4?16201645	spawn ffmpeg ENOENT
https://api-cdn-us-mp4.rule34.xxx//images/2780/970548ece78219ebb4f66776a362f003.mp4?16179944	spawn ffmpeg ENOENT
https://api-cdn-us-mp4.rule34.xxx//images/812/7b22cc1c14ff918d26fa4dcfa2febdcf.mp4?16117340	spawn ffmpeg ENOENT
https://api-cdn-us-mp4.rule34.xxx//images/423/ea6bb4b0c7e2546b79b8165f7c30094a.mp4?17790164	spawn ffmpeg ENOENT
https://api-cdn-us-mp4.rule34.xxx//images/1192/4772859cf1ae281a6fe719b4391f40e5.mp4?17792616	spawn ffmpeg ENOENT
https://ahri2mp4.rule34.xxx//images/827/29c690780a9646c193bd6cecfcf0e9e8.mp4?16516129	spawn ffmpeg ENOENT
https://api-cdn-us-mp4.rule34.xxx//images/3983/40b5439bd80d7ec61fc8e2cac396ed97.mp4?16530836	spawn ffmpeg ENOENT
https://ahri2mp4.rule34.xxx//images/3342/7a15d90b7960c1feb64ed0263cb66595.mp4?16939793	spawn ffmpeg ENOENT
https://api-cdn-us-mp4.rule34.xxx//images/2516/e8ef6dcbfd3836fd87fb9ecbb7cd92fc.mp4?17292405	spawn ffmpeg ENOENT
https://ahrimp4.rule34.xxx//images/585/2d7b1476c85e598ac74d303da2af48e7.mp4?17541192	spawn ffmpeg ENOENT
https://api-cdn-us-mp4.rule34.xxx//images/4217/7333ecc0db7d8dadcdf0767cf0e4a37b.mp4?4795822	spawn ffmpeg ENOENT
https://ahrimp4.rule34.xxx//images/2418/bb0cba0d8e8127c8329ebac8a5a984c4.mp4?17079723	spawn ffmpeg ENOENT
https://api-cdn-us-mp4.rule34.xxx//images/1370/65b17716b181e3707ea8cf6b5c1d25bf.mp4?15721159	spawn ffmpeg ENOENT
https://video.bsky.app/watch/did%3Aplc%3Atdadfv3lrcwgyzygogyxne3c/bafkreihq4uc2k352xhqmyouz6gwgaagk3crv5kxmhmnzooeahtmk5xtoyi/playlist.m3u8	spawn ffmpeg ENOENT
https://video.bsky.app/watch/did%3Aplc%3Ansgnzyn244wwnk2kws7t3fij/bafkreibtgxfhpx6h2pgwsyurmehnjx75crg4667pf4raf4ups5putdddke/playlist.m3u8	spawn ffmpeg ENOENT
https://video.bsky.app/watch/did%3Aplc%3Azrtaoqif6z64cvnit7kwb2lu/bafkreiduiknmumtbtgxxfseiztewk4ihuwqh2bbj4gnzu55ymmk3tlwiae/playlist.m3u8	spawn ffmpeg ENOENT
https://video.bsky.app/watch/did%3Aplc%3Azrtaoqif6z64cvnit7kwb2lu/bafkreifv6fzir7cp64bncuuuru72zbi3tit7ei7zl3h6ctamllnm25snoa/playlist.m3u8	spawn ffmpeg ENOENT
https://video.bsky.app/watch/did%3Aplc%3Aqhjqxqu3c23xmiu6ql2fdwup/bafkreig3iqsmr6fsrxu4wh4vqcao7fmo3svtj2gbs2kb257uafudava7uy/playlist.m3u8	spawn ffmpeg ENOENT
https://video.bsky.app/watch/did%3Aplc%3A6kfwinkkbmbsjy65vq57l5nv/bafkreicrcc3muv4oaeboldw53juvxrdc7dozuoxk75fdwqph5j5e3ncmsa/playlist.m3u8	spawn ffmpeg ENOENT
https://video.bsky.app/watch/did%3Aplc%3Ae3tx2pwxsff3jxjn454b2ydp/bafkreibfrupwbpyrmw7oq3vfbtxir5ebrzljxelcttucrbhswl4qmr73me/playlist.m3u8	spawn ffmpeg ENOENT
https://video.bsky.app/watch/did%3Aplc%3Ae3tx2pwxsff3jxjn454b2ydp/bafkreifv6wp3fipbyhbzyzfed6bi2qedwdnrffkhshi473mxmnyzmajidm/playlist.m3u8	spawn ffmpeg ENOENT
https://video.bsky.app/watch/did%3Aplc%3Afptusrfporiohbaxujz7uaa5/bafkreifknu5on2ntqbexkszd26y55w7gr33jz2su6fx57kuunmeiozeswu/playlist.m3u8	spawn ffmpeg ENOENT
https://video.bsky.app/watch/did%3Aplc%3Anespa7xaeythkt4tofddsgks/bafkreihb4m5mflatzjwmdjfdgff3ttuisnmyiuqha24kwpjrnxmkz4hoba/playlist.m3u8	spawn ffmpeg ENOENT
https://video.bsky.app/watch/did%3Aplc%3A6kfwinkkbmbsjy65vq57l5nv/bafkreifuaojsrt26xi5uovirixkojod63uppkvtn2kbzalpvzwuzc2zjtu/playlist.m3u8	spawn ffmpeg ENOENT
https://video.bsky.app/watch/did%3Aplc%3A6kfwinkkbmbsjy65vq57l5nv/bafkreignm6gkqaezntr563nvjps2r5arkemdzecgcdw5inwcdo7ays6lty/playlist.m3u8	spawn ffmpeg ENOENT
https://video.bsky.app/watch/did%3Aplc%3Ajj3s5jw7pq2qsiiuejkkkxhx/bafkreib3r4haznu3tk34qv7yypom4774rolhdo36bjpmir52vyiaear6li/playlist.m3u8	spawn ffmpeg ENOENT
https://video.bsky.app/watch/did%3Aplc%3Ae3tx2pwxsff3jxjn454b2ydp/bafkreiejkkeef444hhnxy44mgoyolohr6otm2ljvbwmgzgzg3b4vsnl67q/playlist.m3u8	spawn ffmpeg ENOENT
https://video.bsky.app/watch/did%3Aplc%3Azrtaoqif6z64cvnit7kwb2lu/bafkreie2wvhma6wzgchparbedbeh4z6yxcmwcayorqrzutiq2hktqj77ku/playlist.m3u8	spawn ffmpeg ENOENT
https://video.bsky.app/watch/did%3Aplc%3Ae3tx2pwxsff3jxjn454b2ydp/bafkreidlrq4atgsnlsjl5mpitdiwnhmrkrb3jcci5xz6ywcsgoh6mw3fle/playlist.m3u8	spawn ffmpeg ENOENT
https://video.bsky.app/watch/did%3Aplc%3Aopsosud4y6zfhzjklmgprxhc/bafkreihl34svnt4rp32abu45t5bcc6tzxoljx7esh2pypa6a3xhznosaoy/playlist.m3u8	spawn ffmpeg ENOENT
https://video.bsky.app/watch/did%3Aplc%3A6kfwinkkbmbsjy65vq57l5nv/bafkreidvodpxp6oibt73xauyjw5nzl2erbi53a56bmybabaepfjldrtjlm/playlist.m3u8	spawn ffmpeg ENOENT
https://video.bsky.app/watch/did%3Aplc%3A6kfwinkkbmbsjy65vq57l5nv/bafkreiccdnmq2amilmixnt4ogo3by7gpqye3be4trt562ysbrtd27bqy2e/playlist.m3u8	spawn ffmpeg ENOENT
https://video.bsky.app/watch/did%3Aplc%3Aangnc36owtwqewmv7mrxii23/bafkreieinrvxe3aroxcnvza6uut67jr6nqsmeahcdw476dsfrxnqkuaz2i/playlist.m3u8	spawn ffmpeg ENOENT
https://video.bsky.app/watch/did%3Aplc%3Aangnc36owtwqewmv7mrxii23/bafkreicfsjqfwfwjf4cvcsupixynijlffdyryvqtmsq7mtongvkddknvpa/playlist.m3u8	spawn ffmpeg ENOENT
https://video.bsky.app/watch/did%3Aplc%3Aangnc36owtwqewmv7mrxii23/bafkreigypmbw4uxror4t3i4zczzusnn66mjiqd7k5dajrtmmofazigo76i/playlist.m3u8	spawn ffmpeg ENOENT
https://video.bsky.app/watch/did%3Aplc%3Aangnc36owtwqewmv7mrxii23/bafkreibarzcyfvdfqolbc7k7ytspfudiqn6qyb2irh62anft2a23w6oi2m/playlist.m3u8	spawn ffmpeg ENOENT
https://video.bsky.app/watch/did%3Aplc%3Ae3tx2pwxsff3jxjn454b2ydp/bafkreihmd76dmewrgo5q6zlaxxuza7rf5cvyt2maddl4rdufiqfq6x3opu/playlist.m3u8	spawn ffmpeg ENOENT
https://video.bsky.app/watch/did%3Aplc%3Afptusrfporiohbaxujz7uaa5/bafkreigsasv6rk45lzj6l4y2u7r35jqe7rwi6lsjmnctolx7syxq2aow7e/playlist.m3u8	spawn ffmpeg ENOENT
https://video.bsky.app/watch/did%3Aplc%3Ae3tx2pwxsff3jxjn454b2ydp/bafkreifi4f6ixdmhsuy6uxziaeeby4fdnynpu4r4iygim57s3qq7pe5dwq/playlist.m3u8	spawn ffmpeg ENOENT
https://video.bsky.app/watch/did%3Aplc%3Ae3tx2pwxsff3jxjn454b2ydp/bafkreig7dqyoanvbdrbu6rv35aofiitrc5h6qb4wcsgaxgrzkjo3f7aakq/playlist.m3u8	spawn ffmpeg ENOENT
https://video.bsky.app/watch/did%3Aplc%3Aangnc36owtwqewmv7mrxii23/bafkreigxbld53tnz52msalr67rj62ohkfsdnnwbhsaw2w2va3ckfz4izb4/playlist.m3u8	spawn ffmpeg ENOENT
https://video.bsky.app/watch/did%3Aplc%3Arduwirzagwjaiy7xuiclcdp2/bafkreigbo4gv4q5haqlsb45vult2jwsy4yfumufn3qrkkbq7y2hcyp32q4/playlist.m3u8	spawn ffmpeg ENOENT
https://video.bsky.app/watch/did%3Aplc%3Ae3tx2pwxsff3jxjn454b2ydp/bafkreifzk2x3wd76vcecbxqjlw3llwsaj6yin7iqjbzadtiq2i7zyrp64e/playlist.m3u8	spawn ffmpeg ENOENT
https://video.bsky.app/watch/did%3Aplc%3Ah6vwzkenucrou5j2rdl4lfzx/bafkreigskfliadfw3tmzhrtmsjhlmitdhnskfhrnkxmdeell3w5xcbwkpi/playlist.m3u8	spawn ffmpeg ENOENT
https://video.bsky.app/watch/did%3Aplc%3Ae3tx2pwxsff3jxjn454b2ydp/bafkreibhkqormigr2canl3gm4lusxqm5emk2t7z34y24nfz3ba2azfsmce/playlist.m3u8	spawn ffmpeg ENOENT
https://video.bsky.app/watch/did%3Aplc%3Ae3tx2pwxsff3jxjn454b2ydp/bafkreidhdbytb25qqdexrcdig43o4ms7xgxltja354pwlooltpi5yr2esa/playlist.m3u8	spawn ffmpeg ENOENT
https://video.bsky.app/watch/did%3Aplc%3Au65uzmn2e2muenzhtpea5c7u/bafkreie3gjqyiuhhjf577q7gkv755unwgeqf2jfw6ioo5ufarj43tre5zy/playlist.m3u8	spawn ffmpeg ENOENT
https://video.bsky.app/watch/did%3Aplc%3Azrtaoqif6z64cvnit7kwb2lu/bafkreidlcld7dep4buvbyfuqbk5hzk5jsxkrgekkzby7xym57kdcvltuhi/playlist.m3u8	spawn ffmpeg ENOENT
https://video.bsky.app/watch/did%3Aplc%3Atnzbqoqyypjdu3o6vag7cwis/bafkreigq756e7lkrz5mpqsblghrejtngn3aybaxigckdgqskkaevsc3vtm/playlist.m3u8	spawn ffmpeg ENOENT
https://video.bsky.app/watch/did%3Aplc%3Aqhjqxqu3c23xmiu6ql2fdwup/bafkreicxyznxmcpwwrsn6djabkvpjp7dxlxqhxcrcumpjjjdraxl5lblt4/playlist.m3u8	spawn ffmpeg ENOENT
https://video.bsky.app/watch/did%3Aplc%3A24ab42rc54dq2kpgvirp7mai/bafkreifsncsi3n3ezor7xietpiblixhroyplsp66e2uisvdstbyda5juwy/playlist.m3u8	spawn ffmpeg ENOENT
https://video.bsky.app/watch/did%3Aplc%3A24ab42rc54dq2kpgvirp7mai/bafkreid64o5gdykyqiju7cjtbcvofa7k2u4uf6jhrkc4dsyuh2rctx4gxa/playlist.m3u8	spawn ffmpeg ENOENT
https://video.bsky.app/watch/did%3Aplc%3Ae3tx2pwxsff3jxjn454b2ydp/bafkreidxv7nwppafccvvithzj3pdbhfth4zbn6n2yoj3uimp7k2fycogre/playlist.m3u8	spawn ffmpeg ENOENT
https://video.bsky.app/watch/did%3Aplc%3Ae3tx2pwxsff3jxjn454b2ydp/bafkreicvabu57xiozep7dxpdgyvwfev4g6rlwu3k3ytl5zi53jngvdgkxq/playlist.m3u8	spawn ffmpeg ENOENT
https://video.bsky.app/watch/did%3Aplc%3Ae3tx2pwxsff3jxjn454b2ydp/bafkreih7vfk2ahopn4kzwimuttcctjr4geyn2sfzlm7he6blyc2aooiil4/playlist.m3u8	spawn ffmpeg ENOENT
https://video.bsky.app/watch/did%3Aplc%3Aangnc36owtwqewmv7mrxii23/bafkreighq7oy3fdk6nyuf7iorr42duxknoolsq3e4xvnreaw6mifagxi54/playlist.m3u8	spawn ffmpeg ENOENT
https://video.bsky.app/watch/did%3Aplc%3Aangnc36owtwqewmv7mrxii23/bafkreiezspcqyivxxshqrfwitiypcfxdmhgldn4czdzdqcmlayqpahxlxy/playlist.m3u8	spawn ffmpeg ENOENT
https://video.bsky.app/watch/did%3Aplc%3Aangnc36owtwqewmv7mrxii23/bafkreia2a3pxutnmd4cyeqkftxmsixmojtbb6a7ffgryerjiuoiru3eiuq/playlist.m3u8	spawn ffmpeg ENOENT
https://video.bsky.app/watch/did%3Aplc%3Aangnc36owtwqewmv7mrxii23/bafkreiapa5jovm4hqraimzvrfiuf77isiwapymmm2mv5ad5ocv63i4w2ey/playlist.m3u8	spawn ffmpeg ENOENT
https://video.bsky.app/watch/did%3Aplc%3Aqhjqxqu3c23xmiu6ql2fdwup/bafkreiha3rfotcli7rw3k6m6wcaec6b3j3x52ldakzsxjcz5kqgrp5ljme/playlist.m3u8	spawn ffmpeg ENOENT
https://video.bsky.app/watch/did%3Aplc%3Ae3tx2pwxsff3jxjn454b2ydp/bafkreie756ypsic7bltausvldkpqd5emjeldxoxxy5jip33nx3g7suiacy/playlist.m3u8	spawn ffmpeg ENOENT
https://video.bsky.app/watch/did%3Aplc%3Ae3tx2pwxsff3jxjn454b2ydp/bafkreia3dbmad4462hplxbkkd6uxoyzsoxihnen3weyhnq43blssp25emq/playlist.m3u8	spawn ffmpeg ENOENT
https://video.bsky.app/watch/did%3Aplc%3Azrtaoqif6z64cvnit7kwb2lu/bafkreiht53axkzndttd64rjwe36mwmrjc7pe4j5nlnloshgfkq7anqpmz4/playlist.m3u8	spawn ffmpeg ENOENT
https://video.bsky.app/watch/did%3Aplc%3Ae3tx2pwxsff3jxjn454b2ydp/bafkreieddh5vdp3lkknigyjuhdydyv4ewjubctzfvcypli5em6zuu5pbxe/playlist.m3u8	spawn ffmpeg ENOENT
https://video.bsky.app/watch/did%3Aplc%3Awq34gbdxywmesdsalrjr2jfn/bafkreieshtvxv5njofisbhlqfhmhphxvp5v6yxrqe6orlphvpi7naaxv5a/playlist.m3u8	spawn ffmpeg ENOENT
https://video.bsky.app/watch/did%3Aplc%3Awq34gbdxywmesdsalrjr2jfn/bafkreigfu7b5xehmtgwv4ly6y3cedhcqqi2cf5ji5t4nm7aakl6jrhcqk4/playlist.m3u8	spawn ffmpeg ENOENT
https://video.bsky.app/watch/did%3Aplc%3Aasik37x5kc423zt34ypnomwo/bafkreifoggc4tipblpfmufwavzdcdopui4k6xiumk523mg2fdjl7dcek34/playlist.m3u8	spawn ffmpeg ENOENT
https://video.bsky.app/watch/did%3Aplc%3Ae3tx2pwxsff3jxjn454b2ydp/bafkreihoww4zjsnoquxudm72uyx6xoskohk746vfw5dpx7y53rts5glapi/playlist.m3u8	spawn ffmpeg ENOENT
https://video.bsky.app/watch/did%3Aplc%3Aangnc36owtwqewmv7mrxii23/bafkreieqda6hhxx6kcbfjkewdpmhlangvmp52a4a6oxowgcni2lufejbvi/playlist.m3u8	spawn ffmpeg ENOENT
https://video.bsky.app/watch/did%3Aplc%3A6romhohspfevjglnkgg2lutd/bafkreihw4p7lnggbrfrwgsyuqpmtf4cbyddls67wggyjibzyioe2n44z2a/playlist.m3u8	spawn ffmpeg ENOENT
https://video.bsky.app/watch/did%3Aplc%3Ae3tx2pwxsff3jxjn454b2ydp/bafkreiauvb44sxsglticyu362pqffrjbrli2bvbnvhbqn4m5h327vuziwy/playlist.m3u8	spawn ffmpeg ENOENT
https://video.bsky.app/watch/did%3Aplc%3Azqagjmx223rnvl3jtqoc3x6c/bafkreidexoomgvq4rny2q7q3ooe3b6donsem4rwhru7f4s6jr5mwwla3aa/playlist.m3u8	spawn ffmpeg ENOENT
https://video.bsky.app/watch/did%3Aplc%3Atdadfv3lrcwgyzygogyxne3c/bafkreid2ujv4wxpa7o737lzbf5lirk26iv7daagb2t7qgdx2rbhbclil7e/playlist.m3u8	spawn ffmpeg ENOENT
https://video.bsky.app/watch/did%3Aplc%3Aqhjqxqu3c23xmiu6ql2fdwup/bafkreigh4edfhjup5fiwqoiytk5ionf4rekt6avcdfgxn636fopqavcgxm/playlist.m3u8	spawn ffmpeg ENOENT
https://video.bsky.app/watch/did%3Aplc%3Ayuhljr76a2rrlg26irijiuko/bafkreib3x66t6q5qcvmkk5zhccq3jczqijjinzpmx4ys5wddatiykdak2u/playlist.m3u8	spawn ffmpeg ENOENT
https://video.bsky.app/watch/did%3Aplc%3Aopsosud4y6zfhzjklmgprxhc/bafkreidqzc3bvgjsvdrqp6f2fkjpjudsc73opmw5zce2zesbvutp3py32m/playlist.m3u8	spawn ffmpeg ENOENT
https://video.bsky.app/watch/did%3Aplc%3Aopsosud4y6zfhzjklmgprxhc/bafkreidtckxhhjs5i3cq5r3woyktwwmp76ip2ippljslpm5gdho74zjhgy/playlist.m3u8	spawn ffmpeg ENOENT
https://video.bsky.app/watch/did%3Aplc%3Ae3tx2pwxsff3jxjn454b2ydp/bafkreib5ybabuox4usvzclm74qwiqffs2jrltzp4bxv6anu4dd33jtoflu/playlist.m3u8	spawn ffmpeg ENOENT
https://video.bsky.app/watch/did%3Aplc%3A652azayzoyg4p5y2kw3h6ke6/bafkreie6lbyjjzum3d4uflzged32b3vso4kxyapgovu7e7peh52jipfelu/playlist.m3u8	spawn ffmpeg ENOENT
https://video.bsky.app/watch/did%3Aplc%3Ae3tx2pwxsff3jxjn454b2ydp/bafkreidfcjw7pw6nvtxrm53wv7rh352yjcor7jcmsqyli2p5vvvhhfqyw4/playlist.m3u8	spawn ffmpeg ENOENT
https://video.bsky.app/watch/did%3Aplc%3Axlj5ydv7zuhbntczyyymf2dj/bafkreigbgw2rddrw6qssefm5fglnpznsmzi3ldix2gqxlwux3n33ixa5g4/playlist.m3u8	spawn ffmpeg ENOENT
https://video.bsky.app/watch/did%3Aplc%3Axlj5ydv7zuhbntczyyymf2dj/bafkreibe3f3ewdinh5s7mrzdc2efhxe7x2sz3yprxza6eojdgpwx5frsfq/playlist.m3u8	spawn ffmpeg ENOENT
https://video.bsky.app/watch/did%3Aplc%3Axvbw6jjafdj2qrlquyde47i3/bafkreieq6sgkgbyvfmw23mmxfgcb4sord6qpblwhasonvibmti37t7bjdy/playlist.m3u8	spawn ffmpeg ENOENT
https://video.bsky.app/watch/did%3Aplc%3Am2tdi3uw556fvhupbtog2rlt/bafkreibn2utcmtigqwxpoynhredhcz5tscw6qy4qdpfdez6a7ygcek2ici/playlist.m3u8	spawn ffmpeg ENOENT
https://video.bsky.app/watch/did%3Aplc%3Apz33cfmuhee3m2axwihj7j6b/bafkreico4xe3je4bzzmb433wgl23d2pz6vaoznfy3txd5rcxfse2ggf7j4/playlist.m3u8	spawn ffmpeg ENOENT
https://video.bsky.app/watch/did%3Aplc%3Ayuhljr76a2rrlg26irijiuko/bafkreigsdbajyzau52xvng4bbwzs7zldtl3266g5iwsvqsfzynbep6aqju/playlist.m3u8	spawn ffmpeg ENOENT
https://video.bsky.app/watch/did%3Aplc%3Axtzvvhejbzbqevga323ud4ue/bafkreigijy4v5fbbb4o6pdf7msypjyl4hts4t44lsrhsumwwwj5gveryhy/playlist.m3u8	spawn ffmpeg ENOENT
https://video.bsky.app/watch/did%3Aplc%3Ae3tx2pwxsff3jxjn454b2ydp/bafkreiat7y7o6ldm52eeji26bpqbynvez2hfcy5wt2pd364auran45k7qq/playlist.m3u8	spawn ffmpeg ENOENT
https://video.bsky.app/watch/did%3Aplc%3Arf2fyf6kiuspmux5aetprfjr/bafkreibepnrsxsggnrbtrejfwk34iudbtmeythldl2nsa7drel4bawsclu/playlist.m3u8	spawn ffmpeg ENOENT
https://video.bsky.app/watch/did%3Aplc%3Ahqvhdzsqmvkyxqcqgdhlzows/bafkreihczwatfhifbdtoqc3iejcq7c4yt32jhw54iqhrryt4at2klxu5c4/playlist.m3u8	spawn ffmpeg ENOENT
https://video.bsky.app/watch/did%3Aplc%3Ar5n4o5sbgnlsyhpm4sy4la7w/bafkreif7zmiw75n2jh2nsg7j4behvrm4p5r36jg6imge6jpqu4bllo5eyi/playlist.m3u8	spawn ffmpeg ENOENT
https://video.bsky.app/watch/did%3Aplc%3Afegx2x2z4eugeniwizbil5kg/bafkreibqq32yv6uzwrqzsbnt6vheclcbx3hbuj5yz3et3wpr24ww7t62f4/playlist.m3u8	spawn ffmpeg ENOENT
https://video.bsky.app/watch/did%3Aplc%3Ae3tx2pwxsff3jxjn454b2ydp/bafkreigjjsir2ku6ewrq5amoydahoked4e4gznhvxupldenc4rrytupxze/playlist.m3u8	spawn ffmpeg ENOENT
https://video.bsky.app/watch/did%3Aplc%3Avog4jwokhw3ieahccoqqoef5/bafkreiersr5hnje767i4fftbjpffhpgq4hodykcgzgmuf4bxuuwnf3gaom/playlist.m3u8	spawn ffmpeg ENOENT
https://video.bsky.app/watch/did%3Aplc%3Akvnq5mzfavorugfo732a5plx/bafkreifar7veaodyuzs7ywtaisrwzdcxxgmcjn53s375x4q6cm45mlxjqu/playlist.m3u8	spawn ffmpeg ENOENT
https://video.bsky.app/watch/did%3Aplc%3Asneebcxllfajc243ijuhihb5/bafkreifo6olzoa2o777orxoh3jeqv55mcqavyw67tkv42tzj7kaajl3x5a/playlist.m3u8	spawn ffmpeg ENOENT
https://video.bsky.app/watch/did%3Aplc%3Akvnq5mzfavorugfo732a5plx/bafkreiheqt667fdwuwrrebv5l2oudc63ffwsenqyklxxyjvlsg7gnqdk4e/playlist.m3u8	spawn ffmpeg ENOENT
https://video.bsky.app/watch/did%3Aplc%3Akl26rppqdj33la5ucwv25s3q/bafkreids2xsxjlghjvqybe5hihvu6jpgxdnvfed4k4fgv7fffgwffj6pgy/playlist.m3u8	spawn ffmpeg ENOENT
https://video.bsky.app/watch/did%3Aplc%3Asneebcxllfajc243ijuhihb5/bafkreieabu7swto6653jyeurbzh3ijlb2sjdovbjyujxrnuuq3ppw6wk2i/playlist.m3u8	spawn ffmpeg ENOENT
https://video.bsky.app/watch/did%3Aplc%3Aftumpcncn4mk2peclkudx7do/bafkreicyf5bv4fhgh3smkjzdxqk3ogv4ruxr3qrlqknwonjeqdn2u3t7ne/playlist.m3u8	spawn ffmpeg ENOENT
https://video.bsky.app/watch/did%3Aplc%3A2myzmhifokgtmk3tazbqs6gy/bafkreidsu7rouevqj7bygzo4fl6nv2fl2fxomaos3cvk4w5gzghum4wpii/playlist.m3u8	spawn ffmpeg ENOENT
https://video.bsky.app/watch/did%3Aplc%3Akl26rppqdj33la5ucwv25s3q/bafkreibdg2licc7ew2lsmmqvv7uliiu5drhqlywvw4oyyjrzmnusnltgqm/playlist.m3u8	spawn ffmpeg ENOENT
https://video.bsky.app/watch/did%3Aplc%3Akvnq5mzfavorugfo732a5plx/bafkreib64ty25tg5rdv5eymrwf43ibklrjrkdudcogpgj5vqf4nht6o2mq/playlist.m3u8	spawn ffmpeg ENOENT
https://video.bsky.app/watch/did%3Aplc%3Ayqrpt22eivnu4zhsfutadgx6/bafkreib6onzl3isk6rhwqdmln3vk7vka3rmp2fsja34lvwtoijjpbeq4pu/playlist.m3u8	spawn ffmpeg ENOENT
https://video.bsky.app/watch/did%3Aplc%3A2aebqfriku2mebym6l7sn35z/bafkreifxgw2lid42t62iitnh5htd5jx4e563wdznv2j67nytmiztuin4ky/playlist.m3u8	spawn ffmpeg ENOENT
https://video.bsky.app/watch/did%3Aplc%3A2aebqfriku2mebym6l7sn35z/bafkreiehgq4tgfosi7gwpnbbocy7lgd5ryvkju6dnjqifjd2t35ijajpbm/playlist.m3u8	spawn ffmpeg ENOENT
https://video.bsky.app/watch/did%3Aplc%3A2aebqfriku2mebym6l7sn35z/bafkreia6kb22nkmhdqcxrapy5aiwvpsqhhkb4fewdq5uv4.giffowajhve/playlist.m3u8	spawn ffmpeg ENOENT
https://video.bsky.app/watch/did%3Aplc%3Awq34gbdxywmesdsalrjr2jfn/bafkreigtxitjwd6xfxzedti6ocxfkgrv2h5b7wsxszhxauthlwocalwkhq/playlist.m3u8	spawn ffmpeg ENOENT
https://video.bsky.app/watch/did%3Aplc%3Azit4lck5ytdt4oafn6wwml7y/bafkreihcs44thteaozpjggs2eo2cxjisnb5x2xprwwwzdmmndy5tfyzzeq/playlist.m3u8	spawn ffmpeg ENOENT
https://video.bsky.app/watch/did%3Aplc%3Axtzvvhejbzbqevga323ud4ue/bafkreibfcesxqyrkiljhwg5hbgxiqlp4rdd2pnl3etqucmdbkz2uo4f3y4/playlist.m3u8	spawn ffmpeg ENOENT
https://video.bsky.app/watch/did%3Aplc%3Axtzvvhejbzbqevga323ud4ue/bafkreieezt4oul6hflrjppb3hg3y2k7xp5mp6zkxsqx5pnzej47syi2dcm/playlist.m3u8	spawn ffmpeg ENOENT
https://video.bsky.app/watch/did%3Aplc%3Aopsosud4y6zfhzjklmgprxhc/bafkreicyae43etl5tln4bc35e6gfyxr52magl6izkrwgirbui675stfmpm/playlist.m3u8	spawn ffmpeg ENOENT
https://video.bsky.app/watch/did%3Aplc%3Aopsosud4y6zfhzjklmgprxhc/bafkreiaecoastyo6falx4hu4jd3ibjkhn6rkoa5avek6q722zeorqax6ry/playlist.m3u8	spawn ffmpeg ENOENT
https://video.bsky.app/watch/did%3Aplc%3Aopsosud4y6zfhzjklmgprxhc/bafkreia2ciclsnssxu2uwvnm66owruy2yxclnmerfpyqqxxfbcq7iy246u/playlist.m3u8	spawn ffmpeg ENOENT
https://video.bsky.app/watch/did%3Aplc%3Aopsosud4y6zfhzjklmgprxhc/bafkreih6oxtbhf5elsu6zllmzetmvjtg3vjwbk7cmsto6zr2gimvebeahq/playlist.m3u8	spawn ffmpeg ENOENT
https://video.bsky.app/watch/did%3Aplc%3Axtzvvhejbzbqevga323ud4ue/bafkreiftxz6csqs2pqb2xbwvvochayvf5utohcejttoml6bntgiyrruj6q/playlist.m3u8	spawn ffmpeg ENOENT
https://video.bsky.app/watch/did%3Aplc%3Axtzvvhejbzbqevga323ud4ue/bafkreic5sngpfo7omaqy3rbk76wd7nugauzvqy5az4dgh5sw5eciryo45i/playlist.m3u8	spawn ffmpeg ENOENT
https://video.bsky.app/watch/did%3Aplc%3A42h27vsopzyf2qx3win3ngzx/bafkreibmynpkqclkpobbo3m6bscu4re5b5jwxa5n3kero3kcldqqjudj3a/playlist.m3u8	spawn ffmpeg ENOENT
https://video.bsky.app/watch/did%3Aplc%3Apfpbxrztimc347pg6fn5pkdt/bafkreidkcipbmacynm57ts2oq6cjuzis42tcte6keswjur4ifcscv7chty/playlist.m3u8	spawn ffmpeg ENOENT
https://video.bsky.app/watch/did%3Aplc%3Akvnq5mzfavorugfo732a5plx/bafkreifzd35cqmewbatpeqjf44nagnz3ljnkgrb7oomzxxvr5q6asmkmnq/playlist.m3u8	spawn ffmpeg ENOENT
https://video.bsky.app/watch/did%3Aplc%3Afcovlnvds7lo7msj7x4cynto/bafkreih3zrxvygpa7jprkiuornw4d6vxvqwmslfhw5ftxsk2qf7seysvpi/playlist.m3u8	spawn ffmpeg ENOENT
https://video.bsky.app/watch/did%3Aplc%3Ajr3nz47a6akjsmin2fnzovhd/bafkreifnbubp262hdhku2w7syxrjjopfyy5kfdvysvopqfh7autq6edqta/playlist.m3u8	spawn ffmpeg ENOENT
https://video.bsky.app/watch/did%3Aplc%3A4wejpgdzro5rywiwgh7j7m6z/bafkreieigi6tb3wq44nzyfzi22hwsczxygimwkfgja2yckrqlk4gdyvpku/playlist.m3u8	spawn ffmpeg ENOENT
https://video.bsky.app/watch/did%3Aplc%3Aqhjqxqu3c23xmiu6ql2fdwup/bafkreibal6f3hjwg3wvwbtkuzrlo6v2d5pf5tzmbmyh7u4entp2phb4zha/playlist.m3u8	spawn ffmpeg ENOENT
https://video.bsky.app/watch/did%3Aplc%3Aqhjqxqu3c23xmiu6ql2fdwup/bafkreibgkew2txlrveeqvkzlotp3wwyy6mroymaxfq5gg75evaqzor52ra/playlist.m3u8	spawn ffmpeg ENOENT
https://video.bsky.app/watch/did%3Aplc%3Ae3tx2pwxsff3jxjn454b2ydp/bafkreiahxmf5o7rk5nomih56tgkicrrdbvxym7br2orcux7wvdufndvwvq/playlist.m3u8	spawn ffmpeg ENOENT
https://video.bsky.app/watch/did%3Aplc%3Ae3tx2pwxsff3jxjn454b2ydp/bafkreidgdbvo6vajvk26dbjns6cwv6dk3ks2pw22tetosolhrr5fnepe3e/playlist.m3u8	spawn ffmpeg ENOENT
https://video.bsky.app/watch/did%3Aplc%3Absjeh3d6wu6skhwwmiikkrbk/bafkreiayx72k36guekah5k3t3wcazxbxm3wblwihdxjgygcooj7bc56iym/playlist.m3u8	spawn ffmpeg ENOENT
https://video.bsky.app/watch/did%3Aplc%3Anespa7xaeythkt4tofddsgks/bafkreiacy22xwcmw3qsmkul23co5uemb7n4dutajpdo7fgz4m4xl4rnpri/playlist.m3u8	spawn ffmpeg ENOENT
https://video.bsky.app/watch/did%3Aplc%3Aopsosud4y6zfhzjklmgprxhc/bafkreiaznfv6olxjh4u6mxotbtn3lqydnesh7hbuv54dijttsqxsycrasi/playlist.m3u8	spawn ffmpeg ENOENT
https://video.bsky.app/watch/did%3Aplc%3Ari2fke3iq7u6dmyaumlu3nts/bafkreiahpemt6dpkesyuzhv3vslphmpkczkj2ynehg7ivrvcuwsbaocfbu/playlist.m3u8	spawn ffmpeg ENOENT
https://video.bsky.app/watch/did%3Aplc%3Auvefipphiczr7fsfvidkvwjv/bafkreifcsvhaf4t6rltflj2iao2z5s3bvv4ngw2fzg2ie3mppr54okm2dm/playlist.m3u8	spawn ffmpeg ENOENT
https://video.bsky.app/watch/did%3Aplc%3Au2dhmjz7646c665jvzrl4znw/bafkreidwoowbunhgprcraof6wkiyuenjnpbxbn6j62mxvod5ttbmeziciu/playlist.m3u8	spawn ffmpeg ENOENT
https://video.bsky.app/watch/did%3Aplc%3Atdadfv3lrcwgyzygogyxne3c/bafkreig75klkkl2ru2ucw2edew6oa4k4obutp6khl4unwvwdq5mu3nohuy/playlist.m3u8	spawn ffmpeg ENOENT
https://video.bsky.app/watch/did%3Aplc%3Aopsosud4y6zfhzjklmgprxhc/bafkreiefmz5p4aba67m5fvbvmsajpxx4ntivcdggr65tuzhs3eouv3y6ky/playlist.m3u8	spawn ffmpeg ENOENT
https://video.bsky.app/watch/did%3Aplc%3Afptusrfporiohbaxujz7uaa5/bafkreibobliop3tygifeufrk3c2fizb5mkduu6d2af3pvnygd4ih2tlnf4/playlist.m3u8	spawn ffmpeg ENOENT
https://video.bsky.app/watch/did%3Aplc%3Ae3tx2pwxsff3jxjn454b2ydp/bafkreiampmw5zkixigrnjlbfhm7tvjbobzcgziga6z4cqbkq2uocgn3xeu/playlist.m3u8	spawn ffmpeg ENOENT
https://video.bsky.app/watch/did%3Aplc%3Arzm7br4ynxey5sbynxbi4tzu/bafkreigm3rcayyvks4634b4onab6adns5336ogltkqg6uywzrznqwzrbyi/playlist.m3u8	spawn ffmpeg ENOENT
https://video.bsky.app/watch/did%3Aplc%3Arzm7br4ynxey5sbynxbi4tzu/bafkreigls22dqpgunmmyrba5hiisctgoy4rzwvu6rl2iouvwyxpvuhdr3e/playlist.m3u8	spawn ffmpeg ENOENT
https://video.bsky.app/watch/did%3Aplc%3Av3pnwoonthpfzaxb2ka6e6pm/bafkreiasagukh5fq4fz5744o7ecprci4nnmh7vylrstbaiftakgui4ytpu/playlist.m3u8	spawn ffmpeg ENOENT
https://video.bsky.app/watch/did%3Aplc%3Ae3tx2pwxsff3jxjn454b2ydp/bafkreigjsdy5q2y6ii4nufgovutwr5ui3indvfrymy26jjrbo7a566x5ce/playlist.m3u8	spawn ffmpeg ENOENT
https://video.bsky.app/watch/did%3Aplc%3Aqhjqxqu3c23xmiu6ql2fdwup/bafkreifedxqerq6irkqz2xlfqe5l2krlmlwc2e22h5p6xpbe2e4la764l4/playlist.m3u8	spawn ffmpeg ENOENT
https://video.bsky.app/watch/did%3Aplc%3Amjq6crczv37xo34hmdho3k2s/bafkreie4ivu5ji6rlu7iey6sw2twtlaolkgf4n7encmxkcg3estic2rba4/playlist.m3u8	spawn ffmpeg ENOENT
https://video.bsky.app/watch/did%3Aplc%3Avkosbvqajt34tajnhidy6wg7/bafkreieglijsc6l66utk2f7j6e6qlqkhnisw7uiys2yoe5dpo63j6cyyhi/playlist.m3u8	spawn ffmpeg ENOENT
https://video.bsky.app/watch/did%3Aplc%3Ae3tx2pwxsff3jxjn454b2ydp/bafkreidye6tmq4nhg7cmc33xao3ggtzhwsoz2rqwscbuwr37sqfc4f2cxy/playlist.m3u8	spawn ffmpeg ENOENT
https://video.bsky.app/watch/did%3Aplc%3Aopsosud4y6zfhzjklmgprxhc/bafkreigmcekinvfxew5qwf5b57rh22dnv2rgeuijikcqwd3zbzuvcxd354/playlist.m3u8	spawn ffmpeg ENOENT
https://video.bsky.app/watch/did%3Aplc%3Aqhjqxqu3c23xmiu6ql2fdwup/bafkreidhg4jjxfiro4wavv3tovm6dx3g4e4rghbmdb4fyvvsl5yjohrlty/playlist.m3u8	spawn ffmpeg ENOENT
https://video.bsky.app/watch/did%3Aplc%3A34ck66imolbzgap55it344lm/bafkreifoc55hkq2rlf6iydlbcu5krjjetnndikcahcebcrh5hpajz3dl7a/playlist.m3u8	spawn ffmpeg ENOENT
https://video.bsky.app/watch/did%3Aplc%3Afcdjzovwjexpqysn53l4yak6/bafkreidjgx6i2t5q5vvkowukrapbbtyg6w35itoykhrn6lhy4kmtusakay/playlist.m3u8	spawn ffmpeg ENOENT
https://video.bsky.app/watch/did%3Aplc%3Aedz5uvrqan5nguww56onv2tb/bafkreigkg2bk3gdccqe365oyo75r7esnlwc4mtxsrzpjdofkjwi5yh5ozy/playlist.m3u8	spawn ffmpeg ENOENT
https://video.bsky.app/watch/did%3Aplc%3Ae3tx2pwxsff3jxjn454b2ydp/bafkreicvcdc5djgc32jlynf5svnvh3eyv5ggb24irwz3vpc2gp35773jre/playlist.m3u8	spawn ffmpeg ENOENT
https://video.bsky.app/watch/did%3Aplc%3A64aunrarwqpni5ppg4fwzqyc/bafkreiaxup2hxrcsmvoeem6535mmty2ychmugiolz7ldvbz756wm3ntlzi/playlist.m3u8	spawn ffmpeg ENOENT
https://video.bsky.app/watch/did%3Aplc%3Afzrybyd47psmsjrwarovquef/bafkreihmjcfurg7glz767gdnmuyrydajpucclzgs4rkdhq54tg7dnjixea/playlist.m3u8	spawn ffmpeg ENOENT
https://video.bsky.app/watch/did%3Aplc%3Ae3tx2pwxsff3jxjn454b2ydp/bafkreiauow7pqibb7rzcdmbst3lb556vsnaf7ysrqmvqpbrqws45z7rfra/playlist.m3u8	spawn ffmpeg ENOENT
https://video.bsky.app/watch/did%3Aplc%3A64aunrarwqpni5ppg4fwzqyc/bafkreibk3wjbctgan4dqmsqpm4onjkxfwykpqx5mgmol4uuyhnjop4c6v4/playlist.m3u8	spawn ffmpeg ENOENT
https://video.bsky.app/watch/did%3Aplc%3Azhee54kayi7n2e7bbzbk6khb/bafkreibnywbwwm4enh3ahxggn67bfymwy43c4q5zsg3chzgffwagbhlapu/playlist.m3u8	spawn ffmpeg ENOENT
https://video.bsky.app/watch/did%3Aplc%3Aqmeew2fturoorcbum4tv5gxo/bafkreidsmszhiddsddtibeixngmlzfvybauomxxpvsnyp4ura53unojume/playlist.m3u8	spawn ffmpeg ENOENT
https://video.bsky.app/watch/did%3Aplc%3Ae3tx2pwxsff3jxjn454b2ydp/bafkreib6taywj7qxejj3jghun2oo4fdi45rkt7az633aeeczdusgqskiju/playlist.m3u8	spawn ffmpeg ENOENT
https://video.bsky.app/watch/did%3Aplc%3Aqhjqxqu3c23xmiu6ql2fdwup/bafkreidjbwxygvaeopmawvvaxnklelvujxkwacbsjk4jsrv6bxvq7tkgo4/playlist.m3u8	spawn ffmpeg ENOENT
https://video.bsky.app/watch/did%3Aplc%3Arzm7br4ynxey5sbynxbi4tzu/bafkreifcdufncs7ujaw2kkhhyesj4mfvrovvlhfe2c4zzt2fty7ol4s2ny/playlist.m3u8	spawn ffmpeg ENOENT
https://video.bsky.app/watch/did%3Aplc%3Arzm7br4ynxey5sbynxbi4tzu/bafkreiblmdp7bzl52f7xfakqn5tbp6zbylfhndm5lmynbzkeaan75vg5me/playlist.m3u8	spawn ffmpeg ENOENT
https://video.bsky.app/watch/did%3Aplc%3Aopsosud4y6zfhzjklmgprxhc/bafkreih5fk3656uqooa336uktrqraejvwvbuxw4ocw7dqjhcwhdneu6jbu/playlist.m3u8	spawn ffmpeg ENOENT
https://video.bsky.app/watch/did%3Aplc%3Aqhjqxqu3c23xmiu6ql2fdwup/bafkreidvzazusz34hga2nk3ueao2rpmhpgfxilpjdrwopf3cx2u4x5kpde/playlist.m3u8	spawn ffmpeg ENOENT
https://video.bsky.app/watch/did%3Aplc%3A42h27vsopzyf2qx3win3ngzx/bafkreiezd4zewv7fhrcflfb36sf7a6rrlpofngiwp3rq2sf2dakh4mlrsy/playlist.m3u8	spawn ffmpeg ENOENT
https://video.bsky.app/watch/did%3Aplc%3Ae3tx2pwxsff3jxjn454b2ydp/bafkreia5buadsiq4xptckewqaipcktaz437agwmhvoxchvlns5s2rnfbzm/playlist.m3u8	spawn ffmpeg ENOENT
https://video.bsky.app/watch/did%3Aplc%3Ad5oxjktwybaivu6e5luzknbu/bafkreifn3azizlkg72axr26tqmofertggkd5kkh2nxhnjgu5dvixxox3aa/playlist.m3u8	spawn ffmpeg ENOENT
https://video.bsky.app/watch/did%3Aplc%3Ae3tx2pwxsff3jxjn454b2ydp/bafkreihg2pfdpxatfwmup6plbx4fvqzeq7hownzt64gndwesj63zekr3wi/playlist.m3u8	spawn ffmpeg ENOENT
https://video.bsky.app/watch/did%3Aplc%3Ae3tx2pwxsff3jxjn454b2ydp/bafkreibqyp5kcltorhsupflp6pjyrvxwki3ftmcbtg6h25zuqapq7jbuwe/playlist.m3u8	spawn ffmpeg ENOENT
https://video.bsky.app/watch/did%3Aplc%3Aqhjqxqu3c23xmiu6ql2fdwup/bafkreiasajz2imas7s4xeiiucav72u7mea5zz4karf4umczvfafgpl6i34/playlist.m3u8	spawn ffmpeg ENOENT
https://video.bsky.app/watch/did%3Aplc%3Ae3tx2pwxsff3jxjn454b2ydp/bafkreiepaeejevznf725qqlq5a5wqbofiz4ldhhioubcd4lh5tt77hc5ry/playlist.m3u8	spawn ffmpeg ENOENT
https://video.bsky.app/watch/did%3Aplc%3Ae3tx2pwxsff3jxjn454b2ydp/bafkreic6lhzsaqa2ubwmman6e34owkvjgppmb37on4pe4wnkbwi6fw6s2i/playlist.m3u8	spawn ffmpeg ENOENT
https://video.bsky.app/watch/did%3Aplc%3Afitr7dzgkwrtrdhgfrxdzkza/bafkreifhjloqdvcxmiovrdtnwyea7u3c7ww7ain4dnackmslr5ogp5yzxa/playlist.m3u8	spawn ffmpeg ENOENT
https://video.bsky.app/watch/did%3Aplc%3Ad3be2fe2j3r6ebwbpokeqdis/bafkreigjtprcegifemnxh2qe5y3yfvm2aglov4tiivmw422z2yftzk3v7y/playlist.m3u8	spawn ffmpeg ENOENT
https://video.bsky.app/watch/did%3Aplc%3Azrtaoqif6z64cvnit7kwb2lu/bafkreibixxwcnf7bmoryjrkcnx2qvcfaxwtmcq2kwio54mdo3tcqlsemgm/playlist.m3u8	spawn ffmpeg ENOENT
https://video.bsky.app/watch/did%3Aplc%3Aqhjqxqu3c23xmiu6ql2fdwup/bafkreiargsaxfusbfzmxuw65oidpokotxvplqiydmvzqcjayf6wpastlji/playlist.m3u8	spawn ffmpeg ENOENT
https://video.bsky.app/watch/did%3Aplc%3Ae3tx2pwxsff3jxjn454b2ydp/bafkreihxxdo3bgfuhctemicfugbwbpqobugz7chzxinrumhrtlfwh4pbie/playlist.m3u8	spawn ffmpeg ENOENT
https://video.bsky.app/watch/did%3Aplc%3Ae3tx2pwxsff3jxjn454b2ydp/bafkreihbkbr7czmmjhxmhtjccdv3h43b4cwsktbxohaxv26uyzc7rp4xki/playlist.m3u8	spawn ffmpeg ENOENT
https://video.bsky.app/watch/did%3Aplc%3A52wq6yciwxh3p6tytoq34s7k/bafkreifwbclyqnjwptu6yju3yfd55be2i6pot2m623rjytrfvukqb3qhmu/playlist.m3u8	spawn ffmpeg ENOENT
https://video.bsky.app/watch/did%3Aplc%3Avkosbvqajt34tajnhidy6wg7/bafkreiayczz27rc67ib4uc2hd2vdgmz7zkx3hwmkvyx6bxoazncyeberzi/playlist.m3u8	spawn ffmpeg ENOENT
https://video.bsky.app/watch/did%3Aplc%3Ae3tx2pwxsff3jxjn454b2ydp/bafkreianep33bbjw5dpbrb53mc65byxezzmzrgpel3pgvadw5amsnfrw5m/playlist.m3u8	spawn ffmpeg ENOENT
https://video.bsky.app/watch/did%3Aplc%3Ae3tx2pwxsff3jxjn454b2ydp/bafkreicmctnlcasgwgnf5rysssqvtxirzo3oemrko4fntkcnl6opf5qg3e/playlist.m3u8	spawn ffmpeg ENOENT
https://video.bsky.app/watch/did%3Aplc%3Ajj3s5jw7pq2qsiiuejkkkxhx/bafkreifasktu2whf3ofbfrfigeydtg3tgkgkulton5aq6emndaz6pnvnoa/playlist.m3u8	spawn ffmpeg ENOENT
https://video.bsky.app/watch/did%3Aplc%3Aqhjqxqu3c23xmiu6ql2fdwup/bafkreiaayb3wmrspvba6kvudn7aodzktfrgtffj6h27i2boturnvp63jly/playlist.m3u8	spawn ffmpeg ENOENT
https://video.bsky.app/watch/did%3Aplc%3Aopsosud4y6zfhzjklmgprxhc/bafkreiec2jfnf4zr7jvw357bfob25d7eavoecxkl6kqnu5wkkdgzqayqaq/playlist.m3u8	spawn ffmpeg ENOENT
https://video.bsky.app/watch/did%3Aplc%3Aopsosud4y6zfhzjklmgprxhc/bafkreigpfgdlgbfmirakejilurcfzwzpkdw7wiubzyrcsvxmqitir334l4/playlist.m3u8	spawn ffmpeg ENOENT
https://video.bsky.app/watch/did%3Aplc%3A4gf5llrnw2ka2wl2fasqdhtb/bafkreidzwg7bfdpvzvdbzjnuxp47fghl65se5n54m4nzkkz3l6hc2ztp5y/playlist.m3u8	spawn ffmpeg ENOENT
https://video.bsky.app/watch/did%3Aplc%3A6zbua5etmugsl77w7eyjxaln/bafkreia27rdhilryd2ta26d3sdukp7ytboq5kz4wfzbgdopjkjwyhetliy/playlist.m3u8	spawn ffmpeg ENOENT
https://video.bsky.app/watch/did%3Aplc%3Agydsioistxd5p3a5bdydko5n/bafkreihlfodleqctuktvhlr3edr26xn6athapq6rtryvqullojzutuk4fq/playlist.m3u8	spawn ffmpeg ENOENT
https://video.bsky.app/watch/did%3Aplc%3A6kfwinkkbmbsjy65vq57l5nv/bafkreibmanjyizxgj7zddebltj7aeasv63vljgaka5yyezqqzmxyybuw3i/playlist.m3u8	spawn ffmpeg ENOENT
https://video.bsky.app/watch/did%3Aplc%3A6kfwinkkbmbsjy65vq57l5nv/bafkreidympancn6gdry4vkxr4ngr6jlb5yzhi2cluneyjgdwuniflomjhe/playlist.m3u8	spawn ffmpeg ENOENT
https://video.bsky.app/watch/did%3Aplc%3A6kfwinkkbmbsjy65vq57l5nv/bafkreift3yubujtjtx3kmri76mju4wetxdw7tmh6wwzfteahayqxlxhfa4/playlist.m3u8	spawn ffmpeg ENOENT
https://video.bsky.app/watch/did%3Aplc%3A6kfwinkkbmbsjy65vq57l5nv/bafkreiej4nsclgph67o57ljarmaig2zt2qdyjqug5jrjo257gv4vd6hsby/playlist.m3u8	spawn ffmpeg ENOENT
https://video.bsky.app/watch/did%3Aplc%3A6kfwinkkbmbsjy65vq57l5nv/bafkreicusbpfwa7uyvhh4kokq3vll5rt7scyec6zfckaau3empvlkkqpgq/playlist.m3u8	spawn ffmpeg ENOENT
https://video.bsky.app/watch/did%3Aplc%3A6kfwinkkbmbsjy65vq57l5nv/bafkreianufz3mq26ipstdykagrunxby52amx2o7iwua3nibko36gzqbwm4/playlist.m3u8	spawn ffmpeg ENOENT
https://video.bsky.app/watch/did%3Aplc%3A3djoqvqmlv62ypemq6l5nkaw/bafkreid37igi457tu2muttdlr2v3oalhrkignp75sl3bwfzajul2q3u6um/playlist.m3u8	spawn ffmpeg ENOENT
https://video.bsky.app/watch/did%3Aplc%3Anespa7xaeythkt4tofddsgks/bafkreifwf3wkxoadyxxtrzwxcsrgudmmhr5yve7eg6qjmzjc2mx64yermu/playlist.m3u8	spawn ffmpeg ENOENT
https://video.bsky.app/watch/did%3Aplc%3Ae3tx2pwxsff3jxjn454b2ydp/bafkreiauzn6ymkz4oglvbcfnvfeazqpewzbk7qbpgnahewx3vlurcv7zta/playlist.m3u8	spawn ffmpeg ENOENT
https://video.bsky.app/watch/did%3Aplc%3Ajj3s5jw7pq2qsiiuejkkkxhx/bafkreic56cfxfamsgjyvdv7fz5qi7zphympnwm4oloo5jtxx6a76zbdvrq/playlist.m3u8	spawn ffmpeg ENOENT
https://video.bsky.app/watch/did%3Aplc%3Aopsosud4y6zfhzjklmgprxhc/bafkreiahmk22rea5nwiz3gixk63lfngq4yk7tzo7ujmdxoou4a2av5cgla/playlist.m3u8	spawn ffmpeg ENOENT
https://video.bsky.app/watch/did%3Aplc%3A3djoqvqmlv62ypemq6l5nkaw/bafkreiaozmvcuygffeul5ufffymh4hdoaue6tgn7asokkdipn3lo4hzanm/playlist.m3u8	spawn ffmpeg ENOENT
https://video.bsky.app/watch/did%3Aplc%3A4wejpgdzro5rywiwgh7j7m6z/bafkreibn6oi6encys4jkczevuvm2ewap7vw75hcpue5jyymni4ifzm2oc4/playlist.m3u8	spawn ffmpeg ENOENT
https://video.bsky.app/watch/did%3Aplc%3A6kfwinkkbmbsjy65vq57l5nv/bafkreid5zptzafgvapphlw64ld7axw3mzfwc2snyodbtih2h33ayup7i3m/playlist.m3u8	spawn ffmpeg ENOENT
https://video.bsky.app/watch/did%3Aplc%3A6kfwinkkbmbsjy65vq57l5nv/bafkreibpifk2zj47u5re7mfxjnt3t6duluhdbnfocjiyzxau5zfrqhujwy/playlist.m3u8	spawn ffmpeg ENOENT
https://video.bsky.app/watch/did%3Aplc%3A6kfwinkkbmbsjy65vq57l5nv/bafkreifwbvtatka2jg5rpkoaygyz4skumxcrrdw37nr5q7bvumlnpccooa/playlist.m3u8	spawn ffmpeg ENOENT
https://video.bsky.app/watch/did%3Aplc%3A6kfwinkkbmbsjy65vq57l5nv/bafkreihphrgafjckezm5sksrs5xnrt56n5wntnq2qjpj4qi64kmmv234bi/playlist.m3u8	spawn ffmpeg ENOENT
https://video.bsky.app/watch/did%3Aplc%3A6kfwinkkbmbsjy65vq57l5nv/bafkreifq7zhhdupzhoqi3sq7siaqvnxyd5awclppah5dh5o6ou56uq4mlm/playlist.m3u8	spawn ffmpeg ENOENT
https://video.bsky.app/watch/did%3Aplc%3A6kfwinkkbmbsjy65vq57l5nv/bafkreifnsetax5hhb4o7rrshelz3clqyjlapcszdj4puldboi2pehgwfqi/playlist.m3u8	spawn ffmpeg ENOENT
https://video.bsky.app/watch/did%3Aplc%3Aopsosud4y6zfhzjklmgprxhc/bafkreigyn4soa4rc2kptvsftoarmwhasygoians2g6m5ttlse2eo3zwxa4/playlist.m3u8	spawn ffmpeg ENOENT
https://video.bsky.app/watch/did%3Aplc%3A3djoqvqmlv62ypemq6l5nkaw/bafkreifhg3lx2rn6c6jhoehhnisx2royvcif67xtcgsemnxectztoohtuu/playlist.m3u8	spawn ffmpeg ENOENT
https://video.bsky.app/watch/did%3Aplc%3A3djoqvqmlv62ypemq6l5nkaw/bafkreieif266wcvux2o7c4rxj4ijvowi3osni46ln6ognrnqj7bqiozrwm/playlist.m3u8	spawn ffmpeg ENOENT
https://video.bsky.app/watch/did%3Aplc%3Ae3tx2pwxsff3jxjn454b2ydp/bafkreig45biocwaqiixvgktcyvsbmgqbzzis6f7zu7bg62fcegxs5q45kq/playlist.m3u8	spawn ffmpeg ENOENT
https://video.bsky.app/watch/did%3Aplc%3A6kfwinkkbmbsjy65vq57l5nv/bafkreigf2yz54lyizlpq6myyslve2jb2kscd6aidctlnqgc7at3n6bmm44/playlist.m3u8	spawn ffmpeg ENOENT
https://video.bsky.app/watch/did%3Aplc%3A6kfwinkkbmbsjy65vq57l5nv/bafkreic4uraxuhiwmusbcbro3tjxsguevirl6vh4mrgzxject5g3wpyqca/playlist.m3u8	spawn ffmpeg ENOENT
https://video.bsky.app/watch/did%3Aplc%3A6kfwinkkbmbsjy65vq57l5nv/bafkreig3hfpaa7yqx44hi7nn4w4qxowm4wy3fbpzposkzstvqge7iqr3ta/playlist.m3u8	spawn ffmpeg ENOENT
https://video.bsky.app/watch/did%3Aplc%3A6kfwinkkbmbsjy65vq57l5nv/bafkreif3bqk25wimhxeeuixcfbntxfuovsgd3vsdpdnaicrs3gt3a7qho4/playlist.m3u8	spawn ffmpeg ENOENT
https://video.bsky.app/watch/did%3Aplc%3A6kfwinkkbmbsjy65vq57l5nv/bafkreievni4g66r6lwgomyodh5njdtuc3jlzf4mpvlmhyn4epmurqtt7wu/playlist.m3u8	spawn ffmpeg ENOENT
https://video.bsky.app/watch/did%3Aplc%3A6kfwinkkbmbsjy65vq57l5nv/bafkreie7ikqgy27eab4mdcupkecy2okzcc2oih3m66yrhlzvixy4s6j2se/playlist.m3u8	spawn ffmpeg ENOENT
https://video.bsky.app/watch/did%3Aplc%3A3djoqvqmlv62ypemq6l5nkaw/bafkreid3iuk5f4xzpodrar3ond4vqqwmv7lgjafdpty2flyritbzrvjwwa/playlist.m3u8	spawn ffmpeg ENOENT
https://video.bsky.app/watch/did%3Aplc%3A3djoqvqmlv62ypemq6l5nkaw/bafkreigxe5rnwxhstxf7nejn26rncm3cb7pq4uyoayj4ebjrqhfergey4m/playlist.m3u8	spawn ffmpeg ENOENT
https://video.bsky.app/watch/did%3Aplc%3Anespa7xaeythkt4tofddsgks/bafkreigwfajcv4mtkyu4zxyti2lywdu2n2wk6jwm6wszjcbw4m5x3msoi4/playlist.m3u8	spawn ffmpeg ENOENT
https://video.bsky.app/watch/did%3Aplc%3Ae3tx2pwxsff3jxjn454b2ydp/bafkreickda7epkajxstogtomaj2g3bgmp4t5lggmibuxelf4hyth3f2ddi/playlist.m3u8	spawn ffmpeg ENOENT
https://video.bsky.app/watch/did%3Aplc%3Aopsosud4y6zfhzjklmgprxhc/bafkreibfukciuygow5kdwgahalaenzvs22umbdekp4eu7vjrwk43ffld54/playlist.m3u8	spawn ffmpeg ENOENT
https://video.bsky.app/watch/did%3Aplc%3A3djoqvqmlv62ypemq6l5nkaw/bafkreiaual2zibawsy6vftixla6wqz7hg5holvrvxdfgulb6y3jjwdzdce/playlist.m3u8	spawn ffmpeg ENOENT
https://video.bsky.app/watch/did%3Aplc%3A64aunrarwqpni5ppg4fwzqyc/bafkreihs4ukkcn5dlnddr2dnu4223d23mpot77wzerwpxviwewafoiiblu/playlist.m3u8	spawn ffmpeg ENOENT
https://video.bsky.app/watch/did%3Aplc%3Ae3tx2pwxsff3jxjn454b2ydp/bafkreibyuv63spmtlrls54bpsfde2j7zicswvajuea27pfias4b43xptce/playlist.m3u8	spawn ffmpeg ENOENT
https://video.bsky.app/watch/did%3Aplc%3A3djoqvqmlv62ypemq6l5nkaw/bafkreibpm7zgyqxst5ikn4s4jvsk6mhnrwstghbzyytkssmj4hwyuhoj2e/playlist.m3u8	spawn ffmpeg ENOENT
https://video.bsky.app/watch/did%3Aplc%3A6kfwinkkbmbsjy65vq57l5nv/bafkreifhsgsymlqxx2qd2iyt73e4ehge3qbvzkls2fgidy5km3rbxnr3ju/playlist.m3u8	spawn ffmpeg ENOENT
https://video.bsky.app/watch/did%3Aplc%3A6kfwinkkbmbsjy65vq57l5nv/bafkreibzawjvdabbutczxs4k35mlpgzg3ggb7frsx5khetogklah4bc7m4/playlist.m3u8	spawn ffmpeg ENOENT
https://video.bsky.app/watch/did%3Aplc%3A6kfwinkkbmbsjy65vq57l5nv/bafkreihf3roibbwm5ly3wdosnrpiwrjrrjvzoykplnegqlxhf4sxqtjcdu/playlist.m3u8	spawn ffmpeg ENOENT
https://video.bsky.app/watch/did%3Aplc%3A6kfwinkkbmbsjy65vq57l5nv/bafkreigna6mf3lfkxvrkum3tvefedr7rrylsdiae4oxog2v677yecwbhzi/playlist.m3u8	spawn ffmpeg ENOENT
https://video.bsky.app/watch/did%3Aplc%3A6kfwinkkbmbsjy65vq57l5nv/bafkreiap4wornpoyrtt72h2ggdva4q7bcnhzyk5neqqekzgb4tbc6jpwjm/playlist.m3u8	spawn ffmpeg ENOENT
https://video.bsky.app/watch/did%3Aplc%3A6kfwinkkbmbsjy65vq57l5nv/bafkreigmvompvdefrebamsuab64hdtmnpk3a6ygwbyxqdw6vex5g6dlakq/playlist.m3u8	spawn ffmpeg ENOENT
https://video.twimg.com/amplify_video/1914475571884777472/vid/avc1/1080x1920/NcL6VR_Mb_nyI0qb.mp4	spawn ffmpeg ENOENT
https://video.twimg.com/amplify_video/1913403329390288897/vid/avc1/720x1280/xmmZazvqVkYurVvW.mp4	spawn ffmpeg ENOENT
https://video.twimg.com/amplify_video/1770407630659518464/vid/avc1/720x1280/14OYulK8HglRgdwG.mp4	spawn ffmpeg ENOENT
https://video.twimg.com/ext_tw_video/1913810467039977472/pu/vid/avc1/720x1280/5CzcelkVUatHgMFx.mp4	spawn ffmpeg ENOENT
https://video.twimg.com/ext_tw_video/1667678302390067201/pu/vid/720x1054/wIt3YMtSmNHHzUiw.mp4	spawn ffmpeg ENOENT
https://video.twimg.com/amplify_video/1899805964905390080/vid/avc1/1080x1920/m_kDQhq5LhgHHvAC.mp4	spawn ffmpeg ENOENT
https://video.twimg.com/ext_tw_video/1867766712688320512/pu/vid/avc1/720x720/s5vLinfAs_xPLRJW.mp4	spawn ffmpeg ENOENT
https://video.twimg.com/amplify_video/1889793737699557377/vid/avc1/1280x718/dSNbJ0xFDnRB6NFi.mp4	spawn ffmpeg ENOENT
https://video.twimg.com/amplify_video/1874124040966754304/vid/avc1/1080x1920/knjG66yGUY_7mM8Y.mp4	spawn ffmpeg ENOENT
https://video314.monstercockland.com/mcl//media/videos/mp4/366900_hd.mp4	spawn ffmpeg ENOENT
https://video314.monstercockland.com/mcl//media/videos/mp4/254938.mp4	spawn ffmpeg ENOENT
https://video314.monstercockland.com/mcl//media/videos/mp4/250909.mp4	spawn ffmpeg ENOENT
https://video314.monstercockland.com/mcl//media/videos/mp4/250969.mp4	spawn ffmpeg ENOENT
https://video314.monstercockland.com/mcl//media/videos/mp4/266775.mp4	spawn ffmpeg ENOENT
https://video314.monstercockland.com/mcl//media/videos/mp4/275593.mp4	spawn ffmpeg ENOENT
https://video314.monstercockland.com/mcl//media/videos/mp4/367087.mp4	spawn ffmpeg ENOENT
https://video314.monstercockland.com/mcl//media/videos/mp4/343428_hd.mp4	spawn ffmpeg ENOENT
https://video314.monstercockland.com/mcl//media/videos/mp4/355557_hd.mp4	spawn ffmpeg ENOENT
https://video314.monstercockland.com/mcl//media/videos/mp4/362073_hd.mp4	spawn ffmpeg ENOENT
https://video314.monstercockland.com/mcl//media/videos/mp4/361277_hd.mp4	spawn ffmpeg ENOENT
https://video314.monstercockland.com/mcl//media/videos/mp4/358324.mp4	spawn ffmpeg ENOENT
https://video314.monstercockland.com/mcl//media/videos/mp4/320298_hd.mp4	spawn ffmpeg ENOENT
https://video314.monstercockland.com/mcl//media/videos/mp4/320297_hd.mp4	spawn ffmpeg ENOENT
https://video314.monstercockland.com/mcl//media/videos/mp4/320296.mp4	spawn ffmpeg ENOENT
https://video314.monstercockland.com/mcl//media/videos/mp4/329687.mp4	spawn ffmpeg ENOENT
https://video314.monstercockland.com/mcl//media/videos/mp4/329688.mp4	spawn ffmpeg ENOENT
https://video-s.twimg.com/ext_tw_video/1868322730673651712/pu/vid/avc1/720x1280/WnLJE0_Olgo6eMyY.mp4?tag=12	spawn ffmpeg ENOENT
https://video-s.twimg.com/ext_tw_video/1859260010041368576/pu/vid/avc1/890x720/LxaPGGfuKAFIs42a.mp4?tag=12	spawn ffmpeg ENOENT
https://video-s.twimg.com/ext_tw_video/1714019969967562752/pu/vid/avc1/720x1116/Q02CnZ57dgXZSN_t.mp4?tag=12	spawn ffmpeg ENOENT
https://video-s.twimg.com/ext_tw_video/1853522604633567233/pu/vid/avc1/720x1280/MUCIQV9IZPNmxMvK.mp4?tag=12	spawn ffmpeg ENOENT
https://video-s.twimg.com/ext_tw_video/1643927140218417152/pu/vid/720x1280/Wn_HAyahq2G25vo7.mp4?tag=12	spawn ffmpeg ENOENT
https://video-s.twimg.com/ext_tw_video/1852641224529711104/pu/vid/avc1/720x1280/D85_zYrtuQ8CujSm.mp4?tag=12	spawn ffmpeg ENOENT
https://video-s.twimg.com/ext_tw_video/1657819105548816384/pu/vid/720x1280/9kMxdRhxJUP9yf4x.mp4?tag=12	spawn ffmpeg ENOENT
https://video-s.twimg.com/ext_tw_video/1767576400125423616/pu/vid/avc1/1280x720/BY2dv56EdU5oFqoF.mp4?tag=12	spawn ffmpeg ENOENT
https://video-s.twimg.com/ext_tw_video/1657783551452934147/pu/vid/720x1280/ID3o5weI7upHr6O9.mp4?tag=12	spawn ffmpeg ENOENT
https://video-s.twimg.com/ext_tw_video/1840116695823781888/pu/vid/avc1/720x960/cJJghInSl5Qmdq6z.mp4?tag=12	spawn ffmpeg ENOENT
https://video-s.twimg.com/ext_tw_video/1491334265900081153/pu/vid/720x860/OrWzWeQqBgKwVoMD.mp4?tag=12	spawn ffmpeg ENOENT
https://video-s.twimg.com/ext_tw_video/1872345194932137984/pu/vid/avc1/1280x720/Qul6dSfHAfcBj13h.mp4?tag=12	spawn ffmpeg ENOENT
https://video-s.twimg.com/ext_tw_video/1605379821004943361/pu/vid/720x720/Ef2jlaCHpTi24muo.mp4?tag=12	spawn ffmpeg ENOENT
https://video-s.twimg.com/ext_tw_video/1867241775695310848/pu/vid/avc1/720x720/EKq1m_D78dn52bcx.mp4?tag=12	spawn ffmpeg ENOENT
https://video-s.twimg.com/amplify_video/1870517105130352640/vid/avc1/1280x720/VmP23FxMRGEE5Qxn.mp4?tag=14	spawn ffmpeg ENOENT
https://video-s.twimg.com/ext_tw_video/1507097586326458371/pu/vid/416x720/caWMyxfQa2wBJmoK.mp4?tag=12	spawn ffmpeg ENOENT
https://video-s.twimg.com/ext_tw_video/1574191616583421952/pu/vid/1080x1920/4AU9ChrkwZpSUrmL.mp4?tag=14	spawn ffmpeg ENOENT
https://video.twimg.com/amplify_video/1885171271194877952/vid/avc1/1080x1920/CYvZE_0Xl5_lsUuK.mp4?tag=16	spawn ffmpeg ENOENT
https://video.twimg.com/ext_tw_video/1877785510153728000/pu/vid/avc1/1280x720/A7HzQLDuhLH3ekjb.mp4?tag=12	spawn ffmpeg ENOENT
https://video.twimg.com/amplify_video/1891167808718811136/vid/avc1/1080x1440/6_1ehVnHLU6D_Yzn.mp4?tag=16	spawn ffmpeg ENOENT
https://video.twimg.com/amplify_video/1885810909592842240/vid/avc1/720x1280/sjjOh5wiYFtgRNSw.mp4?tag=16	spawn ffmpeg ENOENT
https://video.twimg.com/ext_tw_video/1878033822995906560/pu/vid/avc1/720x1280/2kS07D75_tRp1Pfu.mp4?tag=12	spawn ffmpeg ENOENT
https://video.twimg.com/ext_tw_video/1707428980092030979/pu/vid/avc1/720x1280/zRuuBqlUBACKrccW.mp4?tag=12	spawn ffmpeg ENOENT
https://video.twimg.com/ext_tw_video/1873806084151869440/pu/vid/avc1/1280x720/Mk8baDYJp2uGiB2s.mp4?tag=12	spawn ffmpeg ENOENT
https://video.twimg.com/ext_tw_video/1626562997526077450/pu/vid/1280x720/rGCnK9-eOsrE72JM.mp4?tag=12	spawn ffmpeg ENOENT
https://video.twimg.com/ext_tw_video/1624289911829299200/pu/vid/1280x720/5S4TEqDd_HQQEtdC.mp4?tag=12	spawn ffmpeg ENOENT
https://video-s.twimg.com/amplify_video/1874174111498350592/vid/avc1/1080x1482/G-aNgMcl1Q2abMmG.mp4?tag=16	spawn ffmpeg ENOENT
https://video314.monstercockland.com/mcl/media/videos/mp4/368150.mp4	spawn ffmpeg ENOENT
https://video314.monstercockland.com/mcl//media/videos/mp4/363870_hd.mp4	spawn ffmpeg ENOENT
https://video314.monstercockland.com/mcl//media/videos/mp4/364591.mp4	spawn ffmpeg ENOENT
https://video314.monstercockland.com/mcl//media/videos/mp4/366600_hd.mp4	spawn ffmpeg ENOENT
https://video314.monstercockland.com/mcl//media/videos/mp4/367755.mp4	spawn ffmpeg ENOENT
https://media.redgifs.com/JauntySeagreenMyotis-mobile.mp4	spawn ffmpeg ENOENT
https://video314.monstercockland.com/mcl//media/videos/mp4/366483_hd.mp4	spawn ffmpeg ENOENT
https://video314.monstercockland.com/mcl//media/videos/mp4/329886_hd.mp4	spawn ffmpeg ENOENT
https://video314.monstercockland.com/mcl//media/videos/mp4/295608_hd.mp4	spawn ffmpeg ENOENT
https://video314.monstercockland.com/mcl//media/videos/mp4/230121.mp4	spawn ffmpeg ENOENT
https://video314.monstercockland.com/mcl//media/videos/mp4/227385.mp4	spawn ffmpeg ENOENT
https://video314.monstercockland.com/mcl//media/videos/mp4/367087_hd.mp4	spawn ffmpeg ENOENT
https://video314.monstercockland.com/mcl//media/videos/mp4/303104.mp4	spawn ffmpeg ENOENT
https://video314.monstercockland.com/mcl//media/videos/mp4/283507_hd.mp4	spawn ffmpeg ENOENT
https://video314.monstercockland.com/mcl//media/videos/mp4/217134.mp4	spawn ffmpeg ENOENT
https://video314.monstercockland.com/mcl//media/videos/mp4/213867.mp4	spawn ffmpeg ENOENT
https://video314.monstercockland.com/mcl//media/videos/mp4/215208.mp4	spawn ffmpeg ENOENT
https://video314.monstercockland.com/mcl//media/videos/mp4/236139.mp4	spawn ffmpeg ENOENT
https://video314.monstercockland.com/mcl//media/videos/mp4/307454_hd.mp4	spawn ffmpeg ENOENT
https://video314.monstercockland.com/mcl//media/videos/mp4/349979_hd.mp4	spawn ffmpeg ENOENT
https://video.twimg.com/amplify_video/1773363585722236929/vid/avc1/1280x720/fR6YIQnSVqIoihND.mp4	spawn ffmpeg ENOENT
https://video.twimg.com/amplify_video/1785035467521413120/vid/avc1/780x616/ExJcfJJzH1wsxCsE.mp4	spawn ffmpeg ENOENT
https://video.twimg.com/amplify_video/1786773831614676992/vid/avc1/404x720/piyrrDQOkSaxWBL9.mp4	spawn ffmpeg ENOENT
https://video.twimg.com/amplify_video/1788191903097446400/vid/avc1/720x798/SKI-APwpeQ3URwhQ.mp4	spawn ffmpeg ENOENT
https://video.twimg.com/ext_tw_video/1783919144259231744/pu/vid/avc1/720x1280/ztm6Q2RUlOuFo5I8.mp4	spawn ffmpeg ENOENT
https://video.twimg.com/amplify_video/1748143047110488064/vid/avc1/720x1280/KiQUgbwvDzSdrf__.mp4	spawn ffmpeg ENOENT
https://video.twimg.com/amplify_video/1785292970104586240/vid/avc1/720x960/0-bsbNGrWrW8ScdS.mp4	spawn ffmpeg ENOENT
https://video.twimg.com/amplify_video/1786796543615422464/vid/avc1/720x960/uHDiLRklhCuNAukY.mp4	spawn ffmpeg ENOENT
https://video.twimg.com/amplify_video/1788560189009862656/vid/avc1/720x960/SbUpBqQu-S2B3ux1.mp4	spawn ffmpeg ENOENT
https://video.twimg.com/ext_tw_video/1783847952357670912/pu/vid/avc1/720x1280/SCp2pqTiXjRw3qIs.mp4	spawn ffmpeg ENOENT
https://video.twimg.com/amplify_video/1783869129327329280/vid/avc1/720x720/bcuuRm21v8z4b-Ec.mp4	spawn ffmpeg ENOENT
https://video.twimg.com/ext_tw_video/1750225246064447488/pu/vid/avc1/720x1280/89qFfEjpQR3cwRss.mp4	spawn ffmpeg ENOENT
https://video.twimg.com/ext_tw_video/1784450429524353024/pu/vid/avc1/720x1090/IC5BuJW_8-GUl155.mp4	spawn ffmpeg ENOENT
https://video.twimg.com/ext_tw_video/1581567214011957249/pu/vid/608x1080/1r2AfP_89alGhb0b.mp4	spawn ffmpeg ENOENT
https://video.twimg.com/ext_tw_video/1784339373900578816/pu/vid/avc1/720x1264/I5RwUnpGszkdHDB9.mp4	spawn ffmpeg ENOENT
https://video.twimg.com/ext_tw_video/1783195733375533056/pu/vid/avc1/720x1280/WqzPeOcWd_QGuKEd.mp4	spawn ffmpeg ENOENT
https://video.twimg.com/ext_tw_video/1774373855844573184/pu/vid/avc1/720x1250/6GXrAgm83WxyEvhS.mp4	spawn ffmpeg ENOENT
https://video.twimg.com/ext_tw_video/1589000430386049024/pu/vid/720x1280/rBxwZUnDuGDeAcW7.mp4	spawn ffmpeg ENOENT
https://video.twimg.com/ext_tw_video/1764655061345456128/pu/vid/avc1/720x1156/JjvPcUAzfB8ugIGk.mp4	spawn ffmpeg ENOENT
https://video.twimg.com/ext_tw_video/1763002149733048320/pu/vid/avc1/720x1280/6qHiUGbfTXNCSetj.mp4	spawn ffmpeg ENOENT
https://video.twimg.com/ext_tw_video/1399918998993649666/pu/vid/1280x720/cKNfgoIXqRI8YfBH.mp4	spawn ffmpeg ENOENT
https://video.twimg.com/amplify_video/1783649246492643328/vid/avc1/720x1280/Zb5DhyqusfxQ6fOg.mp4	spawn ffmpeg ENOENT
https://video.twimg.com/amplify_video/1786781015354290176/vid/avc1/720x1560/FcP5-UbHNmAIC8ab.mp4	spawn ffmpeg ENOENT
https://video.twimg.com/amplify_video/1782844035641593860/vid/avc1/720x1180/UcRwDzk7VLIcY6mO.mp4	spawn ffmpeg ENOENT
https://video.twimg.com/ext_tw_video/1737460773687828480/pu/vid/avc1/688x1280/IlIVP6WShWs_EHuD.mp4	spawn ffmpeg ENOENT
https://video.twimg.com/amplify_video/1723789458087030784/vid/avc1/720x1280/beCVB4ePRAS-jNYB.mp4	spawn ffmpeg ENOENT
https://video.twimg.com/amplify_video/1786736136758419456/vid/avc1/720x1280/h-avKS4LP20o6e7C.mp4	spawn ffmpeg ENOENT
https://video.twimg.com/ext_tw_video/1787200449793208321/pu/vid/avc1/720x1280/A9fUqIsYyYss9uBj.mp4	spawn ffmpeg ENOENT
https://video.twimg.com/amplify_video/1770116090082836480/vid/avc1/720x1280/Wxw10MCev5_-3xHz.mp4	spawn ffmpeg ENOENT
https://video.twimg.com/amplify_video/1780269539504037888/vid/avc1/720x1280/w8toPsVwx91F-GtB.mp4	spawn ffmpeg ENOENT
https://video.twimg.com/amplify_video/1740436106066251776/vid/avc1/320x568/OZopQCsmVtShKQVZ.mp4	spawn ffmpeg ENOENT
https://video.twimg.com/amplify_video/1782600505916571648/vid/avc1/1080x1920/WPAj1QQ8TWsuNcwa.mp4	spawn ffmpeg ENOENT
https://video.twimg.com/amplify_video/1785991470656135168/vid/avc1/720x1280/GnrEjI_I8NsizGuf.mp4	spawn ffmpeg ENOENT
https://video.twimg.com/amplify_video/1783995889888993280/vid/avc1/720x960/ebxhb5Wit1ZmxSA2.mp4	spawn ffmpeg ENOENT
https://video.twimg.com/amplify_video/1787940749297750017/vid/avc1/720x1068/o94gwkZwCA8Wggdu.mp4	spawn ffmpeg ENOENT
https://video.twimg.com/ext_tw_video/1741920745398435840/pu/vid/avc1/720x1280/KespcMoAt3V0MpU2.mp4	spawn ffmpeg ENOENT
https://video.twimg.com/amplify_video/1789363814355632128/vid/avc1/720x1280/qxOWUstnH472XjgQ.mp4	spawn ffmpeg ENOENT
https://video.twimg.com/ext_tw_video/1750650688554618880/pu/vid/avc1/720x1280/vuDAb-e7mJ6wNPbp.mp4	spawn ffmpeg ENOENT
https://video.twimg.com/ext_tw_video/1664403646203801602/pu/vid/720x1280/AJO_mfZzdzj0s7j7.mp4	spawn ffmpeg ENOENT
https://video.twimg.com/amplify_video/1749233821684256768/vid/avc1/1080x1920/8IBafU-IYqLe4NjO.mp4	spawn ffmpeg ENOENT
https://video.twimg.com/ext_tw_video/1693353443560153088/pu/vid/720x980/WPZgnENTVv1-xfdI.mp4	spawn ffmpeg ENOENT
https://video.twimg.com/ext_tw_video/1564692439591518209/pu/vid/470x358/eQWSRP7W-jROWrRz.mp4	spawn ffmpeg ENOENT
https://video.twimg.com/ext_tw_video/1601701506650095626/pu/vid/720x1280/j60-UuwdAevh_7WU.mp4	spawn ffmpeg ENOENT
https://video.twimg.com/ext_tw_video/1789655173016489984/pu/vid/avc1/640x1280/3g-olNeIu4dBNkKh.mp4	spawn ffmpeg ENOENT
https://video.twimg.com/amplify_video/1789307098980925440/vid/avc1/720x1280/NgP0xubuwtcKN5bs.mp4	spawn ffmpeg ENOENT
https://video.twimg.com/amplify_video/1789378613558558721/vid/avc1/1280x720/0QXmxErvInFRMKsw.mp4	spawn ffmpeg ENOENT
https://video.twimg.com/ext_tw_video/1788741386545602560/pu/vid/avc1/720x974/UroMOk928uEaaP-p.mp4	spawn ffmpeg ENOENT
https://video.twimg.com/amplify_video/1787470527726002176/vid/avc1/720x1280/lKVRfD9pb6s4tM1Y.mp4	spawn ffmpeg ENOENT
https://video.twimg.com/ext_tw_video/1729251287424704512/pu/vid/avc1/960x540/EpkkJ_KTsVRqCBwT.mp4	spawn ffmpeg ENOENT
https://video.twimg.com/ext_tw_video/1788917732575977472/pu/vid/avc1/1280x720/4eQGJ663ci22EOPS.mp4	spawn ffmpeg ENOENT
https://video.twimg.com/amplify_video/1789100977938706432/vid/avc1/720x960/1hfx34htV7UaQsji.mp4	spawn ffmpeg ENOENT
https://video.twimg.com/amplify_video/1770469765112315904/vid/avc1/1282x720/Sd8EkIXMkzDeQLnB.mp4	spawn ffmpeg ENOENT
https://video.twimg.com/ext_tw_video/1788343512972353536/pu/vid/avc1/720x1280/IgRoUv1MdyYdGthH.mp4	spawn ffmpeg ENOENT
https://video.twimg.com/ext_tw_video/1426177546522071043/pu/vid/720x720/na9gcWzLoRav9xD6.mp4	spawn ffmpeg ENOENT
https://video.twimg.com/amplify_video/1789447519488946176/vid/avc1/720x1280/yVxf6ygH4tt-xndS.mp4	spawn ffmpeg ENOENT
https://video.twimg.com/ext_tw_video/1789362417173950464/pu/vid/avc1/720x1280/2cPc8Onad0f36CcB.mp4	spawn ffmpeg ENOENT
https://video.twimg.com/ext_tw_video/1786365371982684161/pu/vid/avc1/1080x1920/GYRm_Bek0wHJr8E5.mp4	spawn ffmpeg ENOENT
https://video-s.twimg.com/amplify_video/1903094469710282752/vid/avc1/590x1280/FjeFVbEbvBx8X9pd.mp4?tag=14	spawn ffmpeg ENOENT
https://video-s.twimg.com/amplify_video/1901699068767641600/vid/avc1/1080x1920/s4kkLazJaKzQCY5S.mp4?tag=16	spawn ffmpeg ENOENT
https://video-s.twimg.com/amplify_video/1902757533212635139/vid/avc1/1080x1920/RhJyGbm1RrVt9oxP.mp4?tag=16	spawn ffmpeg ENOENT
https://video-s.twimg.com/ext_tw_video/1902563971892162560/pu/vid/avc1/720x1280/oGxCf6FTw9749XON.mp4?tag=12	spawn ffmpeg ENOENT
https://video-s.twimg.com/ext_tw_video/1648343450104877058/pu/vid/720x1260/zlfzxUt544pKr-3q.mp4?tag=12	spawn ffmpeg ENOENT
https://video-s.twimg.com/ext_tw_video/1902406171601825792/pu/vid/avc1/720x1280/4O4qAJ4cKwIjl3oO.mp4?tag=12	spawn ffmpeg ENOENT
https://video-s.twimg.com/amplify_video/1899178732645941248/vid/avc1/720x1280/siW93pq94w22sydN.mp4?tag=14	spawn ffmpeg ENOENT
https://video-s.twimg.com/ext_tw_video/1890961462048227328/pu/vid/avc1/1088x720/Vk7fQFnDzZVEsK_B.mp4?tag=12	spawn ffmpeg ENOENT
https://video-s.twimg.com/amplify_video/1868383553790021632/vid/avc1/1726x1080/F6YiBEi5JOS8nsBx.mp4?tag=16	spawn ffmpeg ENOENT
https://video-s.twimg.com/ext_tw_video/1810052486763266049/pu/vid/avc1/720x912/yM8Pb6AfAeFD_LMn.mp4?tag=12	spawn ffmpeg ENOENT
https://video-s.twimg.com/ext_tw_video/1873468667238703104/pu/vid/avc1/1920x1080/GiUurDqemDFRsBBt.mp4?tag=14	spawn ffmpeg ENOENT
https://video-s.twimg.com/amplify_video/1902055822206685184/vid/avc1/720x1280/jl7oSYU_CajQ1j7e.mp4?tag=16	spawn ffmpeg ENOENT
https://video-s.twimg.com/ext_tw_video/1607644390108942337/pu/vid/720x720/f1wZOvjQKsNO1Lbh.mp4?tag=12	spawn ffmpeg ENOENT
https://video-s.twimg.com/amplify_video/1900113038407327745/vid/avc1/888x644/bx41-lr8HSuS8tji.mp4?tag=14	spawn ffmpeg ENOENT
https://video-s.twimg.com/amplify_video/1901784025242771457/vid/avc1/888x658/NpXkUyBbO90sdn97.mp4?tag=14	spawn ffmpeg ENOENT
https://video-s.twimg.com/ext_tw_video/1827355717826678784/pu/vid/avc1/720x1280/ZP57TyBCRWUqhhw-.mp4?tag=12	spawn ffmpeg ENOENT
https://video-s.twimg.com/ext_tw_video/1884166999904792576/pu/vid/avc1/720x1382/gflOWufkZbltBCB7.mp4?tag=12	spawn ffmpeg ENOENT
https://video-s.twimg.com/amplify_video/1900417551269580800/vid/avc1/720x1280/-x6uXIltYhQNoykl.mp4?tag=14	spawn ffmpeg ENOENT
https://video-s.twimg.com/amplify_video/1901387381342941184/vid/avc1/720x1184/pRmIv3jO6Rjp1REe.mp4?tag=14	spawn ffmpeg ENOENT
https://video-s.twimg.com/amplify_video/1901356006010933248/vid/avc1/1080x1920/ZoQbTyN0eXEQqFUL.mp4?tag=16	spawn ffmpeg ENOENT
https://video-s.twimg.com/amplify_video/1901324952198164480/vid/avc1/720x1280/jKMaTWt80Ts5qsiu.mp4?tag=14	spawn ffmpeg ENOENT
https://video-s.twimg.com/ext_tw_video/1900608484405567488/pu/vid/avc1/720x1280/ME3mx-WSFmeyFsoh.mp4?tag=12	spawn ffmpeg ENOENT
https://video-s.twimg.com/ext_tw_video/1901008481060057088/pu/vid/avc1/1280x720/PjvE-e47IVp2QMQK.mp4?tag=12	spawn ffmpeg ENOENT
https://video-s.twimg.com/ext_tw_video/1686156864210268161/pu/vid/720x720/VwnNi6gMUZcXWVgE.mp4?tag=12	spawn ffmpeg ENOENT
https://video-s.twimg.com/ext_tw_video/1824928385753055232/pu/vid/avc1/720x1280/5fYw4rT18x9NqhAw.mp4?tag=12	spawn ffmpeg ENOENT
https://video-s.twimg.com/amplify_video/1897813353352806400/vid/avc1/1280x720/ghIdNNjGjROqy68M.mp4?tag=16	spawn ffmpeg ENOENT
https://video-s.twimg.com/amplify_video/1900944253053698048/vid/avc1/852x462/bjw501Gv4RS6_U3a.mp4?tag=16	spawn ffmpeg ENOENT
https://video-s.twimg.com/amplify_video/1900720246283288576/vid/avc1/1080x1920/KqsK2xtE_86bdG42.mp4?tag=16	spawn ffmpeg ENOENT
https://video-s.twimg.com/amplify_video/1900641725191782400/vid/avc1/720x1280/XIcZNdCBOQGxbGMI.mp4?tag=16	spawn ffmpeg ENOENT
https://video-s.twimg.com/amplify_video/1900311265924255745/vid/avc1/720x1010/QdPIVXBahnw89wkA.mp4?tag=14	spawn ffmpeg ENOENT
https://video-s.twimg.com/ext_tw_video/1900646030615461889/pu/vid/avc1/640x480/Roncipx77hNOwNng.mp4?tag=12	spawn ffmpeg ENOENT
https://video-s.twimg.com/amplify_video/1882198358280089600/vid/avc1/720x1282/8ZQy3Ts09mWKzQiP.mp4?tag=16	spawn ffmpeg ENOENT
https://video-s.twimg.com/amplify_video/1900614438601801728/vid/avc1/720x1280/JMTsKbxkel72whK7.mp4?tag=16	spawn ffmpeg ENOENT
https://video-s.twimg.com/ext_tw_video/1742224177828937738/pu/vid/avc1/1214x720/GqVToFkAsdBVnVNO.mp4?tag=12	spawn ffmpeg ENOENT
https://video-s.twimg.com/ext_tw_video/1900401822856048640/pu/vid/avc1/320x560/dsYsc8dtaVGjVWNC.mp4?tag=12	spawn ffmpeg ENOENT
https://video-s.twimg.com/amplify_video/1900362578481594368/vid/avc1/336x640/GqODw6HQ8wHzEyWj.mp4?tag=16	spawn ffmpeg ENOENT
https://video-s.twimg.com/amplify_video/1900400254089924609/vid/avc1/720x1260/lucRNwneWNmZJec_.mp4?tag=14	spawn ffmpeg ENOENT
https://video-s.twimg.com/ext_tw_video/1900399146697101312/pu/vid/avc1/720x1280/W0ZLBQ_BXVp62VMZ.mp4?tag=12	spawn ffmpeg ENOENT
https://video-s.twimg.com/ext_tw_video/1886554710745763841/pu/vid/avc1/720x900/oapTLBjJn9hNaNyv.mp4?tag=12	spawn ffmpeg ENOENT
https://video-s.twimg.com/amplify_video/1896006219145621504/vid/avc1/720x1282/VmQmk0FhiyK39M7e.mp4?tag=16	spawn ffmpeg ENOENT
https://video-s.twimg.com/amplify_video/1899428433182306304/vid/avc1/720x1280/GJHnspdpi1a7nvLw.mp4?tag=14	spawn ffmpeg ENOENT
https://video-s.twimg.com/ext_tw_video/1900287946168700928/pu/vid/avc1/720x1000/8XMf4dNnM3URBJct.mp4?tag=12	spawn ffmpeg ENOENT
https://video-s.twimg.com/ext_tw_video/1675437681751347201/pu/vid/720x720/BqatdsY7lLJSZanM.mp4?tag=12	spawn ffmpeg ENOENT
https://video-s.twimg.com/ext_tw_video/1895921816322953216/pu/vid/avc1/720x1280/Y8MQ5VAr9HaoKeIM.mp4?tag=12	spawn ffmpeg ENOENT
https://video-s.twimg.com/amplify_video/1827719012425297920/vid/avc1/1080x1920/oCRs7tz5awegNtpS.mp4?tag=16	spawn ffmpeg ENOENT
https://video-s.twimg.com/ext_tw_video/1900255055598563329/pu/vid/avc1/1280x720/EBZ5oM-JOQ2Fli-A.mp4?tag=12	spawn ffmpeg ENOENT
https://video-s.twimg.com/ext_tw_video/1895053674461667328/pu/vid/avc1/480x854/jLz0JXn03QVJxcVx.mp4?tag=12	spawn ffmpeg ENOENT
https://video-s.twimg.com/amplify_video/1899049642647523329/vid/avc1/1080x1080/jGsWEs_yoeYRJ7fU.mp4?tag=16	spawn ffmpeg ENOENT
https://video-s.twimg.com/ext_tw_video/1900255275849773056/pu/vid/avc1/1544x720/V3ATIdKRHymgiEge.mp4?tag=12	spawn ffmpeg ENOENT
https://video-s.twimg.com/amplify_video/1900020178848555008/vid/avc1/718x646/bBgKnsPWXQnRMkKS.mp4?tag=14	spawn ffmpeg ENOENT
https://video-s.twimg.com/ext_tw_video/1853523142146142208/pu/vid/avc1/1280x720/hasxnsXtHXJay0f7.mp4?tag=12	spawn ffmpeg ENOENT
https://video-s.twimg.com/ext_tw_video/1853523687468634112/pu/vid/avc1/720x1280/QztQyLIgIfUylqnA.mp4?tag=12	spawn ffmpeg ENOENT
https://video-s.twimg.com/ext_tw_video/1853524771431948288/pu/vid/avc1/720x720/5jqDz5Vw6wDchTYI.mp4?tag=12	spawn ffmpeg ENOENT
https://video-s.twimg.com/ext_tw_video/1853525355320995841/pu/vid/avc1/720x1280/Izhm9MJHl_tSHhqt.mp4?tag=12	spawn ffmpeg ENOENT
https://video-s.twimg.com/ext_tw_video/1853526511271174144/pu/vid/avc1/720x1280/vv_8SBc328AfZV2y.mp4?tag=12	spawn ffmpeg ENOENT
https://video-s.twimg.com/ext_tw_video/1853526944035344384/pu/vid/avc1/720x720/z-g0WLMQOP1aZphe.mp4?tag=12	spawn ffmpeg ENOENT
https://video-s.twimg.com/ext_tw_video/1853528729584128000/pu/vid/avc1/720x1282/cdtWqlU4PDW84NyM.mp4?tag=12	spawn ffmpeg ENOENT
https://video-s.twimg.com/ext_tw_video/1853530488419307520/pu/vid/avc1/1280x720/0mZNnafZ6CTaOSOs.mp4?tag=12	spawn ffmpeg ENOENT
https://video-s.twimg.com/ext_tw_video/1853531499116613632/pu/vid/avc1/720x1006/7J4HAZQdyeoHwVcN.mp4?tag=12	spawn ffmpeg ENOENT
https://video-s.twimg.com/ext_tw_video/1853532639082254336/pu/vid/avc1/720x1280/PCFINxRIU5cXa2hD.mp4?tag=12	spawn ffmpeg ENOENT
https://video-s.twimg.com/ext_tw_video/1853533984514334720/pu/vid/avc1/1008x720/tc3QLgYu0T8vDr-f.mp4?tag=12	spawn ffmpeg ENOENT
https://video-s.twimg.com/ext_tw_video/1853536618717564928/pu/vid/avc1/720x1052/JFFeEpM1TSx7EGPn.mp4?tag=12	spawn ffmpeg ENOENT
https://video-s.twimg.com/ext_tw_video/1853538803023065088/pu/vid/avc1/720x720/waquRXtg7tUWMcAW.mp4?tag=12	spawn ffmpeg ENOENT
https://video-s.twimg.com/ext_tw_video/1853539919341232129/pu/vid/avc1/720x978/1wnWYwn9fDg9KTu_.mp4?tag=12	spawn ffmpeg ENOENT
https://video-s.twimg.com/ext_tw_video/1853540521106432000/pu/vid/avc1/720x1278/VraumvKGMJRO6Kig.mp4?tag=12	spawn ffmpeg ENOENT
https://video-s.twimg.com/ext_tw_video/1853541735990743040/pu/vid/avc1/720x1280/EoIjBPoktsmdwYK3.mp4?tag=12	spawn ffmpeg ENOENT
https://video-s.twimg.com/ext_tw_video/1853543304194932737/pu/vid/avc1/720x1280/clNOXaeR7pTSveaW.mp4?tag=12	spawn ffmpeg ENOENT
https://video-s.twimg.com/ext_tw_video/1853544766383771648/pu/vid/avc1/720x720/h-y9UGLRpBUnyfhX.mp4?tag=12	spawn ffmpeg ENOENT
https://video-s.twimg.com/ext_tw_video/1853545644985614337/pu/vid/avc1/720x1280/Bm5iiWqGFLL_Wqg2.mp4?tag=12	spawn ffmpeg ENOENT
https://video-s.twimg.com/ext_tw_video/1853548073496055808/pu/vid/avc1/1080x596/acbcQrZ5Dv6LQV3Q.mp4?tag=12	spawn ffmpeg ENOENT
https://video-s.twimg.com/ext_tw_video/1853791563417096192/pu/vid/avc1/720x720/mylW_t1sLEJ8zvHX.mp4?tag=12	spawn ffmpeg ENOENT
https://video-s.twimg.com/ext_tw_video/1853792592648867840/pu/vid/avc1/1280x720/OBBTUUkwOl9HewLF.mp4?tag=12	spawn ffmpeg ENOENT
https://video-s.twimg.com/ext_tw_video/1853793087128051712/pu/vid/avc1/720x720/GPKQhnIn7UklXVec.mp4?tag=12	spawn ffmpeg ENOENT
https://video-s.twimg.com/ext_tw_video/1853796873649164288/pu/vid/avc1/720x1280/ITEask3CKLZOhBsE.mp4?tag=12	spawn ffmpeg ENOENT
https://video-s.twimg.com/ext_tw_video/1853800223300055040/pu/vid/avc1/720x1280/_wCckd3xYTEAUnDG.mp4?tag=12	spawn ffmpeg ENOENT
https://video-s.twimg.com/ext_tw_video/1853803182884839425/pu/vid/avc1/720x1280/7JJ0dM5Y_Q_G7a-Z.mp4?tag=12	spawn ffmpeg ENOENT
https://video-s.twimg.com/ext_tw_video/1853804356971229185/pu/vid/avc1/1324x720/_3YDz_Ld5uBJBKBe.mp4?tag=12	spawn ffmpeg ENOENT
https://video-s.twimg.com/ext_tw_video/1853806113008783360/pu/vid/avc1/720x1280/xV9-3C4Z5h4iJsep.mp4?tag=12	spawn ffmpeg ENOENT
https://video-s.twimg.com/ext_tw_video/1854213191372328960/pu/vid/avc1/720x1280/pWuk_4dJfiF-9D3_.mp4?tag=12	spawn ffmpeg ENOENT
https://video-s.twimg.com/ext_tw_video/1854218001811222537/pu/vid/avc1/720x1280/ZEc6Sdi9pXgdY1Mc.mp4?tag=12	spawn ffmpeg ENOENT
https://video-s.twimg.com/ext_tw_video/1854220526647910418/pu/vid/avc1/848x480/Is0hPmenX99etN5X.mp4?tag=12	spawn ffmpeg ENOENT
https://video-s.twimg.com/ext_tw_video/1854220921084473345/pu/vid/avc1/1280x720/H3wn2cxqSZ87Ou71.mp4?tag=12	spawn ffmpeg ENOENT
https://video-s.twimg.com/ext_tw_video/1854306443291217932/pu/vid/avc1/480x640/vJ6kewcaC77NXVhG.mp4?tag=12	spawn ffmpeg ENOENT
https://video-s.twimg.com/ext_tw_video/1854308031711834114/pu/vid/avc1/720x1280/r60djeQTebcV2t0p.mp4?tag=12	spawn ffmpeg ENOENT
https://video-s.twimg.com/ext_tw_video/1854311691082694663/pu/vid/avc1/720x1280/pfSskLSw-gLUzSNc.mp4?tag=12	spawn ffmpeg ENOENT
https://video-s.twimg.com/ext_tw_video/1854540739557941256/pu/vid/avc1/720x960/oG7LusD0YX7Ku4RZ.mp4?tag=12	spawn ffmpeg ENOENT
https://video-s.twimg.com/ext_tw_video/1854542534661255191/pu/vid/avc1/720x1278/l9XKgdam36OFogzi.mp4?tag=12	spawn ffmpeg ENOENT
https://video-s.twimg.com/ext_tw_video/1854544990665416706/pu/vid/avc1/720x1280/zxk02bpQeU3e387k.mp4?tag=12	spawn ffmpeg ENOENT
https://video-s.twimg.com/ext_tw_video/1854545464235786254/pu/vid/avc1/1280x720/kAJaiu4ZA-XCYars.mp4?tag=12	spawn ffmpeg ENOENT
https://video-s.twimg.com/ext_tw_video/1854546566637387779/pu/vid/avc1/720x900/vWt9jVfjKCL8OMVh.mp4?tag=12	spawn ffmpeg ENOENT
https://video-s.twimg.com/ext_tw_video/1854547822441373699/pu/vid/avc1/1296x720/xTxxTj2wGR6WR5wZ.mp4?tag=12	spawn ffmpeg ENOENT
https://video-s.twimg.com/ext_tw_video/1854550005618548752/pu/vid/avc1/720x1280/GzdnwJ1gEW57kh-9.mp4?tag=12	spawn ffmpeg ENOENT
https://video-s.twimg.com/ext_tw_video/1854549940464242707/pu/vid/avc1/720x1280/vi6LQsmhxcap1wU4.mp4?tag=12	spawn ffmpeg ENOENT
https://video-s.twimg.com/ext_tw_video/1854902252688879617/pu/vid/avc1/1364x720/ogHyHhjh40BeLa3R.mp4?tag=12	spawn ffmpeg ENOENT
https://video-s.twimg.com/ext_tw_video/1855026879587028992/pu/vid/avc1/364x640/j9bF3BM2PuZmz0h0.mp4?tag=12	spawn ffmpeg ENOENT
https://video-s.twimg.com/ext_tw_video/1855028652842405888/pu/vid/avc1/1316x720/geXxlr6q_zTPpgYJ.mp4?tag=12	spawn ffmpeg ENOENT
https://video-s.twimg.com/ext_tw_video/1855030180785373184/pu/vid/avc1/720x1280/si8Cg-8ntscgvKhy.mp4?tag=12	spawn ffmpeg ENOENT
https://video-s.twimg.com/ext_tw_video/1855031424060903424/pu/vid/avc1/1280x718/pbtgOM5awWU-VGaH.mp4?tag=12	spawn ffmpeg ENOENT
https://video-s.twimg.com/ext_tw_video/1855031667330564097/pu/vid/avc1/1280x720/zs23q8ffSiKnljtz.mp4?tag=12	spawn ffmpeg ENOENT
https://video-s.twimg.com/ext_tw_video/1855032882177232896/pu/vid/avc1/720x1280/zv8sfP3hFT4gaumT.mp4?tag=12	spawn ffmpeg ENOENT
https://video-s.twimg.com/ext_tw_video/1855034080229830656/pu/vid/avc1/720x736/bX13gQVT0oaS2qPK.mp4?tag=12	spawn ffmpeg ENOENT
https://video-s.twimg.com/ext_tw_video/1855035047612493824/pu/vid/avc1/720x1280/31PmJOSdcfqHeHmo.mp4?tag=12	spawn ffmpeg ENOENT
https://video-s.twimg.com/ext_tw_video/1855037323424968704/pu/vid/avc1/1280x720/bWTZQuokuJGCJwhz.mp4?tag=12	spawn ffmpeg ENOENT
https://video-s.twimg.com/ext_tw_video/1856183352249737216/pu/vid/avc1/832x720/oDmrHZdm34CdQBJM.mp4?tag=12	spawn ffmpeg ENOENT
https://video-s.twimg.com/ext_tw_video/1856184611392335872/pu/vid/avc1/720x1280/YDCi2DIn8cVBIeHI.mp4?tag=12	spawn ffmpeg ENOENT
https://video-s.twimg.com/ext_tw_video/1856185548794130432/pu/vid/avc1/1280x664/9NDr82jI4b-_5mGh.mp4?tag=12	spawn ffmpeg ENOENT
https://video-s.twimg.com/ext_tw_video/1856187850619854848/pu/vid/avc1/720x1280/4uBvesRBGBxlaxQi.mp4?tag=12	spawn ffmpeg ENOENT
https://video-s.twimg.com/ext_tw_video/1856188941705117696/pu/vid/avc1/1278x720/Z8TOoUIHr2lmYD1e.mp4?tag=12	spawn ffmpeg ENOENT
https://video-s.twimg.com/ext_tw_video/1856191175427756032/pu/vid/avc1/848x480/RgOC9wVMtob1V2BH.mp4?tag=12	spawn ffmpeg ENOENT
https://video-s.twimg.com/ext_tw_video/1856192030839349248/pu/vid/avc1/1280x720/WZrB5eBl8LJ1MBCo.mp4?tag=12	spawn ffmpeg ENOENT
https://video-s.twimg.com/ext_tw_video/1856192699751153664/pu/vid/avc1/720x1280/sq3c_iTfzsZvzuMC.mp4?tag=12	spawn ffmpeg ENOENT
https://video-s.twimg.com/ext_tw_video/1856193485323243520/pu/vid/avc1/858x576/7YFgmBV8HkOMMSoI.mp4?tag=12	spawn ffmpeg ENOENT
https://video-s.twimg.com/ext_tw_video/1856193977512267776/pu/vid/avc1/720x1280/s345iSuiG6RUOO0R.mp4?tag=12	spawn ffmpeg ENOENT
https://video-s.twimg.com/ext_tw_video/1856194693005996032/pu/vid/avc1/720x1280/r1OJKeVpgbOytXy5.mp4?tag=12	spawn ffmpeg ENOENT
https://video-s.twimg.com/ext_tw_video/1856195187296309248/pu/vid/avc1/720x1088/lBcO-Qj23eqH8yAy.mp4?tag=12	spawn ffmpeg ENOENT
https://video-s.twimg.com/ext_tw_video/1856195986164531200/pu/vid/avc1/608x1080/zG66jdEERQ2UaZLy.mp4?tag=12	spawn ffmpeg ENOENT
https://video-s.twimg.com/ext_tw_video/1856913819320139776/pu/vid/avc1/720x1280/KDMpsS5FYccaTq7W.mp4?tag=12	spawn ffmpeg ENOENT
https://video-s.twimg.com/ext_tw_video/1857544255603986432/pu/vid/avc1/720x1280/lsA1sWWAs3y_Y9Zu.mp4?tag=12	spawn ffmpeg ENOENT
https://video-s.twimg.com/ext_tw_video/1857544810560679936/pu/vid/avc1/720x1280/MIJKnOao-NbrS8qE.mp4?tag=12	spawn ffmpeg ENOENT
https://video-s.twimg.com/ext_tw_video/1857546482812899328/pu/vid/avc1/1280x720/vMa9e02u3V4DCVdH.mp4?tag=12	spawn ffmpeg ENOENT
https://video-s.twimg.com/ext_tw_video/1857547446890479616/pu/vid/avc1/720x1280/KDMrtv-aeQ27cTOj.mp4?tag=12	spawn ffmpeg ENOENT
https://video-s.twimg.com/ext_tw_video/1857548693601161216/pu/vid/avc1/720x1280/WeWQVc65lXLuv983.mp4?tag=12	spawn ffmpeg ENOENT
https://video-s.twimg.com/ext_tw_video/1857551109994192897/pu/vid/avc1/720x720/Op5C3Z0p6xjjm8MP.mp4?tag=12	spawn ffmpeg ENOENT
https://video-s.twimg.com/ext_tw_video/1860171099960414208/pu/vid/avc1/720x1280/rWLa1z9y_KlU5oef.mp4?tag=12	spawn ffmpeg ENOENT
https://video-s.twimg.com/ext_tw_video/1860172809382543360/pu/vid/avc1/720x1280/szF7xs01y-yv_FTh.mp4?tag=12	spawn ffmpeg ENOENT
https://video-s.twimg.com/ext_tw_video/1860175381250129920/pu/vid/avc1/720x1280/mcfJws8UiSnLVQNV.mp4?tag=12	spawn ffmpeg ENOENT
https://video-s.twimg.com/ext_tw_video/1860377386333753344/pu/vid/avc1/720x1280/MbJcspG-hzPgL07K.mp4?tag=12	spawn ffmpeg ENOENT
https://video-s.twimg.com/ext_tw_video/1860381197269970945/pu/vid/avc1/720x1280/22ZW9AM2BGmRUhqq.mp4?tag=12	spawn ffmpeg ENOENT
https://video-s.twimg.com/ext_tw_video/1860382364351815681/pu/vid/avc1/720x1128/rXvYo1qYLQfOFBTX.mp4?tag=12	spawn ffmpeg ENOENT
https://video-s.twimg.com/ext_tw_video/1860383213534773248/pu/vid/avc1/1284x720/PMHT8Ur_PDSVshUI.mp4?tag=12	spawn ffmpeg ENOENT
https://video-s.twimg.com/ext_tw_video/1860384066987503616/pu/vid/avc1/720x1280/9KkhbUBMsQDJ9MXU.mp4?tag=12	spawn ffmpeg ENOENT
https://video-s.twimg.com/ext_tw_video/1860384641967902720/pu/vid/avc1/720x1280/6jcAwf_nC23MNbzO.mp4?tag=12	spawn ffmpeg ENOENT
https://video-s.twimg.com/ext_tw_video/1860385591294111744/pu/vid/avc1/720x720/d7nDBPj_xya1NcTC.mp4?tag=12	spawn ffmpeg ENOENT
https://video-s.twimg.com/ext_tw_video/1860736717910630400/pu/vid/avc1/720x720/_oknItj8sR6WdZTX.mp4?tag=12	spawn ffmpeg ENOENT
https://video-s.twimg.com/ext_tw_video/1861101208330485760/pu/vid/avc1/720x1280/a5BOs8xU7mEh0Prl.mp4?tag=12	spawn ffmpeg ENOENT
https://video-s.twimg.com/ext_tw_video/1861103728712982528/pu/vid/avc1/1280x720/cK1UTNlGQO61A96k.mp4?tag=12	spawn ffmpeg ENOENT
https://video-s.twimg.com/ext_tw_video/1861106486249680896/pu/vid/avc1/720x1280/2UzoJE4hcqu1sak8.mp4?tag=12	spawn ffmpeg ENOENT
https://video-s.twimg.com/ext_tw_video/1861108788591296512/pu/vid/avc1/720x1280/sc5tLvddLvhbsTyQ.mp4?tag=12	spawn ffmpeg ENOENT
https://video-s.twimg.com/ext_tw_video/1861110408842534912/pu/vid/avc1/720x1280/tJjfD_qPbCBuhU_7.mp4?tag=12	spawn ffmpeg ENOENT
https://video-s.twimg.com/ext_tw_video/1861111332541509632/pu/vid/avc1/720x1280/b820mND7F1JhgU27.mp4?tag=12	spawn ffmpeg ENOENT
https://video-s.twimg.com/ext_tw_video/1861113973245870080/pu/vid/avc1/960x540/WTRXvWhnpbq79RMS.mp4?tag=12	spawn ffmpeg ENOENT
https://video-s.twimg.com/ext_tw_video/1861114874245345280/pu/vid/avc1/720x1280/QLAWKHJBOVjfeT9G.mp4?tag=12	spawn ffmpeg ENOENT
https://video-s.twimg.com/ext_tw_video/1861116105441325056/pu/vid/avc1/720x720/xkt-1u9n4PNYa_RA.mp4?tag=12	spawn ffmpeg ENOENT
https://video-s.twimg.com/ext_tw_video/1862686468763791360/pu/vid/avc1/720x1280/FxX6ZnplmBUDW-y4.mp4?tag=12	spawn ffmpeg ENOENT
https://video-s.twimg.com/ext_tw_video/1862687401836949504/pu/vid/avc1/576x1024/2NieSP-2ohVcVkZi.mp4?tag=12	spawn ffmpeg ENOENT
https://video-s.twimg.com/ext_tw_video/1862688322700632064/pu/vid/avc1/720x1280/r72R6E4VMGA6-ooV.mp4?tag=12	spawn ffmpeg ENOENT
https://video-s.twimg.com/ext_tw_video/1862689533529059328/pu/vid/avc1/720x1280/rRhqpDMyctWsLNob.mp4?tag=12	spawn ffmpeg ENOENT
https://video-s.twimg.com/ext_tw_video/1862691062856208384/pu/vid/avc1/1060x600/2nVfs6f1iSu_Ad9f.mp4?tag=12	spawn ffmpeg ENOENT
https://video-s.twimg.com/ext_tw_video/1864817830593470464/pu/vid/avc1/720x720/UAfZrEWvG7AJd7_0.mp4?tag=12	spawn ffmpeg ENOENT
https://video-s.twimg.com/ext_tw_video/1864818138728054784/pu/vid/avc1/720x720/hLq8cCxe1hkwcJxs.mp4?tag=12	spawn ffmpeg ENOENT
https://video-s.twimg.com/ext_tw_video/1864820090425806848/pu/vid/avc1/1280x720/UP5xnY384umTn2Q2.mp4?tag=12	spawn ffmpeg ENOENT
https://video-s.twimg.com/ext_tw_video/1864821030755225601/pu/vid/avc1/720x1280/u3uiTVVIuUEUuGLi.mp4?tag=12	spawn ffmpeg ENOENT
https://video-s.twimg.com/ext_tw_video/1864891582672982016/pu/vid/avc1/720x720/Vb9vJCSl9keDMsK4.mp4?tag=12	spawn ffmpeg ENOENT
https://video-s.twimg.com/ext_tw_video/1864892711846785024/pu/vid/avc1/720x720/-RzF-Kmc5IiQHbGg.mp4?tag=12	spawn ffmpeg ENOENT
https://video-s.twimg.com/ext_tw_video/1864893729498169344/pu/vid/avc1/720x720/zP9Ds5-giVBBZXK6.mp4?tag=12	spawn ffmpeg ENOENT
https://video-s.twimg.com/ext_tw_video/1864897284820828160/pu/vid/avc1/720x720/-Si-EbQp194uoHVv.mp4?tag=12	spawn ffmpeg ENOENT
https://video-s.twimg.com/ext_tw_video/1864899368895016960/pu/vid/avc1/1280x720/a7OJyQ0HnbzQ9dGI.mp4?tag=12	spawn ffmpeg ENOENT
https://video-s.twimg.com/ext_tw_video/1864901105789894656/pu/vid/avc1/720x1280/8KA1YbIGfmI5uhX3.mp4?tag=12	spawn ffmpeg ENOENT
https://video-s.twimg.com/ext_tw_video/1866683998719643648/pu/vid/avc1/720x1280/7NeSkYv0f2IdQpr1.mp4?tag=12	spawn ffmpeg ENOENT
https://video-s.twimg.com/ext_tw_video/1866688486964654080/pu/vid/avc1/720x1280/Tnay6oux6vtce7zA.mp4?tag=12	spawn ffmpeg ENOENT
https://video-s.twimg.com/ext_tw_video/1866689378786930689/pu/vid/avc1/720x1280/pMLbAtNNBle6WhYF.mp4?tag=12	spawn ffmpeg ENOENT
https://video-s.twimg.com/ext_tw_video/1866690011141124096/pu/vid/avc1/720x1280/leXoj4CkxHKqty57.mp4?tag=12	spawn ffmpeg ENOENT
https://video-s.twimg.com/ext_tw_video/1866690463555596288/pu/vid/avc1/720x1280/aN2lEWQrtSnnhPTH.mp4?tag=12	spawn ffmpeg ENOENT
https://video-s.twimg.com/ext_tw_video/1866690978607763456/pu/vid/avc1/720x1170/0E9F4NhsD255QL2t.mp4?tag=12	spawn ffmpeg ENOENT
https://video-s.twimg.com/ext_tw_video/1866691736761753600/pu/vid/avc1/720x1280/1dvWjAl4VQ7pDiWP.mp4?tag=12	spawn ffmpeg ENOENT
https://video-s.twimg.com/ext_tw_video/1870686936018374656/pu/vid/avc1/720x1280/kYiGKfIMjU7Ss7Qr.mp4?tag=12	spawn ffmpeg ENOENT
https://video-s.twimg.com/ext_tw_video/1870687720487428096/pu/vid/avc1/720x960/lNXHH2QnmiE9mwoJ.mp4?tag=12	spawn ffmpeg ENOENT
https://video-s.twimg.com/ext_tw_video/1870688950542614528/pu/vid/avc1/1280x720/pWbNkr5uo6tFwGav.mp4?tag=12	spawn ffmpeg ENOENT
https://video-s.twimg.com/ext_tw_video/1870689621689917440/pu/vid/avc1/720x1280/tYzToCH_jXOJ2z5e.mp4?tag=12	spawn ffmpeg ENOENT
https://video-s.twimg.com/ext_tw_video/1870690715333738496/pu/vid/avc1/1280x720/IfIMgoCFhCOmgNa_.mp4?tag=12	spawn ffmpeg ENOENT
https://video-s.twimg.com/ext_tw_video/1870692267201101824/pu/vid/avc1/1280x720/WRBm_-qPpOtoyxnQ.mp4?tag=12	spawn ffmpeg ENOENT
https://video-s.twimg.com/ext_tw_video/1870856801320574976/pu/vid/avc1/1280x720/ZPSuh9acrPH_YrSZ.mp4?tag=12	spawn ffmpeg ENOENT
https://video-s.twimg.com/ext_tw_video/1870861621750312960/pu/vid/avc1/720x960/VTSs9SocI_UQ1Vbd.mp4?tag=12	spawn ffmpeg ENOENT
https://video-s.twimg.com/ext_tw_video/1870862791868882944/pu/vid/avc1/720x944/GEbo7pShevpvjm7R.mp4?tag=12	spawn ffmpeg ENOENT
https://video-s.twimg.com/ext_tw_video/1870864100378468352/pu/vid/avc1/720x948/PQfJGcRmSuqfGHzn.mp4?tag=12	spawn ffmpeg ENOENT
https://video-s.twimg.com/ext_tw_video/1871051253918142464/pu/vid/avc1/720x1280/NwRjQEXzxp0Bziwf.mp4?tag=12	spawn ffmpeg ENOENT
https://video-s.twimg.com/ext_tw_video/1871053639403364352/pu/vid/avc1/720x1280/BMjRILuijdXePD1v.mp4?tag=12	spawn ffmpeg ENOENT
https://video-s.twimg.com/ext_tw_video/1871055327363293184/pu/vid/avc1/720x1280/w9cEaqNpyQ3p4y3Y.mp4?tag=12	spawn ffmpeg ENOENT
https://video-s.twimg.com/ext_tw_video/1871055464080793600/pu/vid/avc1/960x540/-zirG01vEJ0Z_PZo.mp4?tag=12	spawn ffmpeg ENOENT
https://video-s.twimg.com/ext_tw_video/1871057480907644928/pu/vid/avc1/720x720/aOCbUSyObmio6eea.mp4?tag=12	spawn ffmpeg ENOENT
https://video-s.twimg.com/ext_tw_video/1871059881546932224/pu/vid/avc1/720x720/eOHiXNE8Bqb4z9nA.mp4?tag=12	spawn ffmpeg ENOENT
https://video-s.twimg.com/ext_tw_video/1854319984228339732/pu/vid/avc1/720x720/qoB5fCWc7sLu2zVf.mp4?tag=12	spawn ffmpeg ENOENT
https://video.twimg.com/amplify_video/1844213473850380291/vid/avc1/1080x1920/S5Yk_6NLvMiwqFcZ.mp4?tag=16	spawn ffmpeg ENOENT
https://video.twimg.com/ext_tw_video/1846309525248188416/pu/vid/avc1/1080x1918/560LW3SoPixNDhPO.mp4?tag=14	spawn ffmpeg ENOENT
https://video.twimg.com/amplify_video/1838294326406975489/vid/avc1/1080x1920/J2_lXKg3GqXT5Dlx.mp4?tag=16	spawn ffmpeg ENOENT
https://video.twimg.com/amplify_video/1835223295232294912/vid/avc1/1080x1920/V0fUQym_GQTOuXny.mp4?tag=16	spawn ffmpeg ENOENT
https://video.twimg.com/amplify_video/1844418733864779781/vid/avc1/1080x1440/If_361I09l4WBVv2.mp4?tag=16	spawn ffmpeg ENOENT
https://video.twimg.com/amplify_video/1846262212047888385/vid/avc1/1280x720/c_nhapKdgsGg7_8X.mp4?tag=16	spawn ffmpeg ENOENT
https://video.twimg.com/ext_tw_video/1625534999322824704/pu/vid/720x1280/dpYGEhaxg4EIGTOo.mp4?tag=12	spawn ffmpeg ENOENT
https://video.twimg.com/amplify_video/1839322407649320960/vid/avc1/720x1280/3KlmS1FmQ0ZfnQ3T.mp4?tag=14	spawn ffmpeg ENOENT
https://video.twimg.com/ext_tw_video/1843803665217323008/pu/vid/avc1/906x706/M7Prr-lhV3PNK0Nq.mp4?tag=12	spawn ffmpeg ENOENT
https://video.twimg.com/amplify_video/1841716792915353600/vid/avc1/1080x1920/ZK2PrgobctrltZTq.mp4?tag=16	spawn ffmpeg ENOENT
https://video.twimg.com/ext_tw_video/1688151055555846145/pu/vid/1280x720/DRPVWSc-fxyh24hU.mp4?tag=12	spawn ffmpeg ENOENT
https://video.twimg.com/amplify_video/1837105016404070400/vid/avc1/1080x1920/hM5eHo71h_yUgTqw.mp4?tag=16	spawn ffmpeg ENOENT
https://video.twimg.com/amplify_video/1839411850586595328/vid/avc1/720x1290/3k463kNUkBkyGrlk.mp4?tag=16	spawn ffmpeg ENOENT
https://video.twimg.com/ext_tw_video/1838164130571972608/pu/vid/avc1/1280x720/Xqtut5TwkN0RiI5e.mp4?tag=12	spawn ffmpeg ENOENT
https://video.twimg.com/amplify_video/1836074600389656576/vid/avc1/1080x1920/IK_ysvHGbHjWkHOt.mp4?tag=16	spawn ffmpeg ENOENT
https://video.twimg.com/amplify_video/1835572038469345280/vid/avc1/320x320/5NY7AyrMNjWptSet.mp4?tag=14	spawn ffmpeg ENOENT
https://video.twimg.com/ext_tw_video/1836253875549904896/pu/vid/avc1/1280x720/Tne05LggRoXU2AE1.mp4?tag=12	spawn ffmpeg ENOENT
https://video.twimg.com/amplify_video/1834446427906334720/vid/avc1/1080x1920/Q92MVwG_poEYU3uR.mp4?tag=16	spawn ffmpeg ENOENT
https://video.twimg.com/amplify_video/1835070105065082880/vid/avc1/1214x720/aT5pt9UJd4pVk5Gu.mp4?tag=16	spawn ffmpeg ENOENT
https://video.twimg.com/ext_tw_video/1832780979246710784/pu/vid/avc1/720x1280/HlxNfiZVOGYC1h5C.mp4?tag=12	spawn ffmpeg ENOENT
https://video.twimg.com/ext_tw_video/1830978246068113408/pu/vid/avc1/1080x1920/eO7azfBxuPdm-rR7.mp4?tag=14	spawn ffmpeg ENOENT
https://video.twimg.com/amplify_video/1829605038907670529/vid/avc1/720x1280/Re0gZlrfB0mPpQwI.mp4?tag=14	spawn ffmpeg ENOENT
https://video.twimg.com/ext_tw_video/1830727466446368770/pu/vid/avc1/720x1280/wHRAOlZOC-TdJbVt.mp4?tag=12	spawn ffmpeg ENOENT
https://video.twimg.com/amplify_video/1774493055246069761/vid/avc1/1080x1920/MO0dt4EblZxSppDv.mp4?tag=16	spawn ffmpeg ENOENT
https://video.twimg.com/ext_tw_video/1710519210344955904/pu/vid/avc1/480x480/gt1s3wpW1CI28pXy.mp4?tag=12	spawn ffmpeg ENOENT
https://video.twimg.com/ext_tw_video/1828226229310255104/pu/vid/avc1/720x1280/JdLpz_8wLyhu_3ZX.mp4?tag=12	spawn ffmpeg ENOENT
https://video.twimg.com/ext_tw_video/1691970824499351552/pu/vid/720x1280/ckaccihvYvrNrMYa.mp4?tag=12	spawn ffmpeg ENOENT
https://video.twimg.com/amplify_video/1782844035641593860/vid/avc1/720x1180/UcRwDzk7VLIcY6mO.mp4?tag=14	spawn ffmpeg ENOENT
https://video.twimg.com/amplify_video/1822910010554511360/vid/avc1/480x852/WBTNutiGIU0WsW-f.mp4?tag=14	spawn ffmpeg ENOENT
https://video.twimg.com/amplify_video/1822143566962921472/vid/avc1/1080x1920/frxZghOQ6i6gfp0m.mp4?tag=16	spawn ffmpeg ENOENT
https://video.twimg.com/ext_tw_video/1323610868903514112/pu/vid/720x1280/KHSfwMcqnwNr_QrR.mp4?tag=10	spawn ffmpeg ENOENT
https://video.twimg.com/amplify_video/1820201966149988353/vid/avc1/720x1298/MpFi9eZs3ImhXtKZ.mp4?tag=16	spawn ffmpeg ENOENT
https://video.twimg.com/ext_tw_video/1501044902033072129/pu/vid/1232x656/6fL1x9_q3TDqkAqO.mp4?tag=12	spawn ffmpeg ENOENT
https://video.twimg.com/amplify_video/1815789189105111040/vid/avc1/480x480/X6KYrnKcks0KvOtT.mp4?tag=14	spawn ffmpeg ENOENT
https://video.twimg.com/amplify_video/1770254628623659008/vid/avc1/720x1280/z4CT1qi8zrTGnEKZ.mp4?tag=14	spawn ffmpeg ENOENT
https://video.twimg.com/amplify_video/1805814797327319040/vid/avc1/1080x1920/qUmupukOzDdcYGdO.mp4?tag=16	spawn ffmpeg ENOENT
https://video.twimg.com/amplify_video/1815046725792370688/vid/avc1/1080x1440/cO9DMQkjvlXfc_k1.mp4?tag=16	spawn ffmpeg ENOENT
https://video.twimg.com/amplify_video/1814342062818361344/vid/avc1/1080x1440/toJAwP2cWvpz2u8X.mp4?tag=16	spawn ffmpeg ENOENT
https://video.twimg.com/amplify_video/1813794827697532928/vid/avc1/1080x1920/vAJhivOKR8t8zJnh.mp4?tag=16	spawn ffmpeg ENOENT
https://video-t-1.twimg.com/amplify_video/1810528911685521408/vid/avc1/1080x1920/Hp7Bl8PIUokuyEm2.mp4?tag=16	spawn ffmpeg ENOENT
https://video-t-1.twimg.com/ext_tw_video/1806746958524035072/pu/vid/avc1/678x1280/Nr5yPwIFIJnWjyTN.mp4?tag=12	spawn ffmpeg ENOENT
https://video-t-1.twimg.com/amplify_video/1805814797327319040/vid/avc1/1080x1920/qUmupukOzDdcYGdO.mp4?tag=16	spawn ffmpeg ENOENT
https://video-t-1.twimg.com/ext_tw_video/1807051459617280000/pu/vid/avc1/398x690/kjKsRDxxQCqjlB5R.mp4?tag=12	spawn ffmpeg ENOENT
https://video-t-1.twimg.com/amplify_video/1803167273823145984/vid/avc1/1080x1920/gk53zjKpG7yS5rAZ.mp4?tag=16	spawn ffmpeg ENOENT
https://video-t-1.twimg.com/ext_tw_video/1791536976203780096/pu/vid/avc1/1280x720/lb9pHMXz9vWBahYB.mp4?tag=12	spawn ffmpeg ENOENT
https://video-t-1.twimg.com/amplify_video/1792010089680809984/vid/avc1/720x1280/qFe67i8fqEsqPdqx.mp4?tag=14	spawn ffmpeg ENOENT
https://video-t-1.twimg.com/amplify_video/1801332635874299905/vid/avc1/720x720/4fCys6e5MACcgPDN.mp4?tag=14	spawn ffmpeg ENOENT
https://video-t-1.twimg.com/ext_tw_video/1728614823036870656/pu/vid/avc1/720x1280/lf2hvCaNKz5JOEDg.mp4?tag=12	spawn ffmpeg ENOENT
https://video-t-1.twimg.com/ext_tw_video/1798414628604551169/pu/vid/avc1/720x1280/HUyXDXflgW4r0hly.mp4?tag=12	spawn ffmpeg ENOENT
https://video-t-1.twimg.com/amplify_video/1787470527726002176/vid/avc1/720x1280/lKVRfD9pb6s4tM1Y.mp4?tag=14	spawn ffmpeg ENOENT
https://video-t-1.twimg.com/amplify_video/1796042668490756096/vid/avc1/720x1278/tu7JIkWRASBFZ5UG.mp4?tag=14	spawn ffmpeg ENOENT
https://video-t-1.twimg.com/amplify_video/1763973842832330752/vid/avc1/1280x720/5jb8HmA2DAH59PYt.mp4?tag=14	spawn ffmpeg ENOENT
https://video-t-1.twimg.com/ext_tw_video/1796602625816727552/pu/vid/avc1/1280x720/4VP9plqVJHCUNi-f.mp4?tag=12	spawn ffmpeg ENOENT
https://video.twimg.com/amplify_video/1769492836918157312/vid/avc1/720x1280/k6wAIXLRaz-oTMsZ.mp4?tag=14	spawn ffmpeg ENOENT
https://video.twimg.com/amplify_video/1738999565788049408/vid/avc1/720x1048/cUUduQrCe_7yLtsI.mp4?tag=14	spawn ffmpeg ENOENT
https://video.twimg.com/amplify_video/1794931905558958080/vid/avc1/720x1280/BrH8MnCN3JFhqOht.mp4?tag=14	spawn ffmpeg ENOENT
https://video.twimg.com/ext_tw_video/1794943288249659392/pu/vid/avc1/720x1280/vczhWG583Fxkkrby.mp4?tag=12	spawn ffmpeg ENOENT
https://video.twimg.com/amplify_video/1790934363443441665/vid/avc1/1080x1920/f5x3FlOB6MBX4Lkq.mp4?tag=16	spawn ffmpeg ENOENT
https://video.twimg.com/amplify_video/1790559168375746560/vid/avc1/720x1280/63Bo5taBY4gTzC7l.mp4?tag=14	spawn ffmpeg ENOENT
https://video.twimg.com/ext_tw_video/1791536976203780096/pu/vid/avc1/1280x720/lb9pHMXz9vWBahYB.mp4?tag=12	spawn ffmpeg ENOENT
https://video-ft.twimg.com/amplify_video/1757468447644975104/vid/avc1/1280x720/jtZxhksKGdqu9u6J.mp4?tag=14	spawn ffmpeg ENOENT
https://video.twimg.com/ext_tw_video/1788962212083564544/pu/vid/avc1/720x960/IK9OLq937ro39kRS.mp4?tag=12	spawn ffmpeg ENOENT
https://video.twimg.com/amplify_video/1788725051304431617/vid/avc1/672x480/fYJER1PA7SfShZv4.mp4?tag=14	spawn ffmpeg ENOENT
https://video.twimg.com/ext_tw_video/1781412599650820096/pu/vid/avc1/720x1280/eTR79VhXA0B79pZi.mp4?tag=12	spawn ffmpeg ENOENT
https://video.twimg.com/amplify_video/1788772854885949440/vid/avc1/1080x1920/SGZqHEQA0-5QMNM1.mp4?tag=16	spawn ffmpeg ENOENT
https://video.twimg.com/amplify_video/1788324293635383296/vid/avc1/1280x720/pmOPxjuQB4Yl8u6k.mp4?tag=14	spawn ffmpeg ENOENT
https://video.twimg.com/ext_tw_video/1362741882460200962/pu/vid/1024x576/nQSpNic3z0s83KeO.mp4?tag=10	spawn ffmpeg ENOENT
https://video.twimg.com/ext_tw_video/1362741468411146248/pu/vid/1024x576/Z3R5xnqTHqrVZj9-.mp4?tag=10	spawn ffmpeg ENOENT
https://video.twimg.com/ext_tw_video/1395142277761310723/pu/vid/1280x720/H4PFqrapgsrSAL95.mp4?tag=12	spawn ffmpeg ENOENT
https://video.twimg.com/amplify_video/1777522353783672832/vid/avc1/1080x1920/80Uo36Y9rXBH2d2u.mp4?tag=16	spawn ffmpeg ENOENT
https://video.twimg.com/amplify_video/1770270539304566784/vid/avc1/1280x720/FYwFT3Ahmhw7Kw3H.mp4?tag=14	spawn ffmpeg ENOENT
https://video.twimg.com/amplify_video/1778642717418885120/vid/avc1/1080x1920/Q1z4HmcFVztvn6dU.mp4?tag=20	spawn ffmpeg ENOENT
https://video.twimg.com/amplify_video/1777498550030454785/vid/avc1/1080x1920/v26iGUQc91QkPnCQ.mp4?tag=16	spawn ffmpeg ENOENT
https://video.twimg.com/ext_tw_video/1695863445395030016/pu/vid/720x720/sqLL9aFNcZs_JHCo.mp4?tag=12	spawn ffmpeg ENOENT
https://video.twimg.com/ext_tw_video/1687506050554179584/pu/vid/888x662/trqG6rkoPFBn2OOF.mp4?tag=12	spawn ffmpeg ENOENT
https://video.twimg.com/amplify_video/1770332445541543936/vid/avc1/1282x720/Jr4YaURs4y08MJbd.mp4?tag=14	spawn ffmpeg ENOENT
https://video.twimg.com/amplify_video/1702748379816525824/vid/avc1/720x1280/UiU4J8YsAlJ5K0pK.mp4?tag=14	spawn ffmpeg ENOENT
https://video.twimg.com/amplify_video/1749750095220744192/vid/avc1/720x1278/B0oIQeThnrWHUyxA.mp4?tag=14	spawn ffmpeg ENOENT
https://video.twimg.com/ext_tw_video/1768336377064632320/pu/vid/avc1/1280x720/rFRVoyOS6nQMbGL9.mp4?tag=12	spawn ffmpeg ENOENT
https://video.twimg.com/ext_tw_video/1763226988158799872/pu/vid/avc1/720x1560/ufuUwHm8CKblXsJn.mp4?tag=12	spawn ffmpeg ENOENT
https://video.twimg.com/amplify_video/1761949913586298882/vid/avc1/720x1234/1eFXrJzVD_BP6d44.mp4?tag=14	spawn ffmpeg ENOENT
https://video.twimg.com/ext_tw_video/1743442417959763968/pu/vid/avc1/720x720/9Vp2VfFGn9LMTsrK.mp4?tag=12	spawn ffmpeg ENOENT
https://video.twimg.com/amplify_video/1764629765787615232/vid/avc1/720x1560/IG_moyPNLeYnPSUH.mp4?tag=14	spawn ffmpeg ENOENT
https://video.twimg.com/amplify_video/1738954692514955264/vid/avc1/1280x720/JZjvGNaAvJev1EMs.mp4?tag=14	spawn ffmpeg ENOENT
https://video.twimg.com/ext_tw_video/1739672624010317824/pu/vid/avc1/720x1240/iPbEyL-yxLaDOVSw.mp4?tag=12	spawn ffmpeg ENOENT
https://video.twimg.com/amplify_video/1740869556808351744/vid/avc1/1280x720/a0UU5XmCdX3cC47g.mp4?tag=14	spawn ffmpeg ENOENT
https://video.twimg.com/ext_tw_video/1761371042877001729/pu/vid/avc1/1280x720/GxTUe7cOIZ-2C9Cq.mp4?tag=12	spawn ffmpeg ENOENT
https://video.twimg.com/amplify_video/1743699017580576769/vid/avc1/720x1198/QhGLrirtYlOYXZ3t.mp4?tag=14	spawn ffmpeg ENOENT
https://video.twimg.com/ext_tw_video/1761103886524289024/pu/vid/avc1/960x720/wQ50ifcqqHDsDXAi.mp4?tag=12	spawn ffmpeg ENOENT
https://video.twimg.com/ext_tw_video/1744032008756506624/pu/vid/avc1/720x1258/wtrbSwQ5FLjBvanK.mp4?tag=12	spawn ffmpeg ENOENT
https://video.twimg.com/ext_tw_video/1753648840551346176/pu/vid/avc1/480x852/vVd5MN9v89k5ilBk.mp4?tag=12	spawn ffmpeg ENOENT
https://video.twimg.com/ext_tw_video/1756779361242353665/pu/vid/avc1/842x720/IWKKctzn9If1a9qW.mp4?tag=12	spawn ffmpeg ENOENT
https://video-ft.twimg.com/amplify_video/1679714916540862467/vid/720x1280/qhuGPyWMnFxJ5RXF.mp4?tag=14	spawn ffmpeg ENOENT
https://video-ft.twimg.com/ext_tw_video/1749163087645532162/pu/vid/avc1/720x1280/7LF7p5665a_hWjHH.mp4?tag=12	spawn ffmpeg ENOENT
https://video-ft.twimg.com/amplify_video/1655600489499639808/vid/720x1280/29Z7DF_7DWlFvumy.mp4?tag=14	spawn ffmpeg ENOENT
https://video-ft.twimg.com/ext_tw_video/1742177592948772864/pu/vid/avc1/720x1280/6MLbL8Ch0-amj_l5.mp4?tag=12	spawn ffmpeg ENOENT
https://video-ft.twimg.com/amplify_video/1747451362743406592/vid/avc1/720x960/rrpHwUWKvQTz0XPE.mp4?tag=14	spawn ffmpeg ENOENT
https://video-ft.twimg.com/amplify_video/1749087226988732416/vid/avc1/720x960/xBOZiuwkfjdytqZL.mp4?tag=14	spawn ffmpeg ENOENT
https://video-ft.twimg.com/ext_tw_video/1728614823036870656/pu/vid/avc1/720x1280/lf2hvCaNKz5JOEDg.mp4?tag=12	spawn ffmpeg ENOENT
https://video-ft.twimg.com/amplify_video/1734978300554919937/vid/avc1/720x1156/oCD80SFdNvBPKLy7.mp4?tag=14	spawn ffmpeg ENOENT
https://video-ft.twimg.com/ext_tw_video/1742530997244035072/pu/vid/avc1/720x1280/njO61bjdeeIFCIaH.mp4?tag=12	spawn ffmpeg ENOENT
https://video-ft.twimg.com/ext_tw_video/1639710735679856640/pu/vid/1280x720/BN006ULE0LlkQ9yk.mp4?tag=12	spawn ffmpeg ENOENT
https://video-ft.twimg.com/ext_tw_video/1621127469020463104/pu/vid/720x1280/yhYsfIJicDo2c4qU.mp4?tag=12	spawn ffmpeg ENOENT
https://video-ft.twimg.com/ext_tw_video/1744101730638327808/pu/vid/avc1/720x1280/_GYjZp06a10BgiRA.mp4?tag=12	spawn ffmpeg ENOENT
https://video-ft.twimg.com/amplify_video/1738954692514955264/vid/avc1/1280x720/JZjvGNaAvJev1EMs.mp4?tag=14	spawn ffmpeg ENOENT
https://video-ft.twimg.com/amplify_video/1738999565788049408/vid/avc1/720x1048/cUUduQrCe_7yLtsI.mp4?tag=14	spawn ffmpeg ENOENT
https://video-ft.twimg.com/amplify_video/1684684770822008835/vid/1280x720/-4NQgRiuEC5Ns4-4.mp4?tag=14	spawn ffmpeg ENOENT
https://video-ft.twimg.com/amplify_video/1743699017580576769/vid/avc1/720x1198/QhGLrirtYlOYXZ3t.mp4?tag=14	spawn ffmpeg ENOENT
https://video-ft.twimg.com/amplify_video/1724647700509978624/vid/avc1/1080x1920/AT_94wqk7X46Phhe.mp4?tag=16	spawn ffmpeg ENOENT
https://video-ft.twimg.com/amplify_video/1742820865199247361/vid/avc1/720x1280/lQpASYcMCKfVp-sN.mp4?tag=14	spawn ffmpeg ENOENT
https://video-t-2.twimg.com/ext_tw_video/1652995413580951552/pu/vid/1600x720/gFE89ALcRevrG3Mk.mp4?tag=12	spawn ffmpeg ENOENT
https://video-t-2.twimg.com/amplify_video/1741542072803532800/vid/avc1/1080x1920/ni9Xj1MNGbTKRvLz.mp4?tag=16	spawn ffmpeg ENOENT
https://video-t-2.twimg.com/amplify_video/1738162324169457664/vid/avc1/720x1280/d6UPW8x7QMjZjvS7.mp4?tag=14	spawn ffmpeg ENOENT
https://video-t-2.twimg.com/amplify_video/1686407508402020352/vid/720x1280/YrVsMFj-cCDyt9JG.mp4?tag=14	spawn ffmpeg ENOENT
https://video-t-2.twimg.com/ext_tw_video/1726986907186253824/pu/vid/avc1/720x1280/3ijBwqZ81Snf_oHm.mp4?tag=12	spawn ffmpeg ENOENT
https://video-t-2.twimg.com/ext_tw_video/1594709795470204929/pu/vid/720x1280/7JIFYY0qPGWQqSXP.mp4?tag=12	spawn ffmpeg ENOENT
https://video-t-2.twimg.com/ext_tw_video/1732757010460905472/pu/vid/avc1/720x1280/bSGMXM7W3HEmvIxP.mp4?tag=12	spawn ffmpeg ENOENT
https://video-t-2.twimg.com/amplify_video/1717617780772507648/vid/avc1/720x1280/M-O-I3A8eOxtCjnv.mp4?tag=14	spawn ffmpeg ENOENT
https://video-t-2.twimg.com/ext_tw_video/1708845008982343680/pu/vid/avc1/720x1280/3Ci7EhXuHd-lVapt.mp4?tag=12	spawn ffmpeg ENOENT
https://video-t-2.twimg.com/ext_tw_video/1701611883856572416/pu/vid/avc1/720x1280/GpD6ofsT80FgV7wK.mp4?tag=12	spawn ffmpeg ENOENT
https://video-t-2.twimg.com/ext_tw_video/1724478527389454336/pu/vid/avc1/1280x720/lMMPfo7RFCLy7Wgd.mp4?tag=12	spawn ffmpeg ENOENT
https://video-t-1.twimg.com/ext_tw_video/1681448120801013761/pu/vid/720x720/9h9fekAx8iS9gJqU.mp4?tag=12	spawn ffmpeg ENOENT
https://video-t-1.twimg.com/ext_tw_video/1249877575192604672/pu/vid/1280x720/XpurltnAchgqdCQV.mp4?tag=10	spawn ffmpeg ENOENT
https://video-t-1.twimg.com/amplify_video/1732087414603071488/vid/avc1/720x1188/D_DsbnpjRdv65zfm.mp4?tag=14	spawn ffmpeg ENOENT
https://video-t-1.twimg.com/ext_tw_video/1725961077375266816/pu/vid/avc1/720x1280/Y5O8VM2f03_FjnhK.mp4?tag=12	spawn ffmpeg ENOENT
https://video-t-1.twimg.com/amplify_video/1730428574904045568/vid/avc1/1080x1920/coDgqjeZJnP7sncN.mp4?tag=16	spawn ffmpeg ENOENT
https://video-t-1.twimg.com/ext_tw_video/1729952927454806016/pu/vid/avc1/720x1280/BxKFhxbVhUbjJ4UB.mp4?tag=12	spawn ffmpeg ENOENT
https://video-t-1.twimg.com/ext_tw_video/1729954558191800320/pu/vid/avc1/1280x720/faSuydUZOdCHLIdJ.mp4?tag=12	spawn ffmpeg ENOENT
https://video-t-1.twimg.com/ext_tw_video/1722479843957497856/pu/vid/avc1/1108x720/PPWk19Kpr_Xks8Ut.mp4?tag=12	spawn ffmpeg ENOENT
https://video-t-1.twimg.com/amplify_video/1728145829163368448/vid/avc1/720x1280/sLTsUT78ElNffnTr.mp4?tag=14	spawn ffmpeg ENOENT
https://video-t-1.twimg.com/ext_tw_video/1728104190042599428/pu/vid/avc1/720x1280/xdvnEYRy_eTNOyGd.mp4?tag=12	spawn ffmpeg ENOENT
https://video-t-1.twimg.com/amplify_video/1638335569985167360/vid/1080x1920/qMu4u9fXly5OBzBe.mp4?tag=16	spawn ffmpeg ENOENT
https://video-t-1.twimg.com/ext_tw_video/1641199350104698885/pu/vid/720x1280/mIzk2ki2JNIBeIfx.mp4?tag=12	spawn ffmpeg ENOENT
https://video.twimg.com/ext_tw_video/1700510313215676417/pu/vid/avc1/720x1280/N7tSY1TKq5VUof9Z.mp4?tag=12	spawn ffmpeg ENOENT
https://video.twimg.com/amplify_video/1720295356658036736/vid/avc1/720x1280/HOPKwM1Y-Ztmzby1.mp4?tag=14	spawn ffmpeg ENOENT
https://video.twimg.com/amplify_video/1721819102413520896/vid/avc1/720x720/gZrksLYLMIeHmo17.mp4?tag=14	spawn ffmpeg ENOENT
https://video.twimg.com/ext_tw_video/1579220353133461507/pu/vid/720x1280/uag5GaXNyuSPu4qr.mp4?tag=12	spawn ffmpeg ENOENT
https://video.twimg.com/ext_tw_video/1707697737217798144/pu/vid/avc1/1080x1920/XTi00HkJl4zVGnZg.mp4?tag=14	spawn ffmpeg ENOENT
https://video.twimg.com/ext_tw_video/1721363901097652224/pu/vid/avc1/720x1166/1OLu_DJkbxan7hoH.mp4?tag=12	spawn ffmpeg ENOENT
https://video.twimg.com/ext_tw_video/1721363500608688128/pu/vid/avc1/720x1230/myuDMUcmb1FEcpPT.mp4?tag=12	spawn ffmpeg ENOENT
https://video.twimg.com/ext_tw_video/1716977306743312384/pu/vid/avc1/720x720/EyutjypOzzHq1QZi.mp4?tag=12	spawn ffmpeg ENOENT
https://video.twimg.com/ext_tw_video/1676212251907223554/pu/vid/720x1280/J3d8-LfRIHi8gXbA.mp4?tag=12	spawn ffmpeg ENOENT
https://video.twimg.com/amplify_video/1708449024611672064/vid/avc1/720x1280/keRo2jIpJVcz4AJf.mp4?tag=14	spawn ffmpeg ENOENT
https://video.twimg.com/amplify_video/1704227923417251840/vid/avc1/720x1280/Vmj9BzO6kZ5yN6Eb.mp4?tag=14	spawn ffmpeg ENOENT
https://video.twimg.com/ext_tw_video/1706028153041256449/pu/vid/avc1/854x522/lOjXdY9REDVz4fMl.mp4?tag=12	spawn ffmpeg ENOENT
https://video.twimg.com/ext_tw_video/1712831385629593601/pu/vid/avc1/720x1232/ZXQxUIjRjzkfijNW.mp4?tag=12	spawn ffmpeg ENOENT
https://video.twimg.com/amplify_video/1710038189526876160/vid/avc1/1232x720/CXqb2buye_YtKxu8.mp4?tag=14	spawn ffmpeg ENOENT
https://video.twimg.com/ext_tw_video/1579563095751593994/pu/vid/720x722/Fawz3CHOulWSpr5k.mp4?tag=12	spawn ffmpeg ENOENT
https://video.twimg.com/amplify_video/1707492718488829952/vid/avc1/404x720/g4Bf0Cj8GqVIXOp1.mp4?tag=14	spawn ffmpeg ENOENT
https://video.twimg.com/amplify_video/1703796365002964992/vid/avc1/720x986/O_3w0pTTFFrTW-4S.mp4?tag=14	spawn ffmpeg ENOENT
https://video.twimg.com/amplify_video/1701063303831695360/vid/avc1/1080x1920/2xHj2TKObzeXl_UN.mp4?tag=16	spawn ffmpeg ENOENT
https://video.twimg.com/ext_tw_video/1700361969490874368/pu/vid/avc1/720x720/nknhaREsS7caPBLn.mp4?tag=12	spawn ffmpeg ENOENT
https://video.twimg.com/ext_tw_video/1682127141767397377/pu/vid/1280x720/B8Cw-1GjoUzhWS9T.mp4?tag=12	spawn ffmpeg ENOENT
https://video.twimg.com/amplify_video/1688419831370891266/vid/1080x1920/9R76-LF8rlA-MvU8.mp4?tag=16	spawn ffmpeg ENOENT
https://video.twimg.com/ext_tw_video/1577414301719183363/pu/vid/1280x720/juP2cMxy7VdMEAxt.mp4?tag=12	spawn ffmpeg ENOENT
https://video.twimg.com/amplify_video/1693023699820036096/vid/720x1280/wKR9kAckYPdzsW1B.mp4?tag=14	spawn ffmpeg ENOENT
https://video.twimg.com/amplify_video/1649240491471536128/vid/1080x1920/5_EL7YO2mTlIRcMr.mp4?tag=16	spawn ffmpeg ENOENT
https://video.twimg.com/ext_tw_video/1405238699432972288/pu/vid/720x1280/BtvASzye-AktAkzV.mp4?tag=12	spawn ffmpeg ENOENT
https://video.twimg.com/amplify_video/1689131274496045056/vid/1080x1920/HjuII8jLsKhLKbXb.mp4?tag=16	spawn ffmpeg ENOENT
https://video.twimg.com/ext_tw_video/1610074069918949377/pu/vid/608x1080/YJL8kEAq9I9caUde.mp4?tag=12	spawn ffmpeg ENOENT
https://video.twimg.com/ext_tw_video/1609957672056508416/pu/vid/720x848/gOaaZ2mjwWgzLe8E.mp4?tag=12	spawn ffmpeg ENOENT
https://video.twimg.com/ext_tw_video/1676990223937306624/pu/vid/1080x1920/TnQFvFDcvRxofKpE.mp4?tag=14	spawn ffmpeg ENOENT
https://video.twimg.com/ext_tw_video/1639131203361034240/pu/vid/1080x1920/S9MYLQMv5tHDqXR2.mp4?tag=14	spawn ffmpeg ENOENT
https://video.twimg.com/ext_tw_video/1686143326582419457/pu/vid/480x852/f9tPvzvzYNizdS8i.mp4?tag=12	spawn ffmpeg ENOENT
https://video.twimg.com/ext_tw_video/1680196899775692800/pu/vid/480x864/_R4ezICZhlymqhe8.mp4?tag=12	spawn ffmpeg ENOENT
https://video.twimg.com/ext_tw_video/1681618826029350915/pu/vid/718x1280/vSJRmi3wQJezEoqF.mp4?tag=12	spawn ffmpeg ENOENT
https://video.twimg.com/amplify_video/1682498725158047747/vid/720x1356/WDwhav1WNfmml-AE.mp4?tag=14	spawn ffmpeg ENOENT
https://video.twimg.com/amplify_video/1682137532710961157/vid/608x1080/sq0H9L8tw14ppXqg.mp4?tag=14	spawn ffmpeg ENOENT
https://video.twimg.com/ext_tw_video/1564388190680915968/pu/vid/1280x720/p-86RCnYhaeRCz7h.mp4?tag=12	spawn ffmpeg ENOENT
https://video.twimg.com/amplify_video/1672020809349738497/vid/1280x720/e8nRidAYiRBSEyRJ.mp4?tag=14	spawn ffmpeg ENOENT
https://video.twimg.com/ext_tw_video/1681096495620136961/pu/vid/720x1280/aRq9xkDsW45_RHY_.mp4?tag=12	spawn ffmpeg ENOENT
https://video.twimg.com/amplify_video/1661907837898092544/vid/720x1280/sFCGZRQICwHwK_TC.mp4?tag=14	spawn ffmpeg ENOENT
https://video.twimg.com/amplify_video/1680346564630306817/vid/720x1288/j2_FrLUNQ2ehpGsm.mp4?tag=14	spawn ffmpeg ENOENT
https://video.twimg.com/ext_tw_video/1623768616054272000/pu/vid/1280x720/6-pb3SjlL35U3fxj.mp4?tag=12	spawn ffmpeg ENOENT
https://video.twimg.com/ext_tw_video/1678409438053429250/pu/vid/1280x720/w0NlVGt8haaU41tY.mp4?tag=12	spawn ffmpeg ENOENT
https://video.twimg.com/amplify_video/1679241127268941824/vid/602x1068/tlAjQF3ixwk3dcAG.mp4?tag=14	spawn ffmpeg ENOENT
https://video.twimg.com/ext_tw_video/1676316617762897921/pu/vid/1280x720/jVoXF7DN2-bvSoNX.mp4?tag=12	spawn ffmpeg ENOENT
https://video.twimg.com/ext_tw_video/1580212046699921408/pu/vid/720x1280/qiZ78Q87UlKp5uRT.mp4?tag=12	spawn ffmpeg ENOENT
https://video.twimg.com/amplify_video/1662933976204599297/vid/720x1280/7DKuOXSTxM_AClRD.mp4?tag=14	spawn ffmpeg ENOENT
https://video.twimg.com/amplify_video/1670871705705762818/vid/720x1280/wDMHvpLKPAMjgamI.mp4?tag=14	spawn ffmpeg ENOENT
https://video.twimg.com/amplify_video/1658579664925761537/vid/720x1280/OKGvQ0grFwCLso4C.mp4?tag=14	spawn ffmpeg ENOENT
https://video.twimg.com/amplify_video/1668724893565722628/vid/720x1128/Eo12T7YdllZQFP4W.mp4?tag=14	spawn ffmpeg ENOENT
https://video.twimg.com/amplify_video/1669823763527901186/vid/720x1288/-ltxxXp8IC7Z3nMl.mp4?tag=14	spawn ffmpeg ENOENT
https://video.twimg.com/amplify_video/1670535348147953664/vid/720x1282/K9de-7ht-snohx6w.mp4?tag=14	spawn ffmpeg ENOENT
https://video.twimg.com/amplify_video/1668732972676300801/vid/1080x1920/NJnQ4aHblmKnubRJ.mp4?tag=16	spawn ffmpeg ENOENT
https://video.twimg.com/ext_tw_video/1660426836457791499/pu/vid/720x1280/Vcb0BlESUmj9KjOm.mp4?tag=12	spawn ffmpeg ENOENT
https://video.twimg.com/ext_tw_video/1660082540802195456/pu/vid/720x720/pYRbUS2BSvt74KX6.mp4?tag=12	spawn ffmpeg ENOENT
https://video.twimg.com/amplify_video/1660349583363395585/vid/720x1058/4ZUjUm-EvM4K-Ag0.mp4?tag=14	spawn ffmpeg ENOENT
https://video.twimg.com/ext_tw_video/1538547864401584129/pu/vid/640x360/s06UJSHa1aZJgtad.mp4?tag=12	spawn ffmpeg ENOENT
https://video.twimg.com/ext_tw_video/1634434630387417089/pu/vid/846x480/TnzDSig9dBmkcnAN.mp4?tag=12	spawn ffmpeg ENOENT
https://video.twimg.com/ext_tw_video/1227305079256076291/pu/vid/480x480/n27jHhm-DzaTVP_V.mp4?tag=10	spawn ffmpeg ENOENT
https://video.twimg.com/amplify_video/1631519253684789248/vid/1280x720/6XCfjGpZ4Nddeb3t.mp4?tag=14	spawn ffmpeg ENOENT
https://video.twimg.com/ext_tw_video/1625513290125246464/pu/vid/720x1280/cxkSvnds_iQHF4vl.mp4?tag=12	spawn ffmpeg ENOENT
https://video.twimg.com/ext_tw_video/1649868381892509698/pu/vid/720x1084/CZD5JEKmdikshWvR.mp4?tag=12	spawn ffmpeg ENOENT
https://video.twimg.com/ext_tw_video/1382478383695724545/pu/vid/720x1280/3mFJjJde4NGzmbos.mp4?tag=12	spawn ffmpeg ENOENT
https://video.twimg.com/ext_tw_video/1657649145216368646/pu/vid/480x848/63YJZWJYHj0P6__k.mp4?tag=12	spawn ffmpeg ENOENT
https://video.twimg.com/ext_tw_video/1661259466984112134/pu/vid/848x496/pKy8QH6XFB0fB5ib.mp4?tag=12	spawn ffmpeg ENOENT
https://video.twimg.com/ext_tw_video/1274894903839879170/pu/vid/720x1280/Ei1jsZHyY7v9Dtuj.mp4?tag=10	spawn ffmpeg ENOENT
https://video.twimg.com/ext_tw_video/1274894585676742658/pu/vid/720x1280/ACAGz75_0L2mtoPe.mp4?tag=10	spawn ffmpeg ENOENT
https://video.twimg.com/ext_tw_video/1651410085552304128/pu/vid/720x1280/9D4Gb47K3Y4sTa-O.mp4?tag=12	spawn ffmpeg ENOENT
https://video.twimg.com/ext_tw_video/1659024960839462918/pu/vid/1280x720/HmeliPXo5dmLqJHv.mp4?tag=12	spawn ffmpeg ENOENT
https://video.twimg.com/ext_tw_video/1650037097774952448/pu/vid/720x720/flChOxWSBWTraW3G.mp4?tag=12	spawn ffmpeg ENOENT
https://video.twimg.com/ext_tw_video/1634088212564934656/pu/vid/720x1280/2EW6DsC35GqsZZMz.mp4?tag=12	spawn ffmpeg ENOENT
https://video.twimg.com/ext_tw_video/1653622117253128192/pu/vid/1280x720/rnFDIxY_sXKBA6Kf.mp4?tag=12	spawn ffmpeg ENOENT
https://video.twimg.com/amplify_video/1652066558385029120/vid/612x1080/DqD6WSSrgha78OvA.mp4?tag=16	spawn ffmpeg ENOENT
https://video.twimg.com/ext_tw_video/1450977878515101698/pu/vid/1280x720/7uSZdb1ZQwHBzrRT.mp4?tag=12	spawn ffmpeg ENOENT
https://video.twimg.com/ext_tw_video/1649884947325366272/pu/vid/720x1280/kpzWr6BaY5dDMJfQ.mp4?tag=12	spawn ffmpeg ENOENT
https://video.twimg.com/ext_tw_video/1649522028460777473/pu/vid/714x1280/_LnZtFoE35x1Eilk.mp4?tag=12	spawn ffmpeg ENOENT
https://video.twimg.com/ext_tw_video/1644808571748593666/pu/vid/720x1280/WpmF9h4-8rnbufaA.mp4?tag=12	spawn ffmpeg ENOENT
https://video.twimg.com/ext_tw_video/1648932544996335616/pu/vid/852x478/O5SY2KPA7B8z1-6S.mp4?tag=12	spawn ffmpeg ENOENT
https://video.twimg.com/ext_tw_video/1648933292220067841/pu/vid/610x338/V2h8pNduXB9d2bfK.mp4?tag=12	spawn ffmpeg ENOENT
https://video.twimg.com/ext_tw_video/1646130598879035394/pu/vid/720x1280/yzattsmPWVoXLteq.mp4?tag=12	spawn ffmpeg ENOENT
https://video.twimg.com/ext_tw_video/1643972713147674627/pu/vid/1280x676/Z9bYsiUMqsaIVEH6.mp4?tag=12	spawn ffmpeg ENOENT
https://video.twimg.com/ext_tw_video/1445356573640036352/pu/vid/640x640/Vo6GUyVkvxr-VQx3.mp4?tag=12	spawn ffmpeg ENOENT
https://video.twimg.com/ext_tw_video/1628065912522698752/pu/vid/1280x720/1Dap0cvBStS6y2L1.mp4?tag=12	spawn ffmpeg ENOENT
https://video.twimg.com/ext_tw_video/1635743443015159809/pu/vid/404x720/ZAWXHNfF-dn2J_Q_.mp4?tag=12	spawn ffmpeg ENOENT
https://video.twimg.com/ext_tw_video/1634927275090104321/pu/vid/960x720/jMnsnOu6oAxtG81c.mp4?tag=12	spawn ffmpeg ENOENT
https://video.twimg.com/amplify_video/1631962176952082432/vid/1080x1920/mf81HCtXX7_6cvPG.mp4?tag=16	spawn ffmpeg ENOENT
https://video.twimg.com/ext_tw_video/1634904883659784192/pu/vid/720x1280/fCcV0LI03enGr5Q4.mp4?tag=12	spawn ffmpeg ENOENT
https://video.twimg.com/ext_tw_video/1520152850021638144/pu/vid/720x720/2Ba_r3anD_fvqdoc.mp4?tag=12	spawn ffmpeg ENOENT
https://video.twimg.com/ext_tw_video/1505900482274942976/pu/vid/720x1280/g39J-fgfC0JTVR55.mp4?tag=12	spawn ffmpeg ENOENT
https://video.twimg.com/ext_tw_video/1587188097187553285/pu/vid/640x640/6qKwPbo5wFkOperS.mp4?tag=12	spawn ffmpeg ENOENT
https://video.twimg.com/ext_tw_video/1623303845181898753/pu/vid/960x720/1w9vdD_W0bEWBpwB.mp4?tag=12	spawn ffmpeg ENOENT
https://video.twimg.com/ext_tw_video/1616791238526603265/pu/vid/404x670/LGtzoLBfIqHu4rO2.mp4?tag=12	spawn ffmpeg ENOENT
https://video.twimg.com/amplify_video/1420875385378463747/vid/854x480/wnfFTsNTbiLFZY6Y.mp4?tag=14	spawn ffmpeg ENOENT
https://video.twimg.com/ext_tw_video/1614672609601359874/pu/vid/720x1280/dVMo0_y5sZkC6aBL.mp4?tag=12	spawn ffmpeg ENOENT
https://video.twimg.com/ext_tw_video/1381273554432495621/pu/vid/1280x720/LX9zjcg6nArX1Acz.mp4?tag=12	spawn ffmpeg ENOENT
https://video.twimg.com/ext_tw_video/1607140625975070725/pu/vid/1280x720/bxhIbgKFvPMqCWDa.mp4?tag=12	spawn ffmpeg ENOENT
https://video.twimg.com/ext_tw_video/1529195863041396736/pu/vid/1280x720/og9dFhWAVjAi7pXV.mp4?tag=12	spawn ffmpeg ENOENT
https://video.twimg.com/ext_tw_video/1601052938046439424/pu/vid/540x960/gsgWtsIG75dAkz-H.mp4?tag=12	spawn ffmpeg ENOENT
https://video.twimg.com/ext_tw_video/1597500476094021633/pu/vid/720x1280/SDGvee1qwRX6mIpT.mp4?tag=12	spawn ffmpeg ENOENT
https://video.twimg.com/ext_tw_video/1595815096667623424/pu/vid/1080x1920/8lPfTIUtjr5VkY6H.mp4?tag=14	spawn ffmpeg ENOENT
https://video.twimg.com/ext_tw_video/1598211534420729857/pu/vid/1280x720/JsQnEi2YzV45fmWb.mp4?tag=12	spawn ffmpeg ENOENT
https://video.twimg.com/ext_tw_video/1595263467774148608/pu/vid/1280x720/aejAQ4TbVadBglse.mp4?tag=12	spawn ffmpeg ENOENT
https://video.twimg.com/ext_tw_video/1490426360459788293/pu/vid/1280x720/akqclpvZMqDQ1avz.mp4?tag=12	spawn ffmpeg ENOENT
https://video.twimg.com/ext_tw_video/1593501752317267969/pu/vid/720x1280/SDAEv0_ML-lnI0V1.mp4?tag=12	spawn ffmpeg ENOENT
https://video.twimg.com/ext_tw_video/1275630083668168706/pu/vid/720x1280/iqK97mDWPyoH1kd1.mp4?tag=10	spawn ffmpeg ENOENT
https://video.twimg.com/ext_tw_video/1579477866605051905/pu/vid/1280x720/x51VvLs_mdWzYWRc.mp4?tag=12	spawn ffmpeg ENOENT
https://video.twimg.com/ext_tw_video/1382046453732872194/pu/vid/960x540/kAnT3WwtBXL3QqM9.mp4?tag=12	spawn ffmpeg ENOENT
https://video.twimg.com/ext_tw_video/1570760935219908608/pu/vid/720x1280/ftWO7RDYEFuG0JYK.mp4?tag=12	spawn ffmpeg ENOENT
https://video.twimg.com/ext_tw_video/1569076459141988357/pu/vid/720x1256/X94fRxs-SgBL2UYa.mp4?tag=12	spawn ffmpeg ENOENT
https://video.twimg.com/ext_tw_video/1567618420736249856/pu/vid/720x1280/rnvyUnxz0JXWS6le.mp4?tag=12	spawn ffmpeg ENOENT
https://video.twimg.com/ext_tw_video/1518499073057333250/pu/vid/852x480/LkXZ79ltGs7Ox3fY.mp4?tag=12	spawn ffmpeg ENOENT
https://video.twimg.com/ext_tw_video/1556833514523443200/pu/vid/1280x720/BokcRysJEII43IA1.mp4?tag=12	spawn ffmpeg ENOENT
https://video.twimg.com/ext_tw_video/1372188263943917577/pu/vid/720x1280/it1ithgP6M9v7Nt_.mp4?tag=12	spawn ffmpeg ENOENT
https://video.twimg.com/ext_tw_video/1112124863949398016/pu/vid/1280x720/8qNyCLda-DdleMlu.mp4?tag=8	spawn ffmpeg ENOENT
https://video.twimg.com/ext_tw_video/1493393723895414785/pu/vid/1280x720/YArx71h-5gwDhTVg.mp4?tag=12	spawn ffmpeg ENOENT
https://video.twimg.com/ext_tw_video/1525533042281955331/pu/vid/720x1280/8wlm_uP9TB6YAXsl.mp4?tag=12	spawn ffmpeg ENOENT
https://video.twimg.com/ext_tw_video/1252972419100352514/pu/vid/1024x576/9e1VdrLGqZWeayPW.mp4?tag=10	spawn ffmpeg ENOENT
https://video.twimg.com/ext_tw_video/1533432727013363712/pu/vid/720x1280/KMTpi1TFylrsofJf.mp4?tag=12	spawn ffmpeg ENOENT
https://video.twimg.com/ext_tw_video/1536977313782542336/pu/vid/720x820/7tnl_DY6BmPSHZlQ.mp4?tag=12	spawn ffmpeg ENOENT
https://video.twimg.com/ext_tw_video/1545492044411535361/pu/vid/720x1244/0muhRU7TA3VCsZp7.mp4?tag=12	spawn ffmpeg ENOENT
https://video.twimg.com/ext_tw_video/1548881033524920320/pu/vid/1280x720/490BygUqzsFtDO6q.mp4?tag=12	spawn ffmpeg ENOENT
https://video.twimg.com/ext_tw_video/1544147689922871297/pu/vid/1280x720/FeVKQTGVWJA1ce4m.mp4?tag=12	spawn ffmpeg ENOENT
https://video.twimg.com/ext_tw_video/1543396235335303169/pu/vid/720x1280/78JpvQjJzEAhD5-e.mp4?tag=12	spawn ffmpeg ENOENT
https://video.twimg.com/ext_tw_video/1524083678132977665/pu/vid/720x736/0__8bGAiGfiLn_uu.mp4?tag=12	spawn ffmpeg ENOENT
https://video.twimg.com/ext_tw_video/1530439593568489472/pu/vid/960x720/LQChlWZem3aRn_K2.mp4?tag=12	spawn ffmpeg ENOENT
https://video.twimg.com/ext_tw_video/1476691032402063363/pu/vid/1280x720/lw-ie5E98y9ueBv5.mp4?tag=12	spawn ffmpeg ENOENT
https://video.twimg.com/ext_tw_video/1477628166550462464/pu/vid/720x720/V_r_dy7TXOlS5Plq.mp4?tag=12	spawn ffmpeg ENOENT
https://video.twimg.com/ext_tw_video/1408153791761846272/pu/vid/720x1280/7Vii9xtMbYDSnFnR.mp4?tag=12	spawn ffmpeg ENOENT
https://video.twimg.com/ext_tw_video/1303570553995956224/pu/vid/720x1280/Eg3XPS5YmrbW1C49.mp4?tag=10	spawn ffmpeg ENOENT
https://video.twimg.com/ext_tw_video/1398930531618787334/pu/vid/720x972/UCGKwWH5xXlIdl_X.mp4?tag=12	spawn ffmpeg ENOENT
https://video.twimg.com/ext_tw_video/1344005881307017223/pu/vid/720x1280/u07KnGxQEsiMj4Wl.mp4?tag=10	spawn ffmpeg ENOENT
https://video.twimg.com/ext_tw_video/1431004145851539466/pu/vid/716x1280/5a96ExqmMLDR9FTR.mp4?tag=12	spawn ffmpeg ENOENT
https://video.twimg.com/ext_tw_video/1370188896084975617/pu/vid/854x480/bHGh53sZsjxUazQN.mp4?tag=12	spawn ffmpeg ENOENT
https://video.twimg.com/ext_tw_video/1075347051163017216/pu/vid/360x640/JDBd1zoiiN-PSgKC.mp4?tag=6	spawn ffmpeg ENOENT
https://video.twimg.com/ext_tw_video/1352709818180632576/pu/vid/720x1280/yEk1Ercz3G9z3JSV.mp4?tag=10	spawn ffmpeg ENOENT
https://video.twimg.com/ext_tw_video/1502982432106205187/pu/vid/720x1280/e2g9Izv1zrborst6.mp4?tag=12	spawn ffmpeg ENOENT
https://video.twimg.com/ext_tw_video/1479626975257890816/pu/vid/1280x720/53IWmdQy0LlGtMam.mp4?tag=12	spawn ffmpeg ENOENT
https://video.twimg.com/ext_tw_video/1309864916707401730/pu/vid/608x608/6qtLGHDP5NWhm05G.mp4?tag=10	spawn ffmpeg ENOENT
https://video.twimg.com/ext_tw_video/1381366683537797120/pu/vid/360x640/S5eyP0zF9ba0L72A.mp4?tag=12	spawn ffmpeg ENOENT
https://video.twimg.com/ext_tw_video/1328049958407180288/pu/vid/720x1280/TEYmKxi0sqNXY8I4.mp4?tag=10	spawn ffmpeg ENOENT
https://video.twimg.com/ext_tw_video/1193363178584829952/pu/vid/848x480/knR29JFKLCgCdMlI.mp4?tag=10	spawn ffmpeg ENOENT
https://video.twimg.com/ext_tw_video/1309858342743891968/pu/vid/1280x720/u00TXAZWEej-siSX.mp4?tag=10	spawn ffmpeg ENOENT
https://video.twimg.com/ext_tw_video/1446629537354113025/pu/vid/1280x720/k8hByNfQlYz9cxut.mp4?tag=12	spawn ffmpeg ENOENT
https://video.twimg.com/ext_tw_video/1440534139271147526/pu/vid/360x640/QFNn6UWNscKh50MV.mp4?tag=12	spawn ffmpeg ENOENT
https://video.twimg.com/ext_tw_video/1440851814564331523/pu/vid/640x360/9SFM1lM0_7ExOlZs.mp4?tag=12	spawn ffmpeg ENOENT
https://video.twimg.com/ext_tw_video/1477908329988907008/pu/vid/1280x720/6ISrvBbiR3R7m6Lr.mp4?tag=12	spawn ffmpeg ENOENT
https://video.twimg.com/ext_tw_video/1481046436754173965/pu/vid/268x480/aVgzA9oadveFvJx8.mp4?tag=12	spawn ffmpeg ENOENT
https://video.twimg.com/ext_tw_video/1308879115479588870/pu/vid/720x1280/Igyn1SKT1WaEPBRd.mp4?tag=10	spawn ffmpeg ENOENT
https://video.twimg.com/ext_tw_video/1477967564575625217/pu/vid/720x1280/B6m3c5y0Va3aG0sN.mp4?tag=12	spawn ffmpeg ENOENT
https://video.twimg.com/ext_tw_video/1286458357360951296/pu/vid/720x1280/RQKfOfC6PNgCG2vn.mp4?tag=10	spawn ffmpeg ENOENT
https://video.twimg.com/ext_tw_video/1467218509230870529/pu/vid/320x210/J1c4xbu1bqEs3SHf.mp4?tag=12	spawn ffmpeg ENOENT
https://video.twimg.com/ext_tw_video/1467213885656612866/pu/vid/320x210/_5by_H0TKKNWM8fi.mp4?tag=12	spawn ffmpeg ENOENT
https://video.twimg.com/ext_tw_video/1465667894633631752/pu/vid/720x1280/ycLyijAfdTwuR1JD.mp4?tag=12	spawn ffmpeg ENOENT
https://video.twimg.com/ext_tw_video/1464086207969869824/pu/vid/596x348/ifkawdlOo383daJF.mp4?tag=12	spawn ffmpeg ENOENT
https://video.twimg.com/ext_tw_video/1440439456645877773/pu/vid/444x640/PrLAR0FRYgQRAnbp.mp4?tag=12	spawn ffmpeg ENOENT
https://video.twimg.com/ext_tw_video/1335294893107912712/pu/vid/406x720/bon6IyRAwvKftyuY.mp4?tag=10	spawn ffmpeg ENOENT
https://video.twimg.com/amplify_video/1212817176236834816/vid/720x720/8qVg5h-VeWr9cf2l.mp4?tag=13	spawn ffmpeg ENOENT
https://video.twimg.com/ext_tw_video/1455912134345469952/pu/vid/1280x720/hW-1uQzUWMN6jadv.mp4?tag=12	spawn ffmpeg ENOENT
https://video.twimg.com/ext_tw_video/1437481515357704199/pu/vid/600x358/xgeQX6xzynC1wvlq.mp4?tag=12	spawn ffmpeg ENOENT
https://video.twimg.com/ext_tw_video/1344551287233265664/pu/vid/720x1280/2oqdhrqfPyLToRVm.mp4?tag=10	spawn ffmpeg ENOENT
https://video.twimg.com/ext_tw_video/1355327451056885761/pu/vid/720x1280/q74dI3FLrxyaBs4k.mp4?tag=12	spawn ffmpeg ENOENT
https://video.twimg.com/ext_tw_video/1264191881207967745/pu/vid/1280x720/65be2iP4OxfnPs85.mp4?tag=10	spawn ffmpeg ENOENT
https://video.twimg.com/ext_tw_video/1849754224122605568/pu/vid/avc1/720x1078/T98JD-qHYw5jTF2F.mp4?tag=12	spawn ffmpeg ENOENT
https://video.twimg.com/amplify_video/1738587621788708864/vid/avc1/1080x1920/8XS09HmwaDgQ5p6v.mp4?tag=16	spawn ffmpeg ENOENT
https://video.twimg.com/amplify_video/1849625772459425792/vid/avc1/1920x1080/ZGRsHucjglHSUKL3.mp4?tag=16	spawn ffmpeg ENOENT
https://video.twimg.com/ext_tw_video/1586868156999823361/pu/vid/720x1280/gl4bmEY-LJiPRo_F.mp4?tag=14	spawn ffmpeg ENOENT
https://video.twimg.com/amplify_video/1674648505363886080/vid/1080x1920/wlAWvGHfvfiJNzB5.mp4?tag=16	spawn ffmpeg ENOENT
https://video.twimg.com/amplify_video/1723235159389159424/vid/avc1/1080x1920/-p60aESd7reVpdwp.mp4?tag=16	spawn ffmpeg ENOENT
https://video-ft.twimg.com/amplify_video/1622014572365479937/vid/1080x1440/dzvKRC_X9v80b_Cr.mp4?tag=16	spawn ffmpeg ENOENT
https://video-ft.twimg.com/amplify_video/1680877812490854400/vid/1080x1920/4t8Azru_rZ42Q-8q.mp4?tag=16	spawn ffmpeg ENOENT
https://video.twimg.com/ext_tw_video/1818136838965698561/pu/vid/avc1/1080x1920/BeQZfUFyrzfG2iV3.mp4?tag=14	spawn ffmpeg ENOENT
https://video.twimg.com/ext_tw_video/1836941369186586624/pu/vid/avc1/1080x1920/JR2810s4kWwkoGa7.mp4?tag=14	spawn ffmpeg ENOENT
https://video.twimg.com/amplify_video/1678707710735572994/vid/1080x1920/JwtNe6E1uvXvuQG4.mp4?tag=16	spawn ffmpeg ENOENT
https://video.twimg.com/amplify_video/1690125097787691009/vid/1080x1920/ShtxlzhReURApLCt.mp4?tag=16	spawn ffmpeg ENOENT
https://video.twimg.com/ext_tw_video/1824669443043336192/pu/vid/avc1/1080x1920/xyfGLMSDZRJzORIv.mp4?tag=14	spawn ffmpeg ENOENT
https://video.twimg.com/ext_tw_video/1824428212010749953/pu/vid/avc1/1080x1920/_ig_PMpplk5GHwnR.mp4?tag=14	spawn ffmpeg ENOENT
https://video.twimg.com/ext_tw_video/1823635104067149829/pu/vid/avc1/1080x1920/V16zbbzE-ByYOzNW.mp4?tag=14	spawn ffmpeg ENOENT
https://video.twimg.com/ext_tw_video/1824905306238771200/pu/vid/avc1/720x720/Y5vk3GD-PsPzDxY-.mp4?tag=12	spawn ffmpeg ENOENT
https://video.twimg.com/ext_tw_video/1821929293028716545/pu/vid/avc1/1080x1920/zMJZJp9qtTk9nRJu.mp4?tag=14	spawn ffmpeg ENOENT
https://video.twimg.com/ext_tw_video/1821926535932395520/pu/vid/avc1/1920x1080/ftu16hlSMmZGxxit.mp4?tag=14	spawn ffmpeg ENOENT
https://video.twimg.com/ext_tw_video/1821131840239153152/pu/vid/avc1/720x1280/wWq-SfrHPns5R4lJ.mp4?tag=12	spawn ffmpeg ENOENT
https://video.twimg.com/ext_tw_video/1820430676384161792/pu/vid/avc1/720x1280/AZfBSJaGfHBS1jjZ.mp4?tag=12	spawn ffmpeg ENOENT
https://video.twimg.com/ext_tw_video/1820038943619870720/pu/vid/avc1/1080x1920/ScXMm4s50N9M9Vxk.mp4?tag=14	spawn ffmpeg ENOENT
https://video.twimg.com/ext_tw_video/1819726651275481088/pu/vid/avc1/1080x1920/n43OB4aF2zvGrPbh.mp4?tag=14	spawn ffmpeg ENOENT
https://video.twimg.com/ext_tw_video/1818548765491707905/pu/vid/avc1/720x1280/Psa2b8tha36Mwr2J.mp4?tag=12	spawn ffmpeg ENOENT
https://video.twimg.com/ext_tw_video/1816426362460364800/pu/vid/avc1/720x1280/SWz4oWdk6DG4H-Bu.mp4?tag=12	spawn ffmpeg ENOENT
https://video.twimg.com/ext_tw_video/1816090238508568576/pu/vid/avc1/1080x1920/Cxkq5iRK6zsg4AFt.mp4?tag=14	spawn ffmpeg ENOENT
https://video.twimg.com/ext_tw_video/1815648859839938561/pu/vid/avc1/1080x1920/HaWsneZpz-Bqk2yS.mp4?tag=14	spawn ffmpeg ENOENT
https://video.twimg.com/ext_tw_video/1815278314137022464/pu/vid/avc1/1080x1920/A_9YvBvxZkbXCnIY.mp4?tag=14	spawn ffmpeg ENOENT
https://video.twimg.com/ext_tw_video/1814272081338789889/pu/vid/avc1/720x1280/0Dx771gabs7GR-LX.mp4?tag=12	spawn ffmpeg ENOENT
https://video.twimg.com/ext_tw_video/1813464266131058688/pu/vid/avc1/1080x1920/gV98ByZ0zvhP2_YK.mp4?tag=14	spawn ffmpeg ENOENT
https://video.twimg.com/ext_tw_video/1812787140826202112/pu/vid/avc1/1080x1920/wPHH9Jppe2-QDcgd.mp4?tag=14	spawn ffmpeg ENOENT
https://video.twimg.com/amplify_video/1812461136589279232/vid/avc1/720x932/05cd-6MXrmHPYNbD.mp4?tag=14	spawn ffmpeg ENOENT
https://video.twimg.com/amplify_video/1712427911494639616/vid/avc1/1080x1920/I7isXFHx6tnHnsXI.mp4?tag=16	spawn ffmpeg ENOENT
https://video.twimg.com/amplify_video/1675444996370227200/vid/720x1280/JRVLuTjwlD5iDUix.mp4?tag=16	spawn ffmpeg ENOENT
https://video-t-1.twimg.com/amplify_video/1612275779982983169/vid/1440x1080/-blHLrsr3WbNc-wP.mp4?tag=16	spawn ffmpeg ENOENT
https://video-t-1.twimg.com/ext_tw_video/1813464266131058688/pu/vid/avc1/1080x1920/gV98ByZ0zvhP2_YK.mp4?tag=14	spawn ffmpeg ENOENT
https://video-t-1.twimg.com/ext_tw_video/1813137623726366722/pu/vid/avc1/720x720/hd2sFi1xr22xwkO2.mp4?tag=12	spawn ffmpeg ENOENT
https://video-t-1.twimg.com/ext_tw_video/1812787140826202112/pu/vid/avc1/1080x1920/wPHH9Jppe2-QDcgd.mp4?tag=14	spawn ffmpeg ENOENT
https://video-t-1.twimg.com/amplify_video/1812461136589279232/vid/avc1/720x932/05cd-6MXrmHPYNbD.mp4?tag=14	spawn ffmpeg ENOENT
https://video-t-1.twimg.com/amplify_video/1712427911494639616/vid/avc1/1080x1920/I7isXFHx6tnHnsXI.mp4?tag=16	spawn ffmpeg ENOENT
https://video-t-1.twimg.com/amplify_video/1675444996370227200/vid/720x1280/JRVLuTjwlD5iDUix.mp4?tag=16	spawn ffmpeg ENOENT
https://video-t-1.twimg.com/ext_tw_video/1576688958716928000/pu/vid/1440x1080/71yzvpTDGWRAHrII.mp4?tag=14	spawn ffmpeg ENOENT
https://video.twimg.com/amplify_video/1612275779982983169/vid/1440x1080/-blHLrsr3WbNc-wP.mp4?tag=16	spawn ffmpeg ENOENT
https://video.twimg.com/ext_tw_video/1581412896353157120/pu/vid/720x1280/GGCZv1Vn3mODirLP.mp4?tag=14	spawn ffmpeg ENOENT
https://video.twimg.com/ext_tw_video/1810534017571475456/pu/vid/avc1/720x1280/tsjEVctXWzVGWkSZ.mp4?tag=12	spawn ffmpeg ENOENT
https://video.twimg.com/ext_tw_video/1608688131284537347/pu/vid/720x1280/CdVPNDVG5T3JFu2o.mp4?tag=12	spawn ffmpeg ENOENT
https://video.twimg.com/ext_tw_video/1576688958716928000/pu/vid/1440x1080/71yzvpTDGWRAHrII.mp4?tag=14	spawn ffmpeg ENOENT
https://video.twimg.com/amplify_video/1720203099875516416/vid/avc1/1080x1920/_Q9VDcr6yKHctcU8.mp4?tag=16	spawn ffmpeg ENOENT
https://video.twimg.com/amplify_video/1670382180688867328/vid/1080x1920/ahxw0ma7FV6CUwrk.mp4?tag=16	spawn ffmpeg ENOENT
https://video.twimg.com/amplify_video/1715709369655119872/vid/avc1/1080x1920/NfqEun9TkBnHVHzr.mp4?tag=16	spawn ffmpeg ENOENT
https://video.twimg.com/amplify_video/1725835335723339776/vid/avc1/1080x1920/0-gKZ0ACNpweuoFw.mp4?tag=16	spawn ffmpeg ENOENT
https://video.twimg.com/amplify_video/1622014572365479937/vid/1080x1440/dzvKRC_X9v80b_Cr.mp4?tag=16	spawn ffmpeg ENOENT
https://video-t-1.twimg.com/amplify_video/1715709369655119872/vid/avc1/1080x1920/NfqEun9TkBnHVHzr.mp4?tag=16	spawn ffmpeg ENOENT
https://video-t-1.twimg.com/amplify_video/1679447679070511106/vid/1080x1920/HAwUO6S29UXKCKPo.mp4?tag=16	spawn ffmpeg ENOENT
https://video-t-1.twimg.com/amplify_video/1725835335723339776/vid/avc1/1080x1920/0-gKZ0ACNpweuoFw.mp4?tag=16	spawn ffmpeg ENOENT
https://video-t-1.twimg.com/amplify_video/1775043705529126912/vid/avc1/1080x1080/FYT8duO3W0mMyMLh.mp4?tag=16	spawn ffmpeg ENOENT
https://video-t-1.twimg.com/amplify_video/1622014572365479937/vid/1080x1440/dzvKRC_X9v80b_Cr.mp4?tag=16	spawn ffmpeg ENOENT
https://video-t-1.twimg.com/amplify_video/1801497959726780416/vid/avc1/1080x1920/RWJa4_eWvTuiPO3T.mp4?tag=16	spawn ffmpeg ENOENT
https://video.twimg.com/amplify_video/1638866338046418944/vid/1080x1920/pVF2gvGh3nKGqBLo.mp4?tag=16	spawn ffmpeg ENOENT
https://video.twimg.com/ext_tw_video/1574191616583421952/pu/vid/1080x1920/4AU9ChrkwZpSUrmL.mp4?tag=14	spawn ffmpeg ENOENT
https://video.twimg.com/amplify_video/1785199865393557504/vid/avc1/1080x1920/eKYZHXuIu41htQz-.mp4?tag=16	spawn ffmpeg ENOENT
https://video.twimg.com/amplify_video/1677490917429886976/vid/1080x1920/oj6y9a7WJLwHoGjQ.mp4?tag=16	spawn ffmpeg ENOENT
https://video.twimg.com/amplify_video/1784189464165986304/vid/avc1/720x960/14N3fHd-1Nl4qsV1.mp4?tag=14	spawn ffmpeg ENOENT
https://video.twimg.com/amplify_video/1632346039633186818/vid/1080x1920/wJHjWOKjcOT__Yt7.mp4?tag=16	spawn ffmpeg ENOENT
https://video.twimg.com/ext_tw_video/1708613067943350272/pu/vid/avc1/720x1280/FsE86CdUMH8eb3jM.mp4?tag=12	spawn ffmpeg ENOENT
https://video.twimg.com/ext_tw_video/1707002400907853824/pu/vid/avc1/1080x1920/RcVpvQ5akMupcK3V.mp4?tag=14	spawn ffmpeg ENOENT
https://video.twimg.com/amplify_video/1781646888422547457/vid/avc1/1080x1080/L6eKgnlwbh5h3bME.mp4?tag=16	spawn ffmpeg ENOENT
https://video.twimg.com/amplify_video/1754322740151189504/vid/avc1/720x720/G5R9oam-6ZMw4SFs.mp4?tag=14	spawn ffmpeg ENOENT
https://video.twimg.com/amplify_video/1633392035465138178/vid/1080x1920/alSRkvi0GyRunHOl.mp4?tag=16	spawn ffmpeg ENOENT
https://video.twimg.com/amplify_video/1642770602875588609/vid/720x1280/2UWAtydNVrroC6Bq.mp4?tag=16	spawn ffmpeg ENOENT
https://video.twimg.com/amplify_video/1665848653863616512/vid/1080x1920/qSI84uFQpMc9jRx-.mp4?tag=16	spawn ffmpeg ENOENT
https://video.twimg.com/ext_tw_video/1578869378246144000/pu/vid/720x1280/kM8VI6rGKcUGplGH.mp4?tag=14	spawn ffmpeg ENOENT
https://video.twimg.com/amplify_video/1670759952393306113/vid/1400x1080/8CJQaehvGN3EFwR1.mp4?tag=16	spawn ffmpeg ENOENT
https://video.twimg.com/amplify_video/1776917801426706432/vid/avc1/1080x1440/RQjIqLu5xXmrn9EG.mp4?tag=16	spawn ffmpeg ENOENT
https://video.twimg.com/ext_tw_video/1558422101605830656/pu/vid/1080x1920/B-ArzzYc41YR53cP.mp4?tag=14	spawn ffmpeg ENOENT
https://video.twimg.com/ext_tw_video/1709512644024242176/pu/vid/avc1/1080x1920/iO-DzN9IeqqrmGzO.mp4?tag=14	spawn ffmpeg ENOENT
https://video.twimg.com/amplify_video/1692280979514376192/vid/1080x1920/b3ysYPgzemP1PdP5.mp4?tag=16	spawn ffmpeg ENOENT
https://video.twimg.com/amplify_video/1641391607034580992/vid/1080x1920/rvgk4anuG3jYp84d.mp4?tag=16	spawn ffmpeg ENOENT
https://video.twimg.com/amplify_video/1611461697629483008/vid/1080x1920/iC4BtYPQdUEbpUPd.mp4?tag=16	spawn ffmpeg ENOENT
https://video-ft.twimg.com/amplify_video/1668732972676300801/vid/1080x1920/NJnQ4aHblmKnubRJ.mp4?tag=16	spawn ffmpeg ENOENT
https://video-ft.twimg.com/ext_tw_video/1558422101605830656/pu/vid/1080x1920/B-ArzzYc41YR53cP.mp4?tag=14	spawn ffmpeg ENOENT
https://video-ft.twimg.com/amplify_video/1775043705529126912/vid/avc1/1080x1080/FYT8duO3W0mMyMLh.mp4?tag=16	spawn ffmpeg ENOENT
https://video-ft.twimg.com/amplify_video/1690125097787691009/vid/1080x1920/ShtxlzhReURApLCt.mp4?tag=16	spawn ffmpeg ENOENT
https://video-ft.twimg.com/amplify_video/1622346827722035200/vid/1920x1080/Fpo2zqMDFzWcilVC.mp4?tag=16	spawn ffmpeg ENOENT
https://video-ft.twimg.com/amplify_video/1692280979514376192/vid/1080x1920/b3ysYPgzemP1PdP5.mp4?tag=16	spawn ffmpeg ENOENT
https://video-ft.twimg.com/amplify_video/1776917801426706432/vid/avc1/1080x1440/RQjIqLu5xXmrn9EG.mp4?tag=16	spawn ffmpeg ENOENT
https://video-ft.twimg.com/ext_tw_video/1709512644024242176/pu/vid/avc1/1080x1920/iO-DzN9IeqqrmGzO.mp4?tag=14	spawn ffmpeg ENOENT
https://video-ft.twimg.com/amplify_video/1641391607034580992/vid/1080x1920/rvgk4anuG3jYp84d.mp4?tag=16	spawn ffmpeg ENOENT
https://video-ft.twimg.com/amplify_video/1611461697629483008/vid/1080x1920/iC4BtYPQdUEbpUPd.mp4?tag=16	spawn ffmpeg ENOENT
https://video.twimg.com/ext_tw_video/1759378196972314624/pu/vid/avc1/400x720/rY8gVReRyhFbYbA8.mp4?tag=12	spawn ffmpeg ENOENT
https://video.twimg.com/amplify_video/1748639947249348608/vid/avc1/1080x1920/eR1x4mDRo5YAXjny.mp4?tag=16	spawn ffmpeg ENOENT
https://video.twimg.com/amplify_video/1746422913744687104/vid/avc1/1080x1920/B1Pdoc8AMMZESkx2.mp4?tag=16	spawn ffmpeg ENOENT
https://video.twimg.com/amplify_video/1743288473237463041/vid/avc1/1080x1920/naanJ-skdpgvM4Zy.mp4?tag=16	spawn ffmpeg ENOENT
https://video.twimg.com/amplify_video/1684520723862388738/vid/1920x1080/q5G4CIjTBek5DXwY.mp4?tag=16	spawn ffmpeg ENOENT
https://video.twimg.com/amplify_video/1720203058775547904/vid/avc1/1080x1920/bnbeKIXRkJeYWWwg.mp4?tag=16	spawn ffmpeg ENOENT
https://video.twimg.com/amplify_video/1741433467198652416/vid/avc1/1080x1920/enNF_biQAPgdBjwA.mp4?tag=16	spawn ffmpeg ENOENT
https://video.twimg.com/amplify_video/1741118345070727168/vid/avc1/1920x1080/N2Xmqi-01hyaKGVb.mp4?tag=16	spawn ffmpeg ENOENT
https://video.twimg.com/amplify_video/1717692888078041088/vid/avc1/1080x1920/LGnfQa4x-0BJyw2t.mp4?tag=16	spawn ffmpeg ENOENT
https://video.twimg.com/amplify_video/1737067175347998720/vid/avc1/1080x1920/68BcAwoCqcs5bksZ.mp4?tag=16	spawn ffmpeg ENOENT
https://video.twimg.com/amplify_video/1721655254876577792/vid/avc1/1080x1920/miSV_IVDRUUVBxC5.mp4?tag=16	spawn ffmpeg ENOENT
https://video.twimg.com/amplify_video/1613661045310246912/vid/1080x1920/bd3inAaCoDSnejOn.mp4?tag=16	spawn ffmpeg ENOENT
https://video.twimg.com/amplify_video/1735633618805080064/vid/avc1/1080x1920/v8ygus43VjQzEMCe.mp4?tag=16	spawn ffmpeg ENOENT
https://video.twimg.com/ext_tw_video/1735815765587292160/pu/vid/avc1/720x1280/ubiz7lWJK8stWUgd.mp4?tag=12	spawn ffmpeg ENOENT
https://video.twimg.com/amplify_video/1734570175092117505/vid/avc1/1080x1920/CCKOcCBr7V7GSpS-.mp4?tag=16	spawn ffmpeg ENOENT
https://video.twimg.com/amplify_video/1730962512206827520/vid/avc1/1920x1080/NN_Bip3SU1s9gAUv.mp4?tag=16	spawn ffmpeg ENOENT
https://video.twimg.com/amplify_video/1731285262159011840/vid/avc1/1920x1080/Mj7WlQR661bKjo_u.mp4?tag=16	spawn ffmpeg ENOENT
https://video.twimg.com/ext_tw_video/1546840760607051776/pu/vid/720x1280/2r2_Sy7IcdqxEM2k.mp4?tag=14	spawn ffmpeg ENOENT
https://video.twimg.com/ext_tw_video/1228906665749041153/pu/vid/608x1080/8q_6k2wZO6JG-ckU.mp4?tag=10	spawn ffmpeg ENOENT
https://video.twimg.com/amplify_video/1684165448890195969/vid/1080x1920/woH5fK1b3wotwGhU.mp4?tag=16	spawn ffmpeg ENOENT
https://video.twimg.com/amplify_video/1723668611934601216/vid/avc1/720x1280/ltFObTzCaChnF4AE.mp4?tag=14	spawn ffmpeg ENOENT
https://video.twimg.com/amplify_video/1721654558198530048/vid/avc1/1080x1920/lk5IliJu0fDlUvzM.mp4?tag=16	spawn ffmpeg ENOENT
https://video.twimg.com/amplify_video/1721110890806935552/vid/avc1/720x1280/mPfKzSpBn-VjJM80.mp4?tag=14	spawn ffmpeg ENOENT
https://video.twimg.com/amplify_video/1720203131429265408/vid/avc1/1080x1920/a0yMhD5nKGjjkOQz.mp4?tag=16	spawn ffmpeg ENOENT
https://video.twimg.com/amplify_video/1644287431032856576/vid/1080x1920/6GXyMxwH-72hr-4i.mp4?tag=16	spawn ffmpeg ENOENT
https://video.twimg.com/ext_tw_video/1709870360932364288/pu/vid/avc1/720x1280/j4tI4LqPVlfGcR5w.mp4?tag=12	spawn ffmpeg ENOENT
https://video.twimg.com/amplify_video/1612272147828969472/vid/1440x1080/rmUHpsy8GX8VujBe.mp4?tag=16	spawn ffmpeg ENOENT
https://video.twimg.com/amplify_video/1679447679070511106/vid/1080x1920/HAwUO6S29UXKCKPo.mp4?tag=16	spawn ffmpeg ENOENT
https://video.twimg.com/ext_tw_video/1706806015231180800/pu/vid/avc1/720x1134/44b1IIdQIwZW0_RQ.mp4?tag=12	spawn ffmpeg ENOENT
https://video.twimg.com/amplify_video/1665660384752316418/vid/1080x1920/k2Rb9BXJyrrhV1FF.mp4?tag=16	spawn ffmpeg ENOENT
https://video.twimg.com/amplify_video/1622346827722035200/vid/1920x1080/Fpo2zqMDFzWcilVC.mp4?tag=16	spawn ffmpeg ENOENT
https://video.twimg.com/amplify_video/1700246473664012288/vid/avc1/720x1280/tZOn9-2MUZsKhURM.mp4?tag=14	spawn ffmpeg ENOENT
https://video.twimg.com/amplify_video/1700249966894252032/vid/avc1/720x1280/YqbJNO8W-enkIWW2.mp4?tag=14	spawn ffmpeg ENOENT
https://video.twimg.com/ext_tw_video/1696315459493388288/pu/vid/1080x1920/Q3eHYHeHHpTYqRXx.mp4?tag=14	spawn ffmpeg ENOENT
https://video.twimg.com/amplify_video/1631253821514190849/vid/720x1280/5r4Ny6FIVRe6dYtx.mp4?tag=14	spawn ffmpeg ENOENT
https://video.twimg.com/ext_tw_video/1699462286434525184/pu/vid/avc1/1080x1920/iYGbyeOmJSoNqwZo.mp4?tag=14	spawn ffmpeg ENOENT
https://video.twimg.com/ext_tw_video/1696651843924004864/pu/vid/540x970/_8KZeiTDRtbom5jL.mp4?tag=12	spawn ffmpeg ENOENT
https://video.twimg.com/ext_tw_video/1694050916239032320/pu/vid/720x1280/p3VCy7h6ylRuGgMd.mp4?tag=12	spawn ffmpeg ENOENT
https://video.twimg.com/ext_tw_video/1693784254923288576/pu/vid/1080x1920/ZWKt4LrpCAvqsPCk.mp4?tag=14	spawn ffmpeg ENOENT
https://video.twimg.com/amplify_video/1688798824503050240/vid/1080x1920/jjXHS2yDKYiZ8I1t.mp4?tag=16	spawn ffmpeg ENOENT
https://video.twimg.com/amplify_video/1687779071168815105/vid/1080x1920/dn6bPgqAPXdZoVfd.mp4?tag=16	spawn ffmpeg ENOENT
https://video.twimg.com/ext_tw_video/1500582156724146176/pu/vid/720x1280/jmvmWC--Ljq6VUpE.mp4?tag=12	spawn ffmpeg ENOENT
https://video-t-1.twimg.com/amplify_video/1687779071168815105/vid/1080x1920/dn6bPgqAPXdZoVfd.mp4?tag=16	spawn ffmpeg ENOENT
https://video-t-1.twimg.com/amplify_video/1684520723862388738/vid/1920x1080/q5G4CIjTBek5DXwY.mp4?tag=16	spawn ffmpeg ENOENT
https://video-t-1.twimg.com/amplify_video/1684165448890195969/vid/1080x1920/woH5fK1b3wotwGhU.mp4?tag=16	spawn ffmpeg ENOENT
https://video-t-1.twimg.com/amplify_video/1611867335337574400/vid/1080x1920/45dehFsnWeuVdSQS.mp4?tag=16	spawn ffmpeg ENOENT
https://video-t-1.twimg.com/ext_tw_video/1585392343909564416/pu/vid/720x1280/tgcmlivnI3BH_2vM.mp4?tag=14	spawn ffmpeg ENOENT
https://video-t-1.twimg.com/ext_tw_video/1500582156724146176/pu/vid/720x1280/jmvmWC--Ljq6VUpE.mp4?tag=12	spawn ffmpeg ENOENT
https://video-ft.twimg.com/amplify_video/1684520723862388738/vid/1920x1080/q5G4CIjTBek5DXwY.mp4?tag=16	spawn ffmpeg ENOENT
https://video-ft.twimg.com/amplify_video/1684165448890195969/vid/1080x1920/woH5fK1b3wotwGhU.mp4?tag=16	spawn ffmpeg ENOENT
https://video-ft.twimg.com/ext_tw_video/1608688131284537347/pu/vid/720x1280/CdVPNDVG5T3JFu2o.mp4?tag=12	spawn ffmpeg ENOENT
https://video-ft.twimg.com/ext_tw_video/1683998092897681408/pu/vid/1280x720/SkTp3VGxokQzo7K9.mp4?tag=12	spawn ffmpeg ENOENT
https://video-ft.twimg.com/amplify_video/1611867335337574400/vid/1080x1920/45dehFsnWeuVdSQS.mp4?tag=16	spawn ffmpeg ENOENT
https://video-ft.twimg.com/ext_tw_video/1544473507760730112/pu/vid/720x1280/PpAu58DTYSW8PhdS.mp4?tag=14	spawn ffmpeg ENOENT
https://video-ft.twimg.com/ext_tw_video/1585392343909564416/pu/vid/720x1280/tgcmlivnI3BH_2vM.mp4?tag=14	spawn ffmpeg ENOENT
https://video-ft.twimg.com/ext_tw_video/1578827196831272960/pu/vid/720x1280/4M0O9EwvE3_IlSYq.mp4?tag=14	spawn ffmpeg ENOENT
https://video.twimg.com/ext_tw_video/1535732359504359424/pu/vid/1080x1920/f6k9QqdTqnWw9YP7.mp4?tag=14	spawn ffmpeg ENOENT
https://video.twimg.com/ext_tw_video/1544473507760730112/pu/vid/720x1280/PpAu58DTYSW8PhdS.mp4?tag=14	spawn ffmpeg ENOENT
https://video.twimg.com/amplify_video/1680877812490854400/vid/1080x1920/4t8Azru_rZ42Q-8q.mp4?tag=16	spawn ffmpeg ENOENT
https://video.twimg.com/ext_tw_video/1590963419712483329/pu/vid/1080x1920/_82llL4CXhjwgyE3.mp4?tag=14	spawn ffmpeg ENOENT
https://video.twimg.com/ext_tw_video/1578827196831272960/pu/vid/720x1280/4M0O9EwvE3_IlSYq.mp4?tag=14	spawn ffmpeg ENOENT
https://video.twimg.com/amplify_video/1652597332029091841/vid/1080x1920/vFtcl4RKieQwkigM.mp4?tag=16	spawn ffmpeg ENOENT
https://video.twimg.com/amplify_video/1677280086847029249/vid/1080x1920/zjB-LFHjBUg3biew.mp4?tag=16	spawn ffmpeg ENOENT
https://video.twimg.com/amplify_video/1675082765237379073/vid/1280x720/T5Ys7pwQebjdKdf9.mp4?tag=16	spawn ffmpeg ENOENT
https://video.twimg.com/amplify_video/1615420989889970178/vid/1080x1920/zO2GQbX9yE9Oi9YR.mp4?tag=16	spawn ffmpeg ENOENT
https://video.twimg.com/ext_tw_video/1671842567355531264/pu/vid/720x932/9gezJUwfjCaX1P_V.mp4?tag=12	spawn ffmpeg ENOENT
https://video.twimg.com/amplify_video/1674001003052670977/vid/1080x1920/obxSzXONBSMx3If4.mp4?tag=16	spawn ffmpeg ENOENT
https://video.twimg.com/amplify_video/1613259090024886275/vid/1080x1920/DMcfoAi9IM_aoTQN.mp4?tag=16	spawn ffmpeg ENOENT
https://video.twimg.com/ext_tw_video/1673779549254074368/pu/vid/720x1280/nrmISeXsI2MTpfBO.mp4?tag=12	spawn ffmpeg ENOENT
https://video.twimg.com/amplify_video/1673268319523340288/vid/1080x1920/q5CXvW9uhAiulwRg.mp4?tag=16	spawn ffmpeg ENOENT
https://video.twimg.com/amplify_video/1671369643012005889/vid/1080x1920/lBrvu1fl_ouOgRme.mp4?tag=16	spawn ffmpeg ENOENT
https://video.twimg.com/amplify_video/1665185758259597315/vid/1920x1080/My4vKzcUI7Jq__p5.mp4?tag=16	spawn ffmpeg ENOENT
https://video.twimg.com/amplify_video/1651836419982389249/vid/1080x1920/0BUAD6kQnZTzlriE.mp4?tag=16	spawn ffmpeg ENOENT
https://video.twimg.com/ext_tw_video/1657431987890843653/pu/vid/1080x1920/OJjur6F-L7QXEveB.mp4?tag=14	spawn ffmpeg ENOENT
https://video.twimg.com/ext_tw_video/1652343485020917760/pu/vid/720x1280/dLPoMyQfKkrJDFZk.mp4?tag=12	spawn ffmpeg ENOENT
https://video.twimg.com/amplify_video/1647715853885116416/vid/720x1280/U5M2oWE9j-X-DOXy.mp4?tag=14	spawn ffmpeg ENOENT
https://video.twimg.com/ext_tw_video/1497723446331015169/pu/vid/720x1280/WfNv-HN_ZmaHAnfY.mp4?tag=12	spawn ffmpeg ENOENT
https://video.twimg.com/ext_tw_video/1645906498135166976/pu/vid/720x1280/RM0xSUtaqsyiSH2x.mp4?tag=12	spawn ffmpeg ENOENT
https://video-t-2.twimg.com/amplify_video/1644287431032856576/vid/1080x1920/6GXyMxwH-72hr-4i.mp4?tag=16	spawn ffmpeg ENOENT
https://video-t-2.twimg.com/amplify_video/1644050890180132865/vid/1080x1920/k3QimTNSEBjAiYsl.mp4?tag=16	spawn ffmpeg ENOENT
https://video-t-2.twimg.com/ext_tw_video/1586868156999823361/pu/vid/720x1280/gl4bmEY-LJiPRo_F.mp4?tag=14	spawn ffmpeg ENOENT
https://video-t-2.twimg.com/amplify_video/1642770602875588609/vid/720x1280/2UWAtydNVrroC6Bq.mp4?tag=16	spawn ffmpeg ENOENT
https://video-t-2.twimg.com/ext_tw_video/1642560379703394306/pu/vid/630x1120/NUe8ZH8qbcOTvvNX.mp4?tag=12	spawn ffmpeg ENOENT
https://video-t-2.twimg.com/amplify_video/1641391607034580992/vid/1080x1920/rvgk4anuG3jYp84d.mp4?tag=16	spawn ffmpeg ENOENT
https://video-t-2.twimg.com/amplify_video/1611043683750772736/vid/1080x1920/GmYDBKM6KsYNyVCx.mp4?tag=16	spawn ffmpeg ENOENT
https://video-t-2.twimg.com/amplify_video/1611461697629483008/vid/1080x1920/iC4BtYPQdUEbpUPd.mp4?tag=16	spawn ffmpeg ENOENT
https://video-ft.twimg.com/amplify_video/1638866338046418944/vid/1080x1920/pVF2gvGh3nKGqBLo.mp4?tag=16	spawn ffmpeg ENOENT
https://video-ft.twimg.com/amplify_video/1611043683750772736/vid/1080x1920/GmYDBKM6KsYNyVCx.mp4?tag=16	spawn ffmpeg ENOENT
https://video-ft.twimg.com/amplify_video/1615420989889970178/vid/1080x1920/zO2GQbX9yE9Oi9YR.mp4?tag=16	spawn ffmpeg ENOENT
https://video-ft.twimg.com/amplify_video/1636645699927564288/vid/1080x1920/oVCPdRLZtlFsJLzt.mp4?tag=16	spawn ffmpeg ENOENT
https://video.twimg.com/ext_tw_video/1636191716826030086/pu/vid/720x1280/0SThyMRhT9UFleYh.mp4?tag=12	spawn ffmpeg ENOENT
https://video.twimg.com/ext_tw_video/1587697093061509120/pu/vid/720x1280/GHQgxdNGSkLPOqd5.mp4?tag=14	spawn ffmpeg ENOENT
https://video.twimg.com/amplify_video/1634485725449302016/vid/1080x1920/06xkmaxAQ3aRsABL.mp4?tag=16	spawn ffmpeg ENOENT
https://video-t-2.twimg.com/amplify_video/1634485725449302016/vid/1080x1920/06xkmaxAQ3aRsABL.mp4?tag=16	spawn ffmpeg ENOENT
https://video-t-2.twimg.com/ext_tw_video/1578869378246144000/pu/vid/720x1280/kM8VI6rGKcUGplGH.mp4?tag=14	spawn ffmpeg ENOENT
https://video-t-2.twimg.com/amplify_video/1633392035465138178/vid/1080x1920/alSRkvi0GyRunHOl.mp4?tag=16	spawn ffmpeg ENOENT
https://video-t-2.twimg.com/ext_tw_video/1578827196831272960/pu/vid/720x1280/4M0O9EwvE3_IlSYq.mp4?tag=14	spawn ffmpeg ENOENT
https://video-t-2.twimg.com/amplify_video/1632346039633186818/vid/1080x1920/wJHjWOKjcOT__Yt7.mp4?tag=16	spawn ffmpeg ENOENT
https://video-t-2.twimg.com/amplify_video/1631962176952082432/vid/1080x1920/mf81HCtXX7_6cvPG.mp4?tag=16	spawn ffmpeg ENOENT
https://video.twimg.com/amplify_video/1615728047256408068/vid/1080x1920/adXgnVx2Td-3PZoE.mp4?tag=16	spawn ffmpeg ENOENT
https://video.twimg.com/ext_tw_video/1585392343909564416/pu/vid/720x1280/tgcmlivnI3BH_2vM.mp4?tag=14	spawn ffmpeg ENOENT
https://video-ft.twimg.com/amplify_video/1613661045310246912/vid/1080x1920/bd3inAaCoDSnejOn.mp4?tag=16	spawn ffmpeg ENOENT
https://video-ft.twimg.com/amplify_video/1613259090024886275/vid/1080x1920/DMcfoAi9IM_aoTQN.mp4?tag=16	spawn ffmpeg ENOENT
https://video-t-1.twimg.com/amplify_video/1611461697629483008/vid/1080x1920/iC4BtYPQdUEbpUPd.mp4?tag=16	spawn ffmpeg ENOENT
https://video-t-2.twimg.com/ext_tw_video/1608688131284537347/pu/vid/720x1280/CdVPNDVG5T3JFu2o.mp4?tag=12	spawn ffmpeg ENOENT
https://video.twimg.com/ext_tw_video/1586375461235740672/pu/vid/1080x1080/YyVn3cWBUIF_DIyW.mp4?tag=14	spawn ffmpeg ENOENT
https://video.twimg.com/ext_tw_video/1587558725774376960/pu/vid/960x720/E8fADva_R8W9r2rA.mp4?tag=14	spawn ffmpeg ENOENT
https://video-t-2.twimg.com/ext_tw_video/1590963419712483329/pu/vid/1080x1920/_82llL4CXhjwgyE3.mp4?tag=14	spawn ffmpeg ENOENT
https://video-t-2.twimg.com/ext_tw_video/1587697093061509120/pu/vid/720x1280/GHQgxdNGSkLPOqd5.mp4?tag=14	spawn ffmpeg ENOENT
https://video-t-2.twimg.com/ext_tw_video/1576688958716928000/pu/vid/1440x1080/71yzvpTDGWRAHrII.mp4?tag=14	spawn ffmpeg ENOENT
https://video-t-2.twimg.com/ext_tw_video/1587558725774376960/pu/vid/960x720/E8fADva_R8W9r2rA.mp4?tag=14	spawn ffmpeg ENOENT
https://video-t-2.twimg.com/ext_tw_video/1586131962846408704/pu/vid/1080x1920/K-jxPd93X1wDcqaf.mp4?tag=14	spawn ffmpeg ENOENT
https://video-t-2.twimg.com/ext_tw_video/1586375461235740672/pu/vid/1080x1080/YyVn3cWBUIF_DIyW.mp4?tag=14	spawn ffmpeg ENOENT
https://video-t-2.twimg.com/ext_tw_video/1574191616583421952/pu/vid/1080x1920/4AU9ChrkwZpSUrmL.mp4?tag=14	spawn ffmpeg ENOENT
https://video-t-2.twimg.com/ext_tw_video/1585392343909564416/pu/vid/720x1280/tgcmlivnI3BH_2vM.mp4?tag=14	spawn ffmpeg ENOENT
https://video-t-2.twimg.com/ext_tw_video/1405238699432972288/pu/vid/720x1280/BtvASzye-AktAkzV.mp4?tag=12	spawn ffmpeg ENOENT
https://video-t-1.twimg.com/ext_tw_video/1581412896353157120/pu/vid/720x1280/GGCZv1Vn3mODirLP.mp4?tag=14	spawn ffmpeg ENOENT
https://video-t-1.twimg.com/ext_tw_video/1578869378246144000/pu/vid/720x1280/kM8VI6rGKcUGplGH.mp4?tag=14	spawn ffmpeg ENOENT
https://video-t-1.twimg.com/ext_tw_video/1578433574394802177/pu/vid/720x1280/nhQHe1F8YG9irD_K.mp4?tag=14	spawn ffmpeg ENOENT
https://video.twimg.com/ext_tw_video/1130139983296094208/pu/vid/720x1280/lMqPCZ5j2H4cW1cC.mp4?tag=9	spawn ffmpeg ENOENT
https://video.twimg.com/ext_tw_video/1568065098497036288/pu/vid/1080x1920/7tEmdHDWFjth1mzp.mp4?tag=14	spawn ffmpeg ENOENT
https://video.twimg.com/amplify_video/1552636341619347457/vid/720x1280/NFv8d4mUQ63zqLIX.mp4?tag=14	spawn ffmpeg ENOENT
https://video.twimg.com/ext_tw_video/1547674209232465921/pu/vid/1080x1920/zGz1smm8FhG2II_m.mp4?tag=14	spawn ffmpeg ENOENT
https://video.twimg.com/amplify_video/1838294326406975489/vid/avc1/1080x1920/J2_lXKg3GqXT5Dlx.mp4	spawn ffmpeg ENOENT
https://video.twimg.com/amplify_video/1846262212047888385/vid/avc1/1280x720/c_nhapKdgsGg7_8X.mp4	spawn ffmpeg ENOENT
https://video.twimg.com/amplify_video/1839411850586595328/vid/avc1/720x1290/3k463kNUkBkyGrlk.mp4	spawn ffmpeg ENOENT
https://video.twimg.com/ext_tw_video/1832780979246710784/pu/vid/avc1/720x1280/HlxNfiZVOGYC1h5C.mp4	spawn ffmpeg ENOENT
https://video.twimg.com/ext_tw_video/1830978246068113408/pu/vid/avc1/1080x1920/eO7azfBxuPdm-rR7.mp4	spawn ffmpeg ENOENT
https://video.twimg.com/ext_tw_video/1830727466446368770/pu/vid/avc1/720x1280/wHRAOlZOC-TdJbVt.mp4	spawn ffmpeg ENOENT
https://video.twimg.com/ext_tw_video/1828226229310255104/pu/vid/avc1/720x1280/JdLpz_8wLyhu_3ZX.mp4	spawn ffmpeg ENOENT
https://video.twimg.com/amplify_video/1770254628623659008/vid/avc1/720x1280/z4CT1qi8zrTGnEKZ.mp4	spawn ffmpeg ENOENT
https://video-t-1.twimg.com/amplify_video/1803167273823145984/vid/avc1/1080x1920/gk53zjKpG7yS5rAZ.mp4	spawn ffmpeg ENOENT
https://video-t-1.twimg.com/ext_tw_video/1728614823036870656/pu/vid/avc1/720x1280/lf2hvCaNKz5JOEDg.mp4	spawn ffmpeg ENOENT
https://video-t-1.twimg.com/ext_tw_video/1798414628604551169/pu/vid/avc1/720x1280/HUyXDXflgW4r0hly.mp4	spawn ffmpeg ENOENT
https://video-t-1.twimg.com/amplify_video/1787470527726002176/vid/avc1/720x1280/lKVRfD9pb6s4tM1Y.mp4	spawn ffmpeg ENOENT
https://video-t-1.twimg.com/amplify_video/1763973842832330752/vid/avc1/1280x720/5jb8HmA2DAH59PYt.mp4	spawn ffmpeg ENOENT
https://video.twimg.com/amplify_video/1738999565788049408/vid/avc1/720x1048/cUUduQrCe_7yLtsI.mp4	spawn ffmpeg ENOENT
https://video.twimg.com/amplify_video/1794931905558958080/vid/avc1/720x1280/BrH8MnCN3JFhqOht.mp4	spawn ffmpeg ENOENT
https://video.twimg.com/ext_tw_video/1794943288249659392/pu/vid/avc1/720x1280/vczhWG583Fxkkrby.mp4	spawn ffmpeg ENOENT
https://video.twimg.com/amplify_video/1790559168375746560/vid/avc1/720x1280/63Bo5taBY4gTzC7l.mp4	spawn ffmpeg ENOENT
https://video.twimg.com/ext_tw_video/1788962212083564544/pu/vid/avc1/720x960/IK9OLq937ro39kRS.mp4	spawn ffmpeg ENOENT
https://video.twimg.com/ext_tw_video/1695863445395030016/pu/vid/720x720/sqLL9aFNcZs_JHCo.mp4	spawn ffmpeg ENOENT
https://video.twimg.com/ext_tw_video/1687506050554179584/pu/vid/888x662/trqG6rkoPFBn2OOF.mp4	spawn ffmpeg ENOENT
https://video.twimg.com/amplify_video/1749750095220744192/vid/avc1/720x1278/B0oIQeThnrWHUyxA.mp4	spawn ffmpeg ENOENT
https://video.twimg.com/ext_tw_video/1768336377064632320/pu/vid/avc1/1280x720/rFRVoyOS6nQMbGL9.mp4	spawn ffmpeg ENOENT
https://video.twimg.com/ext_tw_video/1763226988158799872/pu/vid/avc1/720x1560/ufuUwHm8CKblXsJn.mp4	spawn ffmpeg ENOENT
https://video.twimg.com/amplify_video/1761949913586298882/vid/avc1/720x1234/1eFXrJzVD_BP6d44.mp4	spawn ffmpeg ENOENT
https://video.twimg.com/amplify_video/1764629765787615232/vid/avc1/720x1560/IG_moyPNLeYnPSUH.mp4	spawn ffmpeg ENOENT
https://video.twimg.com/ext_tw_video/1761371042877001729/pu/vid/avc1/1280x720/GxTUe7cOIZ-2C9Cq.mp4	spawn ffmpeg ENOENT
https://video.twimg.com/ext_tw_video/1756779361242353665/pu/vid/avc1/842x720/IWKKctzn9If1a9qW.mp4	spawn ffmpeg ENOENT
https://video-ft.twimg.com/amplify_video/1679714916540862467/vid/720x1280/qhuGPyWMnFxJ5RXF.mp4	spawn ffmpeg ENOENT
https://video-ft.twimg.com/ext_tw_video/1728614823036870656/pu/vid/avc1/720x1280/lf2hvCaNKz5JOEDg.mp4	spawn ffmpeg ENOENT
https://video-ft.twimg.com/amplify_video/1734978300554919937/vid/avc1/720x1156/oCD80SFdNvBPKLy7.mp4	spawn ffmpeg ENOENT
https://video-ft.twimg.com/ext_tw_video/1742530997244035072/pu/vid/avc1/720x1280/njO61bjdeeIFCIaH.mp4	spawn ffmpeg ENOENT
https://video-ft.twimg.com/ext_tw_video/1639710735679856640/pu/vid/1280x720/BN006ULE0LlkQ9yk.mp4	spawn ffmpeg ENOENT
https://video-ft.twimg.com/ext_tw_video/1744101730638327808/pu/vid/avc1/720x1280/_GYjZp06a10BgiRA.mp4	spawn ffmpeg ENOENT
https://video-ft.twimg.com/amplify_video/1738999565788049408/vid/avc1/720x1048/cUUduQrCe_7yLtsI.mp4	spawn ffmpeg ENOENT
https://video-ft.twimg.com/amplify_video/1742820865199247361/vid/avc1/720x1280/lQpASYcMCKfVp-sN.mp4	spawn ffmpeg ENOENT
https://video-t-2.twimg.com/amplify_video/1738162324169457664/vid/avc1/720x1280/d6UPW8x7QMjZjvS7.mp4	spawn ffmpeg ENOENT
https://video-t-2.twimg.com/amplify_video/1686407508402020352/vid/720x1280/YrVsMFj-cCDyt9JG.mp4	spawn ffmpeg ENOENT
https://video-t-2.twimg.com/ext_tw_video/1726986907186253824/pu/vid/avc1/720x1280/3ijBwqZ81Snf_oHm.mp4	spawn ffmpeg ENOENT
https://video-t-2.twimg.com/ext_tw_video/1594709795470204929/pu/vid/720x1280/7JIFYY0qPGWQqSXP.mp4	spawn ffmpeg ENOENT
https://video-t-2.twimg.com/ext_tw_video/1732757010460905472/pu/vid/avc1/720x1280/bSGMXM7W3HEmvIxP.mp4	spawn ffmpeg ENOENT
https://video-t-2.twimg.com/ext_tw_video/1708845008982343680/pu/vid/avc1/720x1280/3Ci7EhXuHd-lVapt.mp4	spawn ffmpeg ENOENT
https://video-t-2.twimg.com/ext_tw_video/1701611883856572416/pu/vid/avc1/720x1280/GpD6ofsT80FgV7wK.mp4	spawn ffmpeg ENOENT
https://video-t-1.twimg.com/ext_tw_video/1249877575192604672/pu/vid/1280x720/XpurltnAchgqdCQV.mp4	spawn ffmpeg ENOENT
https://video-t-1.twimg.com/ext_tw_video/1725961077375266816/pu/vid/avc1/720x1280/Y5O8VM2f03_FjnhK.mp4	spawn ffmpeg ENOENT
https://video-t-1.twimg.com/ext_tw_video/1729952927454806016/pu/vid/avc1/720x1280/BxKFhxbVhUbjJ4UB.mp4	spawn ffmpeg ENOENT
https://video-t-1.twimg.com/ext_tw_video/1729954558191800320/pu/vid/avc1/1280x720/faSuydUZOdCHLIdJ.mp4	spawn ffmpeg ENOENT
https://video-t-1.twimg.com/ext_tw_video/1722479843957497856/pu/vid/avc1/1108x720/PPWk19Kpr_Xks8Ut.mp4	spawn ffmpeg ENOENT
https://video-t-1.twimg.com/amplify_video/1638335569985167360/vid/1080x1920/qMu4u9fXly5OBzBe.mp4	spawn ffmpeg ENOENT
https://video.twimg.com/ext_tw_video/1700510313215676417/pu/vid/avc1/720x1280/N7tSY1TKq5VUof9Z.mp4	spawn ffmpeg ENOENT
https://video.twimg.com/amplify_video/1721819102413520896/vid/avc1/720x720/gZrksLYLMIeHmo17.mp4	spawn ffmpeg ENOENT
https://video.twimg.com/amplify_video/1704227923417251840/vid/avc1/720x1280/Vmj9BzO6kZ5yN6Eb.mp4	spawn ffmpeg ENOENT
https://video.twimg.com/ext_tw_video/1712831385629593601/pu/vid/avc1/720x1232/ZXQxUIjRjzkfijNW.mp4	spawn ffmpeg ENOENT
https://video.twimg.com/amplify_video/1710038189526876160/vid/avc1/1232x720/CXqb2buye_YtKxu8.mp4	spawn ffmpeg ENOENT
https://video.twimg.com/amplify_video/1707492718488829952/vid/avc1/404x720/g4Bf0Cj8GqVIXOp1.mp4	spawn ffmpeg ENOENT
https://video.twimg.com/ext_tw_video/1577414301719183363/pu/vid/1280x720/juP2cMxy7VdMEAxt.mp4	spawn ffmpeg ENOENT
https://video.twimg.com/amplify_video/1649240491471536128/vid/1080x1920/5_EL7YO2mTlIRcMr.mp4	spawn ffmpeg ENOENT
https://video.twimg.com/ext_tw_video/1610074069918949377/pu/vid/608x1080/YJL8kEAq9I9caUde.mp4	spawn ffmpeg ENOENT
https://video.twimg.com/ext_tw_video/1609957672056508416/pu/vid/720x848/gOaaZ2mjwWgzLe8E.mp4	spawn ffmpeg ENOENT
https://video.twimg.com/ext_tw_video/1680196899775692800/pu/vid/480x864/_R4ezICZhlymqhe8.mp4	spawn ffmpeg ENOENT
https://video.twimg.com/amplify_video/1682498725158047747/vid/720x1356/WDwhav1WNfmml-AE.mp4	spawn ffmpeg ENOENT
https://video.twimg.com/amplify_video/1682137532710961157/vid/608x1080/sq0H9L8tw14ppXqg.mp4	spawn ffmpeg ENOENT
https://video.twimg.com/amplify_video/1661907837898092544/vid/720x1280/sFCGZRQICwHwK_TC.mp4	spawn ffmpeg ENOENT
https://video.twimg.com/amplify_video/1679241127268941824/vid/602x1068/tlAjQF3ixwk3dcAG.mp4	spawn ffmpeg ENOENT
https://video.twimg.com/ext_tw_video/1580212046699921408/pu/vid/720x1280/qiZ78Q87UlKp5uRT.mp4	spawn ffmpeg ENOENT
https://video.twimg.com/amplify_video/1662933976204599297/vid/720x1280/7DKuOXSTxM_AClRD.mp4	spawn ffmpeg ENOENT
https://video.twimg.com/amplify_video/1670871705705762818/vid/720x1280/wDMHvpLKPAMjgamI.mp4	spawn ffmpeg ENOENT
https://video.twimg.com/amplify_video/1668724893565722628/vid/720x1128/Eo12T7YdllZQFP4W.mp4	spawn ffmpeg ENOENT
https://video.twimg.com/amplify_video/1669823763527901186/vid/720x1288/-ltxxXp8IC7Z3nMl.mp4	spawn ffmpeg ENOENT
https://video.twimg.com/ext_tw_video/1660426836457791499/pu/vid/720x1280/Vcb0BlESUmj9KjOm.mp4	spawn ffmpeg ENOENT
https://video.twimg.com/ext_tw_video/1538547864401584129/pu/vid/640x360/s06UJSHa1aZJgtad.mp4	spawn ffmpeg ENOENT
https://video.twimg.com/ext_tw_video/1227305079256076291/pu/vid/480x480/n27jHhm-DzaTVP_V.mp4	spawn ffmpeg ENOENT
https://video.twimg.com/ext_tw_video/1649868381892509698/pu/vid/720x1084/CZD5JEKmdikshWvR.mp4	spawn ffmpeg ENOENT
https://video.twimg.com/ext_tw_video/1382478383695724545/pu/vid/720x1280/3mFJjJde4NGzmbos.mp4	spawn ffmpeg ENOENT
https://video.twimg.com/ext_tw_video/1657649145216368646/pu/vid/480x848/63YJZWJYHj0P6__k.mp4	spawn ffmpeg ENOENT
https://video.twimg.com/ext_tw_video/1274894585676742658/pu/vid/720x1280/ACAGz75_0L2mtoPe.mp4	spawn ffmpeg ENOENT
https://video.twimg.com/ext_tw_video/1634088212564934656/pu/vid/720x1280/2EW6DsC35GqsZZMz.mp4	spawn ffmpeg ENOENT
https://video.twimg.com/ext_tw_video/1649884947325366272/pu/vid/720x1280/kpzWr6BaY5dDMJfQ.mp4	spawn ffmpeg ENOENT
https://video.twimg.com/ext_tw_video/1649522028460777473/pu/vid/714x1280/_LnZtFoE35x1Eilk.mp4	spawn ffmpeg ENOENT
https://video.twimg.com/ext_tw_video/1646130598879035394/pu/vid/720x1280/yzattsmPWVoXLteq.mp4	spawn ffmpeg ENOENT
https://video.twimg.com/ext_tw_video/1445356573640036352/pu/vid/640x640/Vo6GUyVkvxr-VQx3.mp4	spawn ffmpeg ENOENT
https://video.twimg.com/ext_tw_video/1635743443015159809/pu/vid/404x720/ZAWXHNfF-dn2J_Q_.mp4	spawn ffmpeg ENOENT
https://video.twimg.com/ext_tw_video/1614672609601359874/pu/vid/720x1280/dVMo0_y5sZkC6aBL.mp4	spawn ffmpeg ENOENT
https://video.twimg.com/ext_tw_video/1381273554432495621/pu/vid/1280x720/LX9zjcg6nArX1Acz.mp4	spawn ffmpeg ENOENT
https://video.twimg.com/ext_tw_video/1529195863041396736/pu/vid/1280x720/og9dFhWAVjAi7pXV.mp4	spawn ffmpeg ENOENT
https://video.twimg.com/ext_tw_video/1595815096667623424/pu/vid/1080x1920/8lPfTIUtjr5VkY6H.mp4	spawn ffmpeg ENOENT
https://video.twimg.com/ext_tw_video/1595263467774148608/pu/vid/1280x720/aejAQ4TbVadBglse.mp4	spawn ffmpeg ENOENT
https://video.twimg.com/ext_tw_video/1490426360459788293/pu/vid/1280x720/akqclpvZMqDQ1avz.mp4	spawn ffmpeg ENOENT
https://video.twimg.com/ext_tw_video/1593501752317267969/pu/vid/720x1280/SDAEv0_ML-lnI0V1.mp4	spawn ffmpeg ENOENT
https://video.twimg.com/ext_tw_video/1275630083668168706/pu/vid/720x1280/iqK97mDWPyoH1kd1.mp4	spawn ffmpeg ENOENT
https://video.twimg.com/ext_tw_video/1570760935219908608/pu/vid/720x1280/ftWO7RDYEFuG0JYK.mp4	spawn ffmpeg ENOENT
https://video.twimg.com/ext_tw_video/1569076459141988357/pu/vid/720x1256/X94fRxs-SgBL2UYa.mp4	spawn ffmpeg ENOENT
https://video.twimg.com/ext_tw_video/1567618420736249856/pu/vid/720x1280/rnvyUnxz0JXWS6le.mp4	spawn ffmpeg ENOENT
https://video.twimg.com/ext_tw_video/1556833514523443200/pu/vid/1280x720/BokcRysJEII43IA1.mp4	spawn ffmpeg ENOENT
https://video.twimg.com/ext_tw_video/1525533042281955331/pu/vid/720x1280/8wlm_uP9TB6YAXsl.mp4	spawn ffmpeg ENOENT
https://video.twimg.com/ext_tw_video/1533432727013363712/pu/vid/720x1280/KMTpi1TFylrsofJf.mp4	spawn ffmpeg ENOENT
https://video.twimg.com/ext_tw_video/1536977313782542336/pu/vid/720x820/7tnl_DY6BmPSHZlQ.mp4	spawn ffmpeg ENOENT
https://video.twimg.com/ext_tw_video/1545492044411535361/pu/vid/720x1244/0muhRU7TA3VCsZp7.mp4	spawn ffmpeg ENOENT
https://video.twimg.com/ext_tw_video/1544147689922871297/pu/vid/1280x720/FeVKQTGVWJA1ce4m.mp4	spawn ffmpeg ENOENT
https://video.twimg.com/ext_tw_video/1543396235335303169/pu/vid/720x1280/78JpvQjJzEAhD5-e.mp4	spawn ffmpeg ENOENT
https://video.twimg.com/ext_tw_video/1408153791761846272/pu/vid/720x1280/7Vii9xtMbYDSnFnR.mp4	spawn ffmpeg ENOENT
https://video.twimg.com/ext_tw_video/1303570553995956224/pu/vid/720x1280/Eg3XPS5YmrbW1C49.mp4	spawn ffmpeg ENOENT
https://video.twimg.com/ext_tw_video/1344005881307017223/pu/vid/720x1280/u07KnGxQEsiMj4Wl.mp4	spawn ffmpeg ENOENT
https://video.twimg.com/ext_tw_video/1431004145851539466/pu/vid/716x1280/5a96ExqmMLDR9FTR.mp4	spawn ffmpeg ENOENT
https://video.twimg.com/ext_tw_video/1075347051163017216/pu/vid/360x640/JDBd1zoiiN-PSgKC.mp4	spawn ffmpeg ENOENT
https://video.twimg.com/ext_tw_video/1328049958407180288/pu/vid/720x1280/TEYmKxi0sqNXY8I4.mp4	spawn ffmpeg ENOENT
https://video.twimg.com/ext_tw_video/1308879115479588870/pu/vid/720x1280/Igyn1SKT1WaEPBRd.mp4	spawn ffmpeg ENOENT
https://video.twimg.com/ext_tw_video/1286458357360951296/pu/vid/720x1280/RQKfOfC6PNgCG2vn.mp4	spawn ffmpeg ENOENT
https://video.twimg.com/ext_tw_video/1464086207969869824/pu/vid/596x348/ifkawdlOo383daJF.mp4	spawn ffmpeg ENOENT
https://video.twimg.com/ext_tw_video/1335294893107912712/pu/vid/406x720/bon6IyRAwvKftyuY.mp4	spawn ffmpeg ENOENT
https://video.twimg.com/amplify_video/1212817176236834816/vid/720x720/8qVg5h-VeWr9cf2l.mp4	spawn ffmpeg ENOENT
https://video.twimg.com/ext_tw_video/1455912134345469952/pu/vid/1280x720/hW-1uQzUWMN6jadv.mp4	spawn ffmpeg ENOENT
https://video-t-2.twimg.com/ext_tw_video/1708676470778765312/pu/vid/avc1/756x720/Y_xQmQrZ2hgXlv5-.mp4	spawn ffmpeg ENOENT
https://video-t-2.twimg.com/amplify_video/1827759346048270336/vid/avc1/720x900/9Ba0N3jC09LNfEPv.mp4	spawn ffmpeg ENOENT
https://video.twimg.com/ext_tw_video/1453927877179813890/pu/vid/888x484/dMNIeHwZh68QptQF.mp4	spawn ffmpeg ENOENT
https://video.twimg.com/ext_tw_video/1580015648792518656/pu/vid/720x1060/BXcs52-MEntYHvur.mp4	spawn ffmpeg ENOENT
https://video.twimg.com/amplify_video/1841376944065060865/vid/avc1/888x694/RiQVgDpIc96nGn71.mp4	spawn ffmpeg ENOENT
https://video.twimg.com/ext_tw_video/1531386365669154816/pu/vid/720x1264/HlBn3X3O-uMmvjl1.mp4	spawn ffmpeg ENOENT
https://video.twimg.com/ext_tw_video/1568498479483191299/pu/vid/720x1200/S4CaHm84pfjff1pi.mp4	spawn ffmpeg ENOENT
https://video.twimg.com/amplify_video/1841337259292848128/vid/avc1/720x1188/4GyhIbwhpbXc750q.mp4	spawn ffmpeg ENOENT
https://video.twimg.com/amplify_video/1840818982074417152/vid/avc1/1080x1556/TPYhY7V8amtyQZ57.mp4	spawn ffmpeg ENOENT
https://video.twimg.com/amplify_video/1811598569930907648/vid/avc1/1920x1080/TgcJKt2Kw67l4WUK.mp4	spawn ffmpeg ENOENT
https://video.twimg.com/amplify_video/1840517938333327361/vid/avc1/888x490/GYPI4aOmP3snB3M8.mp4	spawn ffmpeg ENOENT
https://video.twimg.com/amplify_video/1839874489909223425/vid/avc1/888x488/FJrGPc4X7IW2H-3A.mp4	spawn ffmpeg ENOENT
https://video.twimg.com/amplify_video/1840773852860645376/vid/avc1/720x1280/1TKFza3VvxiY82L_.mp4	spawn ffmpeg ENOENT
https://video.twimg.com/ext_tw_video/1803211236542132224/pu/vid/avc1/720x1280/GPuQz20ZlrcpL9nc.mp4	spawn ffmpeg ENOENT
https://video.twimg.com/ext_tw_video/1839880589131874304/pu/vid/avc1/888x486/MeUy64Qk5BIZ-dF-.mp4	spawn ffmpeg ENOENT
https://video.twimg.com/amplify_video/1817122055982059520/vid/avc1/960x720/OweuYrO_bPEmDuq8.mp4	spawn ffmpeg ENOENT
https://video.twimg.com/amplify_video/1838675803875274752/vid/avc1/720x1204/C6wvjrz6DF-DSN1J.mp4	spawn ffmpeg ENOENT
https://video.twimg.com/amplify_video/1763662689216139264/vid/avc1/720x1200/IVv_Bjkgx6gp_Qnt.mp4	spawn ffmpeg ENOENT
https://video.twimg.com/amplify_video/1835552593256337408/vid/avc1/1280x720/Ad6q6u2yhDu218Rl.mp4	spawn ffmpeg ENOENT
https://video.twimg.com/amplify_video/1836986985778380800/vid/avc1/1280x720/dWL3n-EhD-83aPBz.mp4	spawn ffmpeg ENOENT
https://video.twimg.com/amplify_video/1837219728235913216/vid/avc1/720x1238/V8OteGbg1Z_VIPJ1.mp4	spawn ffmpeg ENOENT
https://video.twimg.com/ext_tw_video/1524288359249629184/pu/vid/1920x1060/tEkvtVQVghEAG7k7.mp4	spawn ffmpeg ENOENT
https://video.twimg.com/ext_tw_video/1513291278355767304/pu/vid/1280x712/Vr3iXEy8mkBWpJqW.mp4	spawn ffmpeg ENOENT
https://video-s.twimg.com/ext_tw_video/1868322730673651712/pu/vid/avc1/720x1280/WnLJE0_Olgo6eMyY.mp4	spawn ffmpeg ENOENT
https://video-s.twimg.com/ext_tw_video/1859260010041368576/pu/vid/avc1/890x720/LxaPGGfuKAFIs42a.mp4	spawn ffmpeg ENOENT
https://video-s.twimg.com/ext_tw_video/1714019969967562752/pu/vid/avc1/720x1116/Q02CnZ57dgXZSN_t.mp4	spawn ffmpeg ENOENT
https://video-s.twimg.com/ext_tw_video/1853522604633567233/pu/vid/avc1/720x1280/MUCIQV9IZPNmxMvK.mp4	spawn ffmpeg ENOENT
https://video-s.twimg.com/ext_tw_video/1643927140218417152/pu/vid/720x1280/Wn_HAyahq2G25vo7.mp4	spawn ffmpeg ENOENT
https://video-s.twimg.com/ext_tw_video/1852641224529711104/pu/vid/avc1/720x1280/D85_zYrtuQ8CujSm.mp4	spawn ffmpeg ENOENT
https://video-s.twimg.com/ext_tw_video/1657819105548816384/pu/vid/720x1280/9kMxdRhxJUP9yf4x.mp4	spawn ffmpeg ENOENT
https://video-s.twimg.com/ext_tw_video/1767576400125423616/pu/vid/avc1/1280x720/BY2dv56EdU5oFqoF.mp4	spawn ffmpeg ENOENT
https://video-s.twimg.com/ext_tw_video/1657783551452934147/pu/vid/720x1280/ID3o5weI7upHr6O9.mp4	spawn ffmpeg ENOENT
https://video-s.twimg.com/amplify_video/1913318231864918016/vid/avc1/1080x1350/Of0urAgK4BkCW2Bj.mp4	spawn ffmpeg ENOENT
https://video-s.twimg.com/amplify_video/1912124867031252993/vid/avc1/1080x1920/F-QEoECWiv-vCKgf.mp4	spawn ffmpeg ENOENT
https://video-s.twimg.com/amplify_video/1831030039317721088/vid/avc1/888x468/EY_ALHriwcpOuVdC.mp4	spawn ffmpeg ENOENT
https://video-s.twimg.com/amplify_video/1904650993582956545/vid/avc1/1080x1920/-w93JEe6r2lr165g.mp4	spawn ffmpeg ENOENT
https://video-s.twimg.com/amplify_video/1912882473286909953/vid/avc1/894x672/STil7o7NjDkZsfh5.mp4	spawn ffmpeg ENOENT
https://video-s.twimg.com/amplify_video/1900603433247260672/vid/avc1/720x898/LaYuLNylnLw-PuSv.mp4	spawn ffmpeg ENOENT
https://video-s.twimg.com/ext_tw_video/1864175659138076676/pu/vid/avc1/720x1280/59mvaM8TW2TUYBSH.mp4	spawn ffmpeg ENOENT
https://video-s.twimg.com/ext_tw_video/1762805234143756288/pu/vid/avc1/720x960/jdXpmuHwebvd8PSy.mp4	spawn ffmpeg ENOENT
https://video-s.twimg.com/amplify_video/1911446350387884032/vid/avc1/1920x1080/zI04xPh8GdS8xSsg.mp4	spawn ffmpeg ENOENT
https://video-s.twimg.com/ext_tw_video/1874899491100192768/pu/vid/avc1/720x960/1avKBB9MQhzxEI3v.mp4	spawn ffmpeg ENOENT
https://video-s.twimg.com/amplify_video/1912929403283107840/vid/avc1/1080x1920/gcujGVSq8J7bhpSt.mp4	spawn ffmpeg ENOENT
https://video-s.twimg.com/ext_tw_video/1106419533605228544/pu/vid/406x720/LJU6f-_SuMFjSJvB.mp4	spawn ffmpeg ENOENT
https://video-s.twimg.com/ext_tw_video/1909773657372508160/pu/vid/avc1/720x1152/T-MPEhLiH9d6dHC-.mp4	spawn ffmpeg ENOENT
https://video-s.twimg.com/amplify_video/1906881848598261760/vid/avc1/1080x1920/uIxEbrXFhyeCREkl.mp4	spawn ffmpeg ENOENT
https://video-s.twimg.com/ext_tw_video/1824471816108126209/pu/vid/avc1/1280x720/KwbjOnsvImjSOTtl.mp4	spawn ffmpeg ENOENT
https://video-s.twimg.com/ext_tw_video/1811099977378041857/pu/vid/avc1/1108x620/AjHau9L-_bV6NjuS.mp4	spawn ffmpeg ENOENT
https://video-s.twimg.com/ext_tw_video/1906161677852348416/pu/vid/avc1/720x1280/YNe38wbn8V1F5hqW.mp4	spawn ffmpeg ENOENT
https://video-s.twimg.com/ext_tw_video/1857793081237463040/pu/vid/avc1/720x1280/kwCGftJFTcfwle9B.mp4	spawn ffmpeg ENOENT
https://video-s.twimg.com/amplify_video/1910847372915064833/vid/avc1/720x1280/fA0JIu3P0SE3WXIF.mp4	spawn ffmpeg ENOENT
https://video-s.twimg.com/amplify_video/1909625450747326464/vid/avc1/720x960/ZnMaN4A0ILSHhsQm.mp4	spawn ffmpeg ENOENT
https://video-s.twimg.com/ext_tw_video/1911050165944782848/pu/vid/avc1/720x1280/KtleEXwgqmKtIP62.mp4	spawn ffmpeg ENOENT
https://video-s.twimg.com/ext_tw_video/1873954515491426304/pu/vid/avc1/720x1280/VkDZDlhwH5cCU2Sf.mp4	spawn ffmpeg ENOENT
https://video-s.twimg.com/ext_tw_video/1907125610498924544/pu/vid/avc1/1280x720/bfvbswnGK2KzW_W7.mp4	spawn ffmpeg ENOENT
https://video-s.twimg.com/ext_tw_video/1896482239644360704/pu/vid/avc1/720x1112/dPGZcT3WgDyy1FrG.mp4	spawn ffmpeg ENOENT
https://video-s.twimg.com/ext_tw_video/1910708219543961600/pu/vid/avc1/720x1280/sMmqWgS3vOtIQFT_.mp4	spawn ffmpeg ENOENT
https://video-s.twimg.com/ext_tw_video/1910510701002493952/pu/vid/avc1/720x1232/0TFmCEnowiBpnnYb.mp4	spawn ffmpeg ENOENT
https://video-s.twimg.com/amplify_video/1909644770881765376/vid/avc1/1080x1920/qoC5TM0Gymm4qXFv.mp4	spawn ffmpeg ENOENT
https://video-s.twimg.com/amplify_video/1908905626622656512/vid/avc1/720x1278/mTARI-ovA5JdFzy0.mp4	spawn ffmpeg ENOENT
https://video-s.twimg.com/ext_tw_video/1909119189433921536/pu/vid/avc1/852x480/W07nl0GQRvOtlvhQ.mp4	spawn ffmpeg ENOENT
https://video-s.twimg.com/ext_tw_video/1909119189425782784/pu/vid/avc1/360x640/zjMrp2mwSNhJXqnQ.mp4	spawn ffmpeg ENOENT
https://video-s.twimg.com/tweet_video/Gn6Nya-XwAA2WAb.mp4	spawn ffmpeg ENOENT
https://video-s.twimg.com/tweet_video/Gn6Nya-XAAAtxow.mp4	spawn ffmpeg ENOENT
https://video-s.twimg.com/amplify_video/1894897558972985344/vid/avc1/720x1280/ixNME_fUb7dmY1EI.mp4	spawn ffmpeg ENOENT
https://video-s.twimg.com/ext_tw_video/1898109562776858624/pu/vid/avc1/1920x1080/g_YydhMbg7PBv3QE.mp4	spawn ffmpeg ENOENT
https://video-s.twimg.com/ext_tw_video/1899489668141379584/pu/vid/avc1/720x850/llpF09ajUc7mskM0.mp4	spawn ffmpeg ENOENT
https://video-s.twimg.com/ext_tw_video/1848124432746774528/pu/vid/avc1/720x1280/A2dtP4785JuMZBbh.mp4	spawn ffmpeg ENOENT
https://video-s.twimg.com/ext_tw_video/1908526963695714304/pu/vid/avc1/720x1280/BNKsGJtS6vKBHISs.mp4	spawn ffmpeg ENOENT
https://video-s.twimg.com/amplify_video/1882316414402404352/vid/avc1/890x668/WFTP2CPhlvkzIzvs.mp4	spawn ffmpeg ENOENT
https://video-s.twimg.com/amplify_video/1908319949879189504/vid/avc1/1080x1920/IFHScl9wTzKcLcTG.mp4	spawn ffmpeg ENOENT
https://video-s.twimg.com/amplify_video/1882581371169742848/vid/avc1/1080x1920/I_r9QMPBB7cOTayY.mp4	spawn ffmpeg ENOENT
https://video-s.twimg.com/amplify_video/1896321047219339264/vid/avc1/720x1280/oN8kUYvSRXV27eda.mp4	spawn ffmpeg ENOENT
https://video-s.twimg.com/ext_tw_video/1801633734304927744/pu/vid/avc1/720x1252/szjSD0w4qTrPf7eX.mp4	spawn ffmpeg ENOENT
https://video-s.twimg.com/amplify_video/1663296658044747776/vid/720x1060/gQ9gM8mujGbhm2aO.mp4	spawn ffmpeg ENOENT
https://video-s.twimg.com/ext_tw_video/1782777211646509056/pu/vid/avc1/720x1194/ZVUegZFutu8MMllY.mp4	spawn ffmpeg ENOENT
https://video-s.twimg.com/ext_tw_video/1852252461861359616/pu/vid/avc1/720x970/10izVNbgDoTKb6uP.mp4	spawn ffmpeg ENOENT
https://video-s.twimg.com/amplify_video/1926338729557295104/vid/avc1/720x1190/WLS4sq2XCBQml7o0.mp4	spawn ffmpeg ENOENT
https://video-s.twimg.com/ext_tw_video/1791551846244585472/pu/vid/avc1/720x1194/XMZeumuiDgBtwlON.mp4	spawn ffmpeg ENOENT
https://video-s.twimg.com/amplify_video/1662294064262443010/vid/720x1080/P-EaeIfVG2zF39Rw.mp4	spawn ffmpeg ENOENT
https://video-s.twimg.com/amplify_video/1924036842363523072/vid/avc1/720x1266/qlTFu-jerx739Gw6.mp4	spawn ffmpeg ENOENT
https://video-s.twimg.com/ext_tw_video/1768120629981843456/pu/vid/avc1/720x1168/bVsXDxQ9zu5RSzoN.mp4	spawn ffmpeg ENOENT
https://video-s.twimg.com/ext_tw_video/1789328598232625152/pu/vid/avc1/720x1226/VdsV9bbmk5Bmy4Yz.mp4	spawn ffmpeg ENOENT
https://video-s.twimg.com/amplify_video/1749329480492191744/vid/avc1/720x1118/jStvAcpJ9bPkS88i.mp4	spawn ffmpeg ENOENT
https://video-s.twimg.com/amplify_video/1899731510959497216/vid/avc1/720x1266/vgb4mGEJ-TGRyqOt.mp4	spawn ffmpeg ENOENT
https://video-s.twimg.com/ext_tw_video/1767803007171985408/pu/vid/avc1/720x1266/BVG7f-2KRmkDDc4R.mp4	spawn ffmpeg ENOENT
https://video-s.twimg.com/ext_tw_video/1828868534014824448/pu/vid/avc1/694x1280/eHx-gi64I936yZF8.mp4	spawn ffmpeg ENOENT
https://video-s.twimg.com/ext_tw_video/1849344653427986432/pu/vid/avc1/720x1058/q0h-viUUpNVS8vxP.mp4	spawn ffmpeg ENOENT
https://video-s.twimg.com/ext_tw_video/1779001192536059904/pu/vid/avc1/720x896/b0vJNMLdlI_ugXKN.mp4	spawn ffmpeg ENOENT
https://video-s.twimg.com/amplify_video/1898300998516424704/vid/avc1/720x1160/nusM3bNJ-mBaULta.mp4	spawn ffmpeg ENOENT
https://video-s.twimg.com/ext_tw_video/1815068848284123136/pu/vid/avc1/720x1270/--eBHWv8ERtzD5MD.mp4	spawn ffmpeg ENOENT
https://video-s.twimg.com/amplify_video/1639278609620713473/vid/1080x1370/HA-gwHnllJRxT9v9.mp4	spawn ffmpeg ENOENT
https://video-s.twimg.com/amplify_video/1897622457722314752/vid/avc1/720x1264/m8rCPB87-XflgwrZ.mp4	spawn ffmpeg ENOENT
https://video-s.twimg.com/amplify_video/1896822101593505792/vid/avc1/720x1146/7Evw6UK8WEglPH2J.mp4	spawn ffmpeg ENOENT
https://video-s.twimg.com/amplify_video/1896631194650898432/vid/avc1/720x1184/MBq1Cqa9GyGMLxJT.mp4	spawn ffmpeg ENOENT
https://video-s.twimg.com/amplify_video/1692432105027088384/vid/720x1212/jgw2Kw2BHAWcWK7P.mp4	spawn ffmpeg ENOENT
https://video-s.twimg.com/amplify_video/1705245542631309312/vid/avc1/720x922/In73KjhApA4Dvv4X.mp4	spawn ffmpeg ENOENT
https://video-s.twimg.com/ext_tw_video/1842084610030600192/pu/vid/avc1/720x1182/mmcrHlRuvC09WAH9.mp4	spawn ffmpeg ENOENT
https://video-s.twimg.com/amplify_video/1707103549128355840/vid/avc1/720x1092/tYgGgr7ll107uU3w.mp4	spawn ffmpeg ENOENT
https://video-s.twimg.com/ext_tw_video/1888822233952378881/pu/vid/avc1/720x932/B9JeAvJ-sLCALqkp.mp4	spawn ffmpeg ENOENT
https://video-s.twimg.com/ext_tw_video/1888655279383793664/pu/vid/avc1/720x1166/HTm-7TapahkX6mRn.mp4	spawn ffmpeg ENOENT
https://video-s.twimg.com/ext_tw_video/1887908897819709440/pu/vid/avc1/720x1194/LEeaDLSnNoOmfk5A.mp4	spawn ffmpeg ENOENT
https://video-s.twimg.com/ext_tw_video/1885580852416970752/pu/vid/avc1/720x766/At5K7c_azw-2CatD.mp4	spawn ffmpeg ENOENT
https://video-s.twimg.com/ext_tw_video/1792265631330619392/pu/vid/avc1/720x1038/Nl9-kBwf3vvTY_m0.mp4	spawn ffmpeg ENOENT
https://video-s.twimg.com/ext_tw_video/1884788293948084224/pu/vid/avc1/720x1096/VtTAOyT1XpC7GX00.mp4	spawn ffmpeg ENOENT
https://video-s.twimg.com/amplify_video/1680366667027841024/vid/720x1090/Xcitr9IKKbmwRmZZ.mp4	spawn ffmpeg ENOENT
https://video-s.twimg.com/amplify_video/1682674635920527360/vid/720x928/tiWWLddWYQxYCF9-.mp4	spawn ffmpeg ENOENT
https://video-s.twimg.com/ext_tw_video/1875610764641230848/pu/vid/avc1/720x1150/G6sd97G4dfrEpWeI.mp4	spawn ffmpeg ENOENT
https://video-s.twimg.com/ext_tw_video/1874370613877387264/pu/vid/avc1/720x1202/nDuEqhkfhF7W3oBX.mp4	spawn ffmpeg ENOENT
https://video-s.twimg.com/ext_tw_video/1874138116174323712/pu/vid/avc1/720x1188/55nBAZMh-L9TP9HK.mp4	spawn ffmpeg ENOENT
https://video-s.twimg.com/amplify_video/1683585431479406592/vid/720x996/ScwGZ6Ayg4AvUAjg.mp4	spawn ffmpeg ENOENT
https://video-s.twimg.com/ext_tw_video/1649677567744688129/pu/vid/720x1086/BkiZ9nwH67A6kh6M.mp4	spawn ffmpeg ENOENT
https://video-s.twimg.com/ext_tw_video/1792092241311543296/pu/vid/avc1/720x1166/66BY7ZTKULGu-GR-.mp4	spawn ffmpeg ENOENT
https://video-s.twimg.com/amplify_video/1707216433456046080/vid/avc1/720x1142/JjWNBpTYiHczGryx.mp4	spawn ffmpeg ENOENT
https://video-s.twimg.com/ext_tw_video/1802026763557666817/pu/vid/avc1/720x1218/x8hydFYesYizONhQ.mp4	spawn ffmpeg ENOENT
https://video-s.twimg.com/ext_tw_video/1865972834402447360/pu/vid/avc1/708x1280/4V9nhgkEN8POym1R.mp4	spawn ffmpeg ENOENT
https://video-s.twimg.com/amplify_video/1617274286796079104/vid/1080x1322/VYSokDHgaR_ec88p.mp4	spawn ffmpeg ENOENT
https://video-s.twimg.com/amplify_video/1754564232258170880/vid/avc1/720x1152/XdjDqR8sNL0WuhcJ.mp4	spawn ffmpeg ENOENT
https://video-s.twimg.com/ext_tw_video/1865645611246125056/pu/vid/avc1/720x1224/PV-hW6Fd9HJKAk52.mp4	spawn ffmpeg ENOENT
https://video-s.twimg.com/ext_tw_video/1865548211760316416/pu/vid/avc1/720x758/8pOiuQru_a2oWqfX.mp4	spawn ffmpeg ENOENT
https://video-s.twimg.com/ext_tw_video/1710817979825582080/pu/vid/avc1/720x972/XnpHCgpaFCjf7Jas.mp4	spawn ffmpeg ENOENT
https://video-s.twimg.com/ext_tw_video/1865128801581043712/pu/vid/avc1/1280x702/sv3U-evaLls-TlGN.mp4	spawn ffmpeg ENOENT
https://video-s.twimg.com/ext_tw_video/1864792725154848769/pu/vid/avc1/720x1266/LFrj49lKxhg_9JHe.mp4	spawn ffmpeg ENOENT
https://video-s.twimg.com/amplify_video/1739913444151980032/vid/avc1/720x1108/jkd9oHccMWNRSNOy.mp4	spawn ffmpeg ENOENT
https://video-s.twimg.com/ext_tw_video/1864569554585681920/pu/vid/avc1/720x1270/vX3BUDWBu2uNCdLU.mp4	spawn ffmpeg ENOENT
https://video-s.twimg.com/ext_tw_video/1864234289887350784/pu/vid/avc1/720x1194/xNXBAjyquybP-1eC.mp4	spawn ffmpeg ENOENT
https://video-s.twimg.com/ext_tw_video/1862973123668099072/pu/vid/avc1/720x1064/TsmJtiU02kn4XAu4.mp4	spawn ffmpeg ENOENT
https://video-s.twimg.com/ext_tw_video/1612224121122979840/pu/vid/720x862/SsbGZDjNA9TXIOOG.mp4	spawn ffmpeg ENOENT
https://video-s.twimg.com/amplify_video/1704895842023542784/vid/avc1/720x982/_ySBpMa6cr5FNjlM.mp4	spawn ffmpeg ENOENT
https://video-s.twimg.com/amplify_video/1668106303779246080/vid/720x988/hUXZIfPhtbBGZDR-.mp4	spawn ffmpeg ENOENT
https://video-s.twimg.com/ext_tw_video/1605975619925184514/pu/vid/720x1204/44tBWsKQCsV_-bSY.mp4	spawn ffmpeg ENOENT
https://video-s.twimg.com/ext_tw_video/1806233873195630592/pu/vid/avc1/720x1248/XtehewsXxA7z6nFl.mp4	spawn ffmpeg ENOENT
https://video-s.twimg.com/amplify_video/1948222634149171200/vid/avc1/1080x1920/HMe-OI7B6-6YUkQL.mp4	spawn ffmpeg ENOENT
https://video-s.twimg.com/ext_tw_video/1852938011564183552/pu/vid/avc1/698x1240/kPlPCgu1FvbboG-d.mp4	spawn ffmpeg ENOENT
https://video-s.twimg.com/amplify_video/1919198112876568576/vid/avc1/1080x1730/ZOBi17l37SwkJZT0.mp4	spawn ffmpeg ENOENT
https://video-s.twimg.com/amplify_video/1911957482366189568/vid/avc1/1080x1920/FzXgZpg3TkPWQLIu.mp4	spawn ffmpeg ENOENT
https://video-s.twimg.com/amplify_video/1907979197186031616/vid/avc1/1080x1620/9iZ2F3y6V-Xi5ZV-.mp4	spawn ffmpeg ENOENT
https://video-s.twimg.com/amplify_video/2002129797439500290/vid/avc1/2160x3840/i6s6znLjRrxUYVg6.mp4	spawn ffmpeg ENOENT
https://video-s.twimg.com/ext_tw_video/1896420747859386368/pu/vid/avc1/592x1280/L-TJgjYKDdzTVOrX.mp4	spawn ffmpeg ENOENT
https://video-s.twimg.com/amplify_video/1876047532289101824/vid/avc1/720x960/iaEO47jL3TFed4ey.mp4	spawn ffmpeg ENOENT
https://video-s.twimg.com/amplify_video/1948715558058213379/vid/avc1/1080x1920/FqMchY6aERttUkmm.mp4	spawn ffmpeg ENOENT
https://video-s.twimg.com/amplify_video/1905419321079152640/vid/avc1/720x1280/X8YDFbbLye1scaA3.mp4	spawn ffmpeg ENOENT
https://video-s.twimg.com/amplify_video/1881565627204206592/vid/avc1/1080x1356/Iv8p03s4jAsLqS6T.mp4	spawn ffmpeg ENOENT
https://video-s.twimg.com/amplify_video/1920572479212290048/vid/avc1/2160x3234/JfirYjFzBALh7vs7.mp4	spawn ffmpeg ENOENT
https://video-s.twimg.com/ext_tw_video/1959938560074608640/pu/vid/avc1/464x848/DHUSDzQ0GJW4Y-VF.mp4	spawn ffmpeg ENOENT
https://video-s.twimg.com/amplify_video/1913755165926010881/vid/avc1/720x1080/RHB0bOnz_QsnIv8D.mp4	spawn ffmpeg ENOENT
https://video-s.twimg.com/ext_tw_video/1777817703111098368/pu/vid/avc1/720x1280/5Zwacza_dnO8JBuc.mp4	spawn ffmpeg ENOENT
https://video-s.twimg.com/amplify_video/1966665019262636032/vid/avc1/2160x2880/aDfKuUIB0un5XCe6.mp4	spawn ffmpeg ENOENT
https://video-s.twimg.com/amplify_video/1886251719257989120/vid/avc1/720x1280/15d4Sdst-z6QOByp.mp4	spawn ffmpeg ENOENT
https://video-s.twimg.com/amplify_video/1877820416460566528/vid/avc1/1080x1280/iUU6c383PVf6Dyhw.mp4	spawn ffmpeg ENOENT
https://video-s.twimg.com/ext_tw_video/1875604108851195904/pu/vid/avc1/1280x720/OFoUnib0IKZ3LOc5.mp4	spawn ffmpeg ENOENT
https://video-s.twimg.com/amplify_video/1942173216929206272/vid/avc1/720x1280/ZsbvAw8aS6qqhWYo.mp4	spawn ffmpeg ENOENT
https://video-s.twimg.com/amplify_video/2002145089108230144/vid/avc1/656x1232/Vk_nMLiH7obz0K87.mp4	spawn ffmpeg ENOENT
https://video-s.twimg.com/amplify_video/1953118855406006273/vid/avc1/1080x1920/PJ7jn1toGMBFWAgF.mp4	spawn ffmpeg ENOENT
https://video-s.twimg.com/amplify_video/1930268667238817792/vid/avc1/720x1280/RFDaHqJRVdu9ZNDH.mp4	spawn ffmpeg ENOENT
https://video-s.twimg.com/amplify_video/1769404048233394176/vid/avc1/720x1280/IPEkFKqeTaq8kMq2.mp4	spawn ffmpeg ENOENT
https://video-s.twimg.com/amplify_video/1875718677997481988/vid/avc1/1080x1080/0TchX3vi6f1orDOW.mp4	spawn ffmpeg ENOENT
https://video-s.twimg.com/amplify_video/1956415559383293952/vid/avc1/720x1280/D4OD3OKi3mVN4X7v.mp4	spawn ffmpeg ENOENT
https://video-s.twimg.com/amplify_video/1951681154551050240/vid/avc1/1078x1920/U3AOb6Ie9rZhmlwo.mp4	spawn ffmpeg ENOENT
https://video-s.twimg.com/amplify_video/1898765630410547200/vid/avc1/720x1280/nei3thRGPhP_-gD1.mp4	spawn ffmpeg ENOENT
https://video-s.twimg.com/amplify_video/1691113195639848962/vid/720x1280/sJhp-nPqsBTDIeqX.mp4	spawn ffmpeg ENOENT
https://video-s.twimg.com/amplify_video/1840513906755993600/vid/avc1/732x720/-E49NDVbyQMu_kgY.mp4	spawn ffmpeg ENOENT
https://video-s.twimg.com/amplify_video/1879657557637103617/vid/avc1/720x1280/oLMFm_orU5VKaV2b.mp4	spawn ffmpeg ENOENT
https://video-s.twimg.com/amplify_video/1833262163471020032/vid/avc1/1080x1438/-DPgZvzDqQACA0iT.mp4	spawn ffmpeg ENOENT
https://video-s.twimg.com/amplify_video/1877135788959219712/vid/avc1/1080x1920/bSrCHi4CXM4qzFzA.mp4	spawn ffmpeg ENOENT
https://video-s.twimg.com/ext_tw_video/1880352480472502272/pu/vid/avc1/720x1168/Hw3i0Sn1qgcSYC9-.mp4	spawn ffmpeg ENOENT
https://video-s.twimg.com/amplify_video/1862581508537724928/vid/avc1/1080x1920/aRsZjKtIdauUDDKd.mp4	spawn ffmpeg ENOENT
https://video-s.twimg.com/ext_tw_video/1742530997244035072/pu/vid/avc1/720x1280/njO61bjdeeIFCIaH.mp4	spawn ffmpeg ENOENT
https://video-s.twimg.com/amplify_video/1928234945584971776/vid/avc1/1080x1920/U-WVupyiRizLqc6T.mp4	spawn ffmpeg ENOENT
https://video-s.twimg.com/amplify_video/1898765630406377472/vid/avc1/720x1280/5xglOvDAHNLwWq6j.mp4	spawn ffmpeg ENOENT
https://video-s.twimg.com/amplify_video/1985801902831849472/vid/avc1/720x1280/4BajsYe0w8xUdHrV.mp4	spawn ffmpeg ENOENT
https://video-s.twimg.com/amplify_video/1894546385606762496/vid/avc1/1920x1080/McvBmfyFWGuAfCbu.mp4	spawn ffmpeg ENOENT
https://video-s.twimg.com/amplify_video/1831808173960769536/vid/avc1/1280x720/Nzqj0z_ZoK6hkxbN.mp4	spawn ffmpeg ENOENT
https://video-s.twimg.com/amplify_video/1920156427760394241/vid/avc1/1080x1920/nZ7EzJE1kEU2b7BH.mp4	spawn ffmpeg ENOENT
https://video-s.twimg.com/amplify_video/1936275026379976704/vid/avc1/1280x720/AJBiAlcXKCEpCBWe.mp4	spawn ffmpeg ENOENT
https://video-s.twimg.com/amplify_video/1898614837334224896/vid/avc1/720x1280/wWC62dIg0bX8ieSR.mp4	spawn ffmpeg ENOENT
https://video-s.twimg.com/amplify_video/1896823690471342080/vid/avc1/1080x1080/Fl8s3kNh2qFwX2pE.mp4	spawn ffmpeg ENOENT
https://video-s.twimg.com/amplify_video/1917806203876564997/vid/avc1/1080x1920/bHcZ-q_kvldrT_df.mp4	spawn ffmpeg ENOENT
https://video-s.twimg.com/amplify_video/1913006932312367105/vid/avc1/720x1150/QGQ8kyyvObWHT0Cm.mp4	spawn ffmpeg ENOENT
https://video-s.twimg.com/amplify_video/1896855384754663424/vid/avc1/720x960/-uOKvzFpxjw8HB-M.mp4	spawn ffmpeg ENOENT
https://video-s.twimg.com/amplify_video/1898765630418866176/vid/avc1/720x1280/mlyIr36TodsBy2Ka.mp4	spawn ffmpeg ENOENT
https://video-s.twimg.com/ext_tw_video/1876403494061510657/pu/vid/avc1/1280x720/qt9bqFFm9AkEHckI.mp4	spawn ffmpeg ENOENT
https://video-s.twimg.com/amplify_video/1822268626285596672/vid/avc1/720x960/_aDnUvKgV_-tDIET.mp4	spawn ffmpeg ENOENT
https://video-s.twimg.com/amplify_video/1884014865192210432/vid/avc1/1080x1920/kwQyJwJdb4thSkAI.mp4	spawn ffmpeg ENOENT
https://video-s.twimg.com/amplify_video/2001451689870606336/vid/avc1/720x1280/OZQMzWF9axdAxDIS.mp4	spawn ffmpeg ENOENT
https://video-s.twimg.com/ext_tw_video/1872314072944771072/pu/vid/avc1/720x1280/urmJtJPuD3HZN5T8.mp4	spawn ffmpeg ENOENT
https://video-s.twimg.com/amplify_video/2002145089112489985/vid/avc1/720x820/qg8ftZfe7v4J1oki.mp4	spawn ffmpeg ENOENT
https://video-s.twimg.com/amplify_video/1879321419621834752/vid/avc1/720x1280/IWaHKj0qA2qFVFry.mp4	spawn ffmpeg ENOENT
https://video-s.twimg.com/ext_tw_video/1876642101166817280/pu/vid/avc1/720x1280/Ns_cbPBCHsfT60Q7.mp4	spawn ffmpeg ENOENT
https://video-s.twimg.com/amplify_video/1914114695402754049/vid/avc1/1080x1920/VWjLmrDjDNi2E_-N.mp4	spawn ffmpeg ENOENT
https://video-s.twimg.com/amplify_video/1835290673181761536/vid/avc1/1080x1920/uwBCjtTGJd5Ija8_.mp4	spawn ffmpeg ENOENT
https://video-s.twimg.com/amplify_video/1950636703305039872/vid/avc1/720x966/ThcfiW9Ijdr0lG3m.mp4	spawn ffmpeg ENOENT
https://video-s.twimg.com/amplify_video/1876083170455568384/vid/avc1/1080x1560/cEJhtgL9WqECcQ4s.mp4	spawn ffmpeg ENOENT
https://video-s.twimg.com/amplify_video/1959324887027191808/vid/avc1/1080x1920/aeOvwrunzmscjygX.mp4	spawn ffmpeg ENOENT
https://video-s.twimg.com/ext_tw_video/1796245398962503680/pu/vid/avc1/720x1280/e-MdhFbDgc1DNJTp.mp4	spawn ffmpeg ENOENT
https://video-s.twimg.com/amplify_video/1963000330393661440/vid/avc1/1080x1920/8fnb9zZZOp9hUxEn.mp4	spawn ffmpeg ENOENT
https://video-s.twimg.com/ext_tw_video/1856064977708134400/pu/vid/avc1/720x1280/pZ3VZuJ-94kwo00Z.mp4	spawn ffmpeg ENOENT
https://video-s.twimg.com/ext_tw_video/1768820584551415808/pu/vid/avc1/688x1280/TLwBxiZaWa4MHA2I.mp4	spawn ffmpeg ENOENT
https://video-s.twimg.com/amplify_video/1852791076559663104/vid/avc1/1280x720/pVpO_191lLUX42_W.mp4	spawn ffmpeg ENOENT
https://video-s.twimg.com/ext_tw_video/1927688703570264064/pu/vid/avc1/720x1246/xi8dZ0qxikoha9WC.mp4	spawn ffmpeg ENOENT
https://video-s.twimg.com/ext_tw_video/1087560672139866114/pu/vid/720x1280/BRzu6rmu1vLhtSb2.mp4	spawn ffmpeg ENOENT
https://video-s.twimg.com/ext_tw_video/1877019718151745537/pu/vid/avc1/1280x720/JNyPCaNI1J_VkjRv.mp4	spawn ffmpeg ENOENT
https://video-s.twimg.com/amplify_video/1880144114445959168/vid/avc1/1080x1920/GnYrmM3pZfV4wO2V.mp4	spawn ffmpeg ENOENT
https://video-s.twimg.com/amplify_video/1948158736998055937/vid/avc1/720x1280/NRSbyAr7XlbUrLcb.mp4	spawn ffmpeg ENOENT
https://video-s.twimg.com/amplify_video/1807311624732016640/vid/avc1/1920x1080/lRXKZ3q6ZZQCgNup.mp4	spawn ffmpeg ENOENT
https://video-s.twimg.com/amplify_video/1989353795306795008/vid/avc1/1080x1920/_to1J3bx-lR5dwvW.mp4	spawn ffmpeg ENOENT
https://video-s.twimg.com/amplify_video/1826992608465338368/vid/avc1/1080x1920/JZQzX5hRxV4TtqB9.mp4	spawn ffmpeg ENOENT
https://video-s.twimg.com/amplify_video/1959606104540733440/vid/avc1/1080x1920/223a6L9P4yVv5nnG.mp4	spawn ffmpeg ENOENT
https://video-s.twimg.com/amplify_video/1884631276088623104/vid/avc1/844x720/S-NJTBHOC01kB6op.mp4	spawn ffmpeg ENOENT
https://video-s.twimg.com/amplify_video/1898771911414300672/vid/avc1/720x1280/ocKS7P_QxfA_xNnW.mp4	spawn ffmpeg ENOENT
https://video-s.twimg.com/ext_tw_video/1877382315938123776/pu/vid/avc1/720x1280/377TFyegQrWT1deY.mp4	spawn ffmpeg ENOENT
https://video-s.twimg.com/ext_tw_video/1852670535722803200/pu/vid/avc1/480x480/Iw_Bi-jv4Uqg8PAF.mp4	spawn ffmpeg ENOENT
https://video-s.twimg.com/amplify_video/1928760787838881792/vid/avc1/2160x3840/kHPBV6AboE4kO83Z.mp4	spawn ffmpeg ENOENT
https://video-s.twimg.com/amplify_video/1948920772530966529/vid/avc1/720x1280/MntFUl1yM4wr3dzb.mp4	spawn ffmpeg ENOENT
https://video-s.twimg.com/ext_tw_video/1999350253829365761/pu/vid/avc1/720x1090/4_G2xZSPas4DnxB7.mp4	spawn ffmpeg ENOENT
https://video-s.twimg.com/amplify_video/2001384907503697920/vid/avc1/1440x2560/XYjP9KiVqEywDLFj.mp4	spawn ffmpeg ENOENT
https://video-s.twimg.com/amplify_video/1920969486070673409/vid/avc1/720x1280/xxr0jiuqjta7tawN.mp4	spawn ffmpeg ENOENT
https://video-s.twimg.com/amplify_video/1928313250409488384/vid/avc1/720x1280/cbvlP1y0JSbWguqz.mp4	spawn ffmpeg ENOENT
https://video-s.twimg.com/ext_tw_video/1578036561047785473/pu/vid/720x906/6pI-yo3ST75KdYKS.mp4	spawn ffmpeg ENOENT
https://video-s.twimg.com/amplify_video/1801652847710253056/vid/avc1/720x1282/rVYpEKgUsLmdP0AO.mp4	spawn ffmpeg ENOENT
https://video-s.twimg.com/amplify_video/1897775696081989632/vid/avc1/718x1280/-N1_xL1XQ-r5j75u.mp4	spawn ffmpeg ENOENT
https://video-s.twimg.com/amplify_video/1897775696069439489/vid/avc1/720x1142/GMchbdNSjP4gvKy9.mp4	spawn ffmpeg ENOENT
https://video-s.twimg.com/amplify_video/1874893286462119936/vid/avc1/1280x720/0vGmxWVrFgKZwEmH.mp4	spawn ffmpeg ENOENT
https://video-s.twimg.com/amplify_video/1896725476799815680/vid/avc1/1080x1920/MgPCcHlPMhMufUmi.mp4	spawn ffmpeg ENOENT
https://video-s.twimg.com/ext_tw_video/1851298156539232257/pu/vid/avc1/720x720/f5vyJujZDuNjImCf.mp4	spawn ffmpeg ENOENT
https://video-s.twimg.com/ext_tw_video/1665048789063745537/pu/vid/720x1280/Y8SChHi4mUydrRWs.mp4	spawn ffmpeg ENOENT
https://video-s.twimg.com/amplify_video/1834337178345746432/vid/avc1/1080x1920/8MI4OmrfgeqCc_S7.mp4	spawn ffmpeg ENOENT
https://video-s.twimg.com/amplify_video/1783377955944587264/vid/avc1/720x1560/X1jmMpr-_vaKmIqk.mp4	spawn ffmpeg ENOENT
https://video-s.twimg.com/amplify_video/1894644939130032129/vid/avc1/720x944/__lVv_k_nzKpwkj1.mp4	spawn ffmpeg ENOENT
https://video-s.twimg.com/ext_tw_video/1823973161571897344/pu/vid/avc1/720x840/vkvrS0RG4KB71L6q.mp4	spawn ffmpeg ENOENT
https://video-s.twimg.com/amplify_video/1674856078478114816/vid/720x1280/T7qYt6vqPVNtfnMi.mp4	spawn ffmpeg ENOENT
https://video-s.twimg.com/amplify_video/1849047025137979392/vid/avc1/720x1280/oV1BDT8sTi5Z9C0L.mp4	spawn ffmpeg ENOENT
https://video-s.twimg.com/amplify_video/1841413644766310400/vid/avc1/1920x1080/HHbxxzPG-XS_D_Ck.mp4	spawn ffmpeg ENOENT
https://video-s.twimg.com/amplify_video/1892583278692925440/vid/avc1/720x1280/mFshEPra09xsWMe5.mp4	spawn ffmpeg ENOENT
https://video-s.twimg.com/ext_tw_video/1891132794924883968/pu/vid/avc1/720x1138/ztXaS6Z3EyNCO2YG.mp4	spawn ffmpeg ENOENT
https://video-s.twimg.com/amplify_video/1894535962606145537/vid/avc1/720x720/s-Fgx7v3Sw-KwvS4.mp4	spawn ffmpeg ENOENT
https://video-s.twimg.com/ext_tw_video/730415870896439296/pu/vid/540x360/PxbgPi9ovHASyT0J.mp4	spawn ffmpeg ENOENT
https://video-s.twimg.com/amplify_video/1892349580139720704/vid/avc1/1080x1920/EHM5vvsN22QWTsAw.mp4	spawn ffmpeg ENOENT
https://video-s.twimg.com/ext_tw_video/1892720500482154496/pu/vid/avc1/848x464/wnBBrNel3GKg8uuQ.mp4	spawn ffmpeg ENOENT
https://video-s.twimg.com/amplify_video/1892268418524495872/vid/avc1/1080x1080/RKQ5h-wmVJRDWSVJ.mp4	spawn ffmpeg ENOENT
https://video-s.twimg.com/amplify_video/1891532987789082627/vid/avc1/720x1280/2Fm6zHGrdODFjXNl.mp4	spawn ffmpeg ENOENT
https://video-s.twimg.com/amplify_video/1891674573747126272/vid/avc1/296x640/jsPegCwKjq71BL-k.mp4	spawn ffmpeg ENOENT
https://video-s.twimg.com/ext_tw_video/1889441692899532800/pu/vid/avc1/720x1240/aJJKvrNnNMKgNSbN.mp4	spawn ffmpeg ENOENT
https://video-s.twimg.com/amplify_video/1891248155674497025/vid/avc1/720x1016/xyswR1Z79DfY_YFB.mp4	spawn ffmpeg ENOENT
https://video-s.twimg.com/amplify_video/1890957508845383680/vid/avc1/1920x1080/LM2O5z0jMILQajbX.mp4	spawn ffmpeg ENOENT
https://video-s.twimg.com/amplify_video/1890151144015466496/vid/avc1/720x1280/43HkWjji_NmHvUEt.mp4	spawn ffmpeg ENOENT
https://video-s.twimg.com/amplify_video/1890059041902034944/vid/avc1/720x1282/GcmUBQB6pV1tuGfr.mp4	spawn ffmpeg ENOENT
https://video-s.twimg.com/ext_tw_video/1650947385302843392/pu/vid/656x1168/NZjz09wkPkCIaM1_.mp4	spawn ffmpeg ENOENT
https://video-s.twimg.com/ext_tw_video/1889735794199302144/pu/vid/avc1/720x1280/4ZoLeIioOUCPtJov.mp4	spawn ffmpeg ENOENT
https://video-s.twimg.com/amplify_video/1798734660824162304/vid/avc1/720x1280/_qgnutXujudTFaxX.mp4	spawn ffmpeg ENOENT
https://video-s.twimg.com/ext_tw_video/1887896090092916736/pu/vid/avc1/1280x720/6BXKdj6DKLkaAJjF.mp4	spawn ffmpeg ENOENT
https://video-s.twimg.com/amplify_video/1887703396309762048/vid/avc1/720x1280/gmyOHcXAqnGCtMqw.mp4	spawn ffmpeg ENOENT
https://video-s.twimg.com/amplify_video/1689061630217183232/vid/720x960/lOOm4Wr4F_urBsQY.mp4	spawn ffmpeg ENOENT
https://video-s.twimg.com/ext_tw_video/1887703763063820288/pu/vid/avc1/720x1162/Y-cHSo7NC456P1zd.mp4	spawn ffmpeg ENOENT
https://video-s.twimg.com/ext_tw_video/1887632012363644928/pu/vid/avc1/368x656/P-xpo7ssaNR_3apE.mp4	spawn ffmpeg ENOENT
https://video-s.twimg.com/amplify_video/1878518340399886337/vid/avc1/1080x1920/P7qV8NcrTWPzQyDu.mp4	spawn ffmpeg ENOENT
https://video-s.twimg.com/ext_tw_video/1887545075640541184/pu/vid/avc1/720x1280/u8FVlZv9ihMe5lrn.mp4	spawn ffmpeg ENOENT
https://video-s.twimg.com/ext_tw_video/1467046054755459074/pu/vid/720x1280/IxPi2vC4QsVtlDhA.mp4	spawn ffmpeg ENOENT
https://video-s.twimg.com/ext_tw_video/1403747949893541897/pu/vid/720x926/a7zkmcmOBm7HNMXZ.mp4	spawn ffmpeg ENOENT
https://video-s.twimg.com/ext_tw_video/1677552063268413441/pu/vid/672x1232/ps3hs3mzcyG7K8yT.mp4	spawn ffmpeg ENOENT
https://video-s.twimg.com/ext_tw_video/1638799978742050819/pu/vid/720x1280/PXQ8hevMX0bZZK7F.mp4	spawn ffmpeg ENOENT
https://video-s.twimg.com/ext_tw_video/1802681823991881728/pu/vid/avc1/1280x720/-Madax3KUz28KPM6.mp4	spawn ffmpeg ENOENT
https://video-s.twimg.com/amplify_video/1810322036402597888/vid/avc1/1920x1080/6GiYFDurHBu4KQDK.mp4	spawn ffmpeg ENOENT
https://video-s.twimg.com/ext_tw_video/1846273736367804416/pu/vid/avc1/480x634/WaY15tbaK3sbWopg.mp4	spawn ffmpeg ENOENT
https://video-s.twimg.com/amplify_video/1856940622721986560/vid/avc1/1080x1920/GT2p6Fl_smde8AhV.mp4	spawn ffmpeg ENOENT
https://video-s.twimg.com/amplify_video/1809434336959016960/vid/avc1/1080x1920/bjehROdECb4WPu_p.mp4	spawn ffmpeg ENOENT
https://video-s.twimg.com/ext_tw_video/1136064640134369280/pu/vid/540x960/HMGO-GvX_pSj-k3I.mp4	spawn ffmpeg ENOENT
https://video-s.twimg.com/ext_tw_video/1753922248711311360/pu/vid/avc1/848x480/c4QfRGpfFUPQN-jp.mp4	spawn ffmpeg ENOENT
https://video-s.twimg.com/ext_tw_video/1209783484811808769/pu/vid/640x352/E9WKtTiY1SVzlaR-.mp4	spawn ffmpeg ENOENT
https://video-s.twimg.com/amplify_video/1852671040809586688/vid/avc1/1080x1920/xMF_HDFhLwCXfQfR.mp4	spawn ffmpeg ENOENT
https://media.redgifs.com/BigMellowMole.mp4	spawn ffmpeg ENOENT
https://media.redgifs.com/DownrightSteelBluetickcoonhound.mp4	spawn ffmpeg ENOENT
https://media.redgifs.com/AcrobaticCriticalXiphiasgladius.mp4	spawn ffmpeg ENOENT
https://media.redgifs.com/DimCuddlyIberianmidwifetoad.mp4	spawn ffmpeg ENOENT
https://media.redgifs.com/PeskyMediumforestgreenSouthernhairnosedwombat.mp4	spawn ffmpeg ENOENT
https://media.redgifs.com/HappygoluckyProperScorpion.mp4	spawn ffmpeg ENOENT
https://media.redgifs.com/NarrowWoodenIndusriverdolphin.mp4	spawn ffmpeg ENOENT
https://media.redgifs.com/UnsightlyNavajowhiteAfricancivet.mp4	spawn ffmpeg ENOENT
https://media.redgifs.com/MammothPerfectHackee.mp4	spawn ffmpeg ENOENT
https://media.redgifs.com/IckyLoyalTarsier.mp4	spawn ffmpeg ENOENT
https://media.redgifs.com/MenacingDifficultIndianpalmsquirrel.mp4	spawn ffmpeg ENOENT
https://media.redgifs.com/RundownSeparateNoctule.mp4	spawn ffmpeg ENOENT
https://media.redgifs.com/BowedMiniatureRainbowlorikeet.mp4	spawn ffmpeg ENOENT
https://media.redgifs.com/AdoredTriangularSilkworm.mp4	spawn ffmpeg ENOENT
https://media.redgifs.com/TinyDistantPrawn.mp4	spawn ffmpeg ENOENT
https://media.redgifs.com/UnhappyIdenticalDikkops.mp4	spawn ffmpeg ENOENT
https://media.redgifs.com/MadeupPlayfulBarasingha.mp4	spawn ffmpeg ENOENT
https://media.redgifs.com/TrustySereneAmericanwigeon.mp4	spawn ffmpeg ENOENT
https://media.redgifs.com/PlayfulFickleIchneumonfly.mp4	spawn ffmpeg ENOENT
https://media.redgifs.com/EachStrongCarp.mp4	spawn ffmpeg ENOENT
https://media.redgifs.com/GoodIdolizedArmadillo.mp4	spawn ffmpeg ENOENT
https://media.redgifs.com/GummyWeakMerganser.mp4	spawn ffmpeg ENOENT
https://media.redgifs.com/GreatComplicatedKillifish.mp4	spawn ffmpeg ENOENT
https://media.redgifs.com/ExcellentSecretHound.mp4	spawn ffmpeg ENOENT
https://media.redgifs.com/KindlyPuzzlingLionfish.mp4	spawn ffmpeg ENOENT
https://media.redgifs.com/PaltryBriskAtlanticspadefish.mp4	spawn ffmpeg ENOENT
https://media.redgifs.com/TomatoJadedAquaticleech.mp4	spawn ffmpeg ENOENT
https://media.redgifs.com/CompassionateSoggyIzuthrush.mp4	spawn ffmpeg ENOENT
https://media.redgifs.com/SmugEssentialBetafish.mp4	spawn ffmpeg ENOENT
https://media.redgifs.com/PeruThriftyAuk.mp4	spawn ffmpeg ENOENT
https://media.redgifs.com/LumpyLankyMantaray.mp4	spawn ffmpeg ENOENT
https://media.redgifs.com/AridShadowyAmericangoldfinch.mp4	spawn ffmpeg ENOENT
https://media.redgifs.com/DampLooseKagu.mp4	spawn ffmpeg ENOENT
https://media.redgifs.com/DarkslategrayConsciousBlacklab.mp4	spawn ffmpeg ENOENT
https://media.redgifs.com/FluffyLuckyBobcat.mp4	spawn ffmpeg ENOENT
https://media.redgifs.com/FirsthandWideeyedLungfish.mp4	spawn ffmpeg ENOENT
https://media.redgifs.com/ElegantJealousHairstreakbutterfly.mp4	spawn ffmpeg ENOENT
https://media.redgifs.com/HandmadeHeftyNewt.mp4	spawn ffmpeg ENOENT
https://media.redgifs.com/IndigoPettyFoxhound.mp4	spawn ffmpeg ENOENT
https://media.redgifs.com/WarmFrequentIrishdraughthorse.mp4	spawn ffmpeg ENOENT
https://media.redgifs.com/HoarseDenseHarrierhawk.mp4	spawn ffmpeg ENOENT
https://media.redgifs.com/WideeyedImmaculateGrebe.mp4	spawn ffmpeg ENOENT
https://media.redgifs.com/PrivateEvergreenMuskrat.mp4	spawn ffmpeg ENOENT
https://media.redgifs.com/TurquoiseEmbellishedHoverfly.mp4	spawn ffmpeg ENOENT
https://media.redgifs.com/ExoticBluevioletSouthernhairnosedwombat.mp4	spawn ffmpeg ENOENT
https://media.redgifs.com/BumpySaltyBellfrog.mp4	spawn ffmpeg ENOENT
https://media.redgifs.com/GrownLegalFreshwatereel.mp4	spawn ffmpeg ENOENT
https://media.redgifs.com/TheseTrustworthyAfricanparadiseflycatcher.mp4	spawn ffmpeg ENOENT
https://media.redgifs.com/DraftyMessyQuetzal.mp4	spawn ffmpeg ENOENT
https://media.redgifs.com/AltruisticHilariousTopi.mp4	spawn ffmpeg ENOENT
https://media.redgifs.com/SandybrownHealthyBass.mp4	spawn ffmpeg ENOENT
https://media.redgifs.com/GratefulDefiantGadwall.mp4	spawn ffmpeg ENOENT
https://media.redgifs.com/WorthlessNuttyMongrel.mp4	spawn ffmpeg ENOENT
https://media.redgifs.com/UnwillingWindySlug.mp4	spawn ffmpeg ENOENT
https://media.redgifs.com/CleanIncomparableRail.mp4	spawn ffmpeg ENOENT
https://media.redgifs.com/AutomaticPopularCorydorascatfish.mp4	spawn ffmpeg ENOENT
https://media.redgifs.com/GraveGullibleGraysquirrel.mp4	spawn ffmpeg ENOENT
https://media.redgifs.com/SwiftAthleticLeech.mp4	spawn ffmpeg ENOENT
https://media.redgifs.com/RadiantScaredIntermediateegret.mp4	spawn ffmpeg ENOENT
https://media.redgifs.com/EasygoingBrownAtlanticblackgoby.mp4	spawn ffmpeg ENOENT
https://media.redgifs.com/MonthlyDoubleCommabutterfly.mp4	spawn ffmpeg ENOENT
https://media.redgifs.com/VitalRelievedQuelea.mp4	spawn ffmpeg ENOENT
https://media.redgifs.com/FruitfulWelcomeIberianbarbel.mp4	spawn ffmpeg ENOENT
https://media.redgifs.com/DecentPleasantCob.mp4	spawn ffmpeg ENOENT
https://media.redgifs.com/KosherFemaleYeti.mp4	spawn ffmpeg ENOENT
https://media.redgifs.com/UpbeatDarlingEasteuropeanshepherd.mp4	spawn ffmpeg ENOENT
https://media.redgifs.com/GullibleSuperiorBlacklab.mp4	spawn ffmpeg ENOENT
https://media.redgifs.com/DarkorchidSvelteMarten.mp4	spawn ffmpeg ENOENT
https://media.redgifs.com/CapitalRingedSwallowtail.mp4	spawn ffmpeg ENOENT
https://media.redgifs.com/PurpleRowdyAstarte.mp4	spawn ffmpeg ENOENT
https://media.redgifs.com/DampProbableAntlion.mp4	spawn ffmpeg ENOENT
https://media.redgifs.com/ImpressionableArcticArgali.mp4	spawn ffmpeg ENOENT
https://media.redgifs.com/AgileMintyBrahmanbull.mp4	spawn ffmpeg ENOENT
https://media.redgifs.com/WrathfulDiligentScarab.mp4	spawn ffmpeg ENOENT
https://media.redgifs.com/GruesomeDarkgreyAnemonecrab.mp4	spawn ffmpeg ENOENT
https://media.redgifs.com/TheseNocturnalIbadanmalimbe.mp4	spawn ffmpeg ENOENT
https://media.redgifs.com/OrangeThoroughNightcrawler.mp4	spawn ffmpeg ENOENT
https://media.redgifs.com/DoubleYawningFish.mp4	spawn ffmpeg ENOENT
https://media.redgifs.com/SpeedyAzureCapybara.mp4	spawn ffmpeg ENOENT
https://media.redgifs.com/KnowingDamagedMule.mp4	spawn ffmpeg ENOENT
https://media.redgifs.com/ChillyCloudyFieldmouse.mp4	spawn ffmpeg ENOENT
https://media.redgifs.com/MetallicScaryAruanas.mp4	spawn ffmpeg ENOENT
https://media.redgifs.com/ShinyCleanMockingbird.mp4	spawn ffmpeg ENOENT
https://media.redgifs.com/PrizeUntimelyYellowwhitebutterfly.mp4	spawn ffmpeg ENOENT
https://media.redgifs.com/JitterySteelblueEquine.mp4	spawn ffmpeg ENOENT
https://media.redgifs.com/IdenticalNegativeDikkops.mp4	spawn ffmpeg ENOENT
https://media.redgifs.com/DigitalAthleticRockrat.mp4	spawn ffmpeg ENOENT
https://media.redgifs.com/ShimmeringWealthyIvorygull.mp4	spawn ffmpeg ENOENT
https://media.redgifs.com/SturdyJubilantAffenpinscher.mp4	spawn ffmpeg ENOENT
https://media.redgifs.com/BonyWildFugu.mp4	spawn ffmpeg ENOENT
https://media.redgifs.com/FrivolousUsedHalicore.mp4	spawn ffmpeg ENOENT
https://media.redgifs.com/UnitedMediumaquamarineSpringtail.mp4	spawn ffmpeg ENOENT
https://media.redgifs.com/BitterAustereLabradorretriever.mp4	spawn ffmpeg ENOENT
https://media.redgifs.com/ThoseShoddyLovebird.mp4	spawn ffmpeg ENOENT
https://media.redgifs.com/BestGrownGlobefish.mp4	spawn ffmpeg ENOENT
https://media.redgifs.com/QuaintSlateblueEland.mp4	spawn ffmpeg ENOENT
https://media.redgifs.com/UnhappyFlamboyantAmericancrocodile.mp4	spawn ffmpeg ENOENT
https://media.redgifs.com/HatefulSardonicMudpuppy.mp4	spawn ffmpeg ENOENT
https://media.redgifs.com/BubblyAmusedStinkpot.mp4	spawn ffmpeg ENOENT
https://media.redgifs.com/SphericalSlowTapaculo.mp4	spawn ffmpeg ENOENT
https://media.redgifs.com/KnottyAdmirableMullet.mp4	spawn ffmpeg ENOENT
https://media.redgifs.com/OlivedrabWornBeagle.mp4	spawn ffmpeg ENOENT
https://media.redgifs.com/DrySoftLunamoth.mp4	spawn ffmpeg ENOENT
https://media.redgifs.com/SqueakyFabulousPenguin.mp4	spawn ffmpeg ENOENT
https://media.redgifs.com/DigitalLazyReynard.mp4	spawn ffmpeg ENOENT
https://media.redgifs.com/SteelAssuredNabarlek.mp4	spawn ffmpeg ENOENT
https://media.redgifs.com/ElementaryCrimsonOpossum.mp4	spawn ffmpeg ENOENT
https://media.redgifs.com/RedBrownEwe.mp4	spawn ffmpeg ENOENT
https://media.redgifs.com/StrictHugeSouthernhairnosedwombat.mp4	spawn ffmpeg ENOENT
https://media.redgifs.com/NearLightgreyIndianrhinoceros.mp4	spawn ffmpeg ENOENT
https://media.redgifs.com/PreviousWorldlyBlackfootedferret.mp4	spawn ffmpeg ENOENT
https://media.redgifs.com/TremendousSevereTenrec.mp4	spawn ffmpeg ENOENT
https://media.redgifs.com/WretchedDeeppinkIndianpangolin.mp4	spawn ffmpeg ENOENT
https://media.redgifs.com/SandybrownSturdyNeedletail.mp4	spawn ffmpeg ENOENT
https://media.redgifs.com/CultivatedPrettyWaterbug.mp4	spawn ffmpeg ENOENT
https://media.redgifs.com/AlarmedShyMoa.mp4	spawn ffmpeg ENOENT
https://media.redgifs.com/SunnyFriendlyMajungatholus.mp4	spawn ffmpeg ENOENT
https://media.redgifs.com/UltimateSparseGarpike.mp4	spawn ffmpeg ENOENT
https://media.redgifs.com/ShorttermNearIvorygull.mp4	spawn ffmpeg ENOENT
https://media.redgifs.com/NeglectedRoughBoa.mp4	spawn ffmpeg ENOENT
https://media.redgifs.com/DampImaginativeReindeer.mp4	spawn ffmpeg ENOENT
https://media.redgifs.com/IncredibleIndianredCalf.mp4	spawn ffmpeg ENOENT
https://media.redgifs.com/ItchyImperturbableMalamute.mp4	spawn ffmpeg ENOENT
https://media.redgifs.com/FavorableMaroonIaerismetalmark.mp4	spawn ffmpeg ENOENT
https://media.redgifs.com/HeavyAcclaimedAmethystgemclam.mp4	spawn ffmpeg ENOENT
https://media.redgifs.com/DarlingOrderlyAldabratortoise.mp4	spawn ffmpeg ENOENT
https://media.redgifs.com/OffensiveBisqueAmericancurl.mp4	spawn ffmpeg ENOENT
https://media.redgifs.com/OnerlookedWellinformedBarnowl.mp4	spawn ffmpeg ENOENT
https://media.redgifs.com/CluelessFewOwlbutterfly.mp4	spawn ffmpeg ENOENT
https://media.redgifs.com/DiligentScratchyLonghornbeetle.mp4	spawn ffmpeg ENOENT
https://media.redgifs.com/LikableDecentHoverfly.mp4	spawn ffmpeg ENOENT
https://media.redgifs.com/ElementaryArcticDegu.mp4	spawn ffmpeg ENOENT
https://media.redgifs.com/SmoothArtisticWisent.mp4	spawn ffmpeg ENOENT
https://media.redgifs.com/ChubbyWellgroomedOstracod.mp4	spawn ffmpeg ENOENT
https://media.redgifs.com/FloweryNiftyDragonfly.mp4	spawn ffmpeg ENOENT
https://media.redgifs.com/MaleReasonablePterosaurs.mp4	spawn ffmpeg ENOENT
https://media.redgifs.com/UntriedCreepyEnglishpointer.mp4	spawn ffmpeg ENOENT
https://media.redgifs.com/ElectricDroopyInchworm.mp4	spawn ffmpeg ENOENT
https://media.redgifs.com/SubmissiveMidnightblueImago.mp4	spawn ffmpeg ENOENT
https://media.redgifs.com/SteelblueStrongBedbug.mp4	spawn ffmpeg ENOENT
https://media.redgifs.com/ZealousWoozyTigershark.mp4	spawn ffmpeg ENOENT
https://media.redgifs.com/KhakiPeskyCowrie.mp4	spawn ffmpeg ENOENT
https://media.redgifs.com/FrozenMindlessCurassow.mp4	spawn ffmpeg ENOENT
https://media.redgifs.com/BurdensomeUnconsciousAndeancat.mp4	spawn ffmpeg ENOENT
https://media.redgifs.com/CarelessValuableFunnelweaverspider.mp4	spawn ffmpeg ENOENT
https://media.redgifs.com/SuburbanUnhealthyEuropeanpolecat.mp4	spawn ffmpeg ENOENT
https://media.redgifs.com/MellowSugaryAnkole.mp4	spawn ffmpeg ENOENT
https://media.redgifs.com/AmpleMildDunnart.mp4	spawn ffmpeg ENOENT
https://media.redgifs.com/UnfitCostlyNorthernspottedowl.mp4	spawn ffmpeg ENOENT
https://media.redgifs.com/BrownAverageCleanerwrasse.mp4	spawn ffmpeg ENOENT
https://media.redgifs.com/StraightUnsteadyUrchin.mp4	spawn ffmpeg ENOENT
https://media.redgifs.com/DimgreyBackHorseshoecrab.mp4	spawn ffmpeg ENOENT
https://media.redgifs.com/RaggedMammothChevrotain.mp4	spawn ffmpeg ENOENT
https://media.redgifs.com/MediumblueAjarMara.mp4	spawn ffmpeg ENOENT
https://media.redgifs.com/LoudSardonicIndianspinyloach.mp4	spawn ffmpeg ENOENT
https://media.redgifs.com/EvenSinfulRaptors.mp4	spawn ffmpeg ENOENT
https://media.redgifs.com/RoundDeliciousGibbon.mp4	spawn ffmpeg ENOENT
https://media.redgifs.com/DoubleDarkgreenGraysquirrel.mp4	spawn ffmpeg ENOENT
https://media.redgifs.com/ComplexBlackArachnid.mp4	spawn ffmpeg ENOENT
https://media.redgifs.com/ShockingLoathsomeJellyfish.mp4	spawn ffmpeg ENOENT
https://media.redgifs.com/TriflingMotionlessIguana.mp4	spawn ffmpeg ENOENT
https://media.redgifs.com/LiveOliveAzurevasesponge.mp4	spawn ffmpeg ENOENT
https://media.redgifs.com/TameDecimalQuahog.mp4	spawn ffmpeg ENOENT
https://media.redgifs.com/ShockedSardonicAlabamamapturtle.mp4	spawn ffmpeg ENOENT
https://media.redgifs.com/AstonishingMeanBuzzard.mp4	spawn ffmpeg ENOENT
https://media.redgifs.com/FrightenedDarkseagreenPeafowl.mp4	spawn ffmpeg ENOENT
https://media.redgifs.com/AcademicSuddenHind.mp4	spawn ffmpeg ENOENT
https://media.redgifs.com/WaterloggedNormalHammerheadshark.mp4	spawn ffmpeg ENOENT
https://media.redgifs.com/PinkHighBlackbear.mp4	spawn ffmpeg ENOENT
https://media.redgifs.com/GleefulUltimateEmperorpenguin.mp4	spawn ffmpeg ENOENT
https://media.redgifs.com/SmoothRosyVelociraptor.mp4	spawn ffmpeg ENOENT
https://media.redgifs.com/CleanShyBlacklab.mp4	spawn ffmpeg ENOENT
https://media.redgifs.com/RoastedRedEeve.mp4	spawn ffmpeg ENOENT
https://media.redgifs.com/AntiquewhiteShrillOriole.mp4	spawn ffmpeg ENOENT
https://media.redgifs.com/TestyNonstopAustraliankestrel.mp4	spawn ffmpeg ENOENT
https://media.redgifs.com/SilverTerrificDogfish.mp4	spawn ffmpeg ENOENT
https://media.redgifs.com/FatSnarlingGreatargus.mp4	spawn ffmpeg ENOENT
https://media.redgifs.com/OvercookedCostlyEelelephant.mp4	spawn ffmpeg ENOENT
https://media.redgifs.com/EquatorialSmallGypsymoth.mp4	spawn ffmpeg ENOENT
https://media.redgifs.com/ShadyFrightenedClam.mp4	spawn ffmpeg ENOENT
https://media.redgifs.com/SturdyWelcomeEnglishpointer.mp4	spawn ffmpeg ENOENT
https://media.redgifs.com/PresentHideousPomeranian.mp4	spawn ffmpeg ENOENT
https://media.redgifs.com/AdvancedIndigoLynx.mp4	spawn ffmpeg ENOENT
https://media.redgifs.com/AutomaticVoluminousOrangutan.mp4	spawn ffmpeg ENOENT
https://media.redgifs.com/UniformVillainousAsianpiedstarling.mp4	spawn ffmpeg ENOENT
https://media.redgifs.com/PreviousCommonYearling.mp4	spawn ffmpeg ENOENT
https://media.redgifs.com/InexperiencedSurprisedScarletibis.mp4	spawn ffmpeg ENOENT
https://media.redgifs.com/WickedVacantPolliwog.mp4	spawn ffmpeg ENOENT
https://media.redgifs.com/IdleMountainousHorseshoecrab.mp4	spawn ffmpeg ENOENT
https://media.redgifs.com/EntireStrangeGonolek.mp4	spawn ffmpeg ENOENT
https://media.redgifs.com/OlivedrabGrossDiplodocus.mp4	spawn ffmpeg ENOENT
https://media.redgifs.com/RashDarkgoldenrodCuttlefish.mp4	spawn ffmpeg ENOENT
https://media.redgifs.com/NeighboringSandybrownSawfish.mp4	spawn ffmpeg ENOENT
https://media.redgifs.com/NegligibleFrigidDamselfly.mp4	spawn ffmpeg ENOENT
https://media.redgifs.com/SecretCrazyXenops.mp4	spawn ffmpeg ENOENT
https://media.redgifs.com/SpotlessUnrealisticElkhound.mp4	spawn ffmpeg ENOENT
https://media.redgifs.com/OilyCourageousSeahorse.mp4	spawn ffmpeg ENOENT
https://media.redgifs.com/AstonishingSpitefulCheetah.mp4	spawn ffmpeg ENOENT
https://media.redgifs.com/OldComposedWatussi.mp4	spawn ffmpeg ENOENT
https://media.redgifs.com/HonoredRowdyTamarin.mp4	spawn ffmpeg ENOENT
https://media.redgifs.com/HumongousGreenAdamsstaghornedbeetle.mp4	spawn ffmpeg ENOENT
https://media.redgifs.com/OblongMoistNightingale.mp4	spawn ffmpeg ENOENT
https://media.redgifs.com/WebbedAbsoluteHammerheadshark.mp4	spawn ffmpeg ENOENT
https://media.redgifs.com/LightslategrayPeruZebra.mp4	spawn ffmpeg ENOENT
https://media.redgifs.com/StandardDeeppinkChinesecrocodilelizard.mp4	spawn ffmpeg ENOENT
https://media.redgifs.com/AwkwardLinearAbyssiniangroundhornbill.mp4	spawn ffmpeg ENOENT
https://us-01.gff.network/2025/09/30/jerking-off-in-the-bathroom-and-shooting-a-huge-load-trent-williams-trentw-1759235488532/index.m3u8	spawn ffmpeg ENOENT
https://us-02.gff.network/2025/10/02/jerking-my-young-cock-until-i-make-myself-cum-nick-fenway-nickfenway-1759403671229/index.m3u8	spawn ffmpeg ENOENT
https://us-02.gff.network/2025/09/07/jerking-my-big-thick-cock-and-tasting-my-load-raphael-grey-addictionadd2-1757252896569/index.m3u8	spawn ffmpeg ENOENT
https://us-02.gff.network/2025/08/17/anonymous-guy-sucks-my-dick-and-i-blow-my-load-over-his-face-raphael-grey-addictionadd2-1755360448113/index.m3u8	spawn ffmpeg ENOENT
https://us-02.gff.network/2025/09/04/jerking-off-with-my-toy-and-shooting-my-load-curved-king-curvedking.inc-1756987675968/index.m3u8	spawn ffmpeg ENOENT
https://us-02.gff.network/2025/07/14/stroking-my-cock-and-showing-off-my-muscles-bohdan-musclegod_ua-1752417068668/index.m3u8	spawn ffmpeg ENOENT
https://us-02.gff.network/2025/06/12/jerking-off-while-wearing-my-wolverine-mask-capy-mrcapy-1749724809479/index.m3u8	spawn ffmpeg ENOENT
https://us-01.gff.network/2026/01/18/quick-jerk-off-in-the-restroom-capy-mrcapy-1768736601558-e8l80w/index.m3u8	spawn ffmpeg ENOENT
https://us-02.gff.network/2025/05/19/fucking-myself-with-a-dildo-and-jerking-my-cock-til-i-cum-gabriel-antonio-sobrenomeantonio-1747647648977/index.m3u8	spawn ffmpeg ENOENT
https://us-01.gff.network/2025/05/14/quick-late-night-jerk-off-dubian-jauregui-dubianjauregui-1747212266409/index.m3u8	spawn ffmpeg ENOENT
https://us-01.gff.network/2025/05/01/jerking-off-in-my-underwear-and-cumming-over-my-exercise-ball-gabriel-antonio-sobrenomeantonio-1746070231953/index.m3u8	spawn ffmpeg ENOENT
https://us-01.gff.network/2026/03/31/jordan-jerks-off-after-baseball-jordanxbrandt-1774879765430-4e9yww/index.m3u8	spawn ffmpeg ENOENT
https://us-02.gff.network/2026/03/25/stroking-my-cock-and-cumming-all-over-the-floor-alphadallas6969-1774358722519-7di2oq/index.m3u8	spawn ffmpeg ENOENT
https://us-01.gff.network/2026/03/25/stroking-my-cock-and-cumming-over-myself-alphadallas6969-1774358812637-nztq4m/index.m3u8	spawn ffmpeg ENOENT
https://us-02.gff.network/2026/03/25/stroking-my-big-daddy-dick-until-i-cum-big-dick-buddy-bigdbuddyxxx-1774357657267-zel79i/index.m3u8	spawn ffmpeg ENOENT
https://us-01.gff.network/2026/03/24/stroking-my-thick-cock-and-cumming-over-my-underwear-big-dick-buddy-bigdbuddyxxx-1774273938984-88pr6m/index.m3u8	spawn ffmpeg ENOENT
https://us-01.gff.network/2026/03/11/philippe-soulier-filoufitt-fucks-ashton-summers-ossanjurjo-1773159573950-w6h26/index.m3u8	spawn ffmpeg ENOENT
https://us-02.gff.network/2026/03/08/jordans-cumpilation-jordanxbrandt1-1772969040104-lorlvq/index.m3u8	spawn ffmpeg ENOENT
https://us-01.gff.network/2026/02/21/nycpole9-fucks-thickknpretti-1771651413166-fijhp/index.m3u8	spawn ffmpeg ENOENT
https://us-02.gff.network/2026/02/21/jerking-off-in-bed-until-i-cum-jacksen-luna-1771676779105-lyjur/index.m3u8	spawn ffmpeg ENOENT
https://us-01.gff.network/2026/02/01/evan-pitcher-evanpitcher-fucks-zarataco-zarataco-1769947322699-6gkh4o/index.m3u8	spawn ffmpeg ENOENT
https://us-01.gff.network/2026/01/03/edger-nyc-edgerxnyc-edges-rico-marlon-1767405250657-d9018a/index.m3u8	spawn ffmpeg ENOENT
https://us-02.gff.network/2025/12/25/luis-vieira-thelv-fucks-brody-meyer-brodymeyer-1766585997464-e3wan9/index.m3u8	spawn ffmpeg ENOENT
https://us-01.gff.network/2025/12/19/jerking-my-thick-cock-and-making-myself-cum-raphael-grey-addictionadd2-1766113774296-f7h0ta/index.m3u8	spawn ffmpeg ENOENT
https://us-02.gff.network/2025/12/11/showing-off-my-young-muscular-body-and-fucking-my-toy-benjamin-verbeck-therealbenitalian-1765453177069-kzay3/index.m3u8	spawn ffmpeg ENOENT
https://us-02.gff.network/wup/c1/42/99/4f/6b/f2/56/34/655b3af7ea8dc2543d5707d3927ef082/Jerking-off-in-the-back-seat-of-the-car-while-my-mate-drives-Andyleexxx/index.m3u8	spawn ffmpeg ENOENT
https://us-02.gff.network/2025/12/03/stroking-my-big-cock-and-cumming-over-my-muscular-body-brody-biggs-brodybiggsvip-1764762952119-teunig/index.m3u8	spawn ffmpeg ENOENT
https://us-02.gff.network/2025/11/14/stroking-my-big-cock-in-bed-until-i-cum-valk-valkhorne-1763041600005/index.m3u8	spawn ffmpeg ENOENT
https://us-02.gff.network/2026/02/05/david-christian-dombeeef-fucks-elijah-wilde-1770252264778-fn86d/index.m3u8	spawn ffmpeg ENOENT
https://us-02.gff.network/2025/11/07/fucking-my-toy-and-making-myself-cum-hard-david-christian-dombeeef-1762434230858-v4aloj/index.m3u8	spawn ffmpeg ENOENT
https://us-02.gff.network/2025/04/23/david-christian-dombeeef-fucks-diego-grant-fulltimepapi-1745409544039/index.m3u8	spawn ffmpeg ENOENT
https://us-02.gff.network/2026/02/05/edging-my-cock-with-my-toy-and-cumming-hard-over-myself-david-christian-dombeeef-1770253361670-62f0zo/index.m3u8	spawn ffmpeg ENOENT
https://us-02.gff.network/2022/09/23/5c1ac9d196e7dc8449c96db7ab5dccfb/Getting-a-hand-job-and-shooting-a-big-load-David-Christian-Dombeeef/index.m3u8	spawn ffmpeg ENOENT
https://us-01.gff.network/2022/09/23/cc77235f99dae8f4f99f47dc89dec5ca/Getting-my-cock-edged-and-milked-David-Christian-Dombeeef/index.m3u8	spawn ffmpeg ENOENT
https://us-01.gff.network/2025/08/18/lydian-grey-lydiangrey-fucks-raw-david-rawdavidx-1755524209880/index.m3u8	spawn ffmpeg ENOENT
https://us-01.gff.network/2023/05/04/Late-night-jerk-off-FitNarad/index.m3u8	spawn ffmpeg ENOENT
https://n4.coomer.st/data/b3/7f/b37f86e09928e199b9a69a2c14b1147cc419ed20bbf933e2f3a0c2a0908356c4.mp4?f=0gr6nxyj4pafa4776n97e_source.mp4	spawn ffmpeg ENOENT
https://n2.coomer.st/data/7a/4b/7a4be0acf265e42fde5a9be0ac2a942088836c95bf123c468d0272cf4b295c3d.mp4?f=0grior3h0x3o2av4m4s7a_source.mp4	spawn ffmpeg ENOENT
https://n1.coomer.st/data/3d/4f/3d4fc64fab870c58f9befc863dc2d2b7fab7611c05b6d6443615ee8f858fe9b0.mp4?f=0i0sfuvwd635gl4yzdrn7_source.mp4	spawn ffmpeg ENOENT
https://n1.coomer.st/data/a7/b1/a7b190794807e0d71333f00e3476c07b2e89dc54b4f642a827938714e8bf6e1d.mp4?f=0hlnw6j3fp3udafaxzfki_source.mp4	spawn ffmpeg ENOENT
https://n4.coomer.st/data/98/01/980178322607eb47a3b40b174f7a8cc53cfd7ed60da986f734ff9e5cbc5f8673.mp4?f=0i14xoh6n0zjag5xu93or_source.mp4	spawn ffmpeg ENOENT
https://n4.coomer.st/data/43/7f/437f26da2a9b056ae725e575f2c3dcc76ea6cf8f77937f8c91e55c9f683a2f72.mp4?f=0i2sg659nbsoryu4qmz28_source.mp4	spawn ffmpeg ENOENT
https://n3.coomer.st/data/57/d1/57d113eb04217d7ab86274a6f78cd5fa41df07847a82ab81544ff5ddeeb1c665.mp4?f=0i2hmkmungp5n5n18h3xt_source.mp4	spawn ffmpeg ENOENT
https://n4.coomer.st/data/a4/21/a4214ac719d154d0aacc58a2f1a2a87407ad28cdf046a1a4ba8f14ffb6f0bb8c.mp4?f=0i25jv2fvuuh4wrxsdqnz_source.mp4	spawn ffmpeg ENOENT
https://n3.coomer.st/data/8c/f7/8cf7f2dbdb45b88377908b6dbf17eedac30964bb889d9acc585ff8f6a810cb1c.mp4?f=0i3l1a6sjeu8azlneqa5p_source.mp4	spawn ffmpeg ENOENT
https://n1.coomer.st/data/04/64/0464d7aa8390a681b64b83a12acd26d4b1599429d5a440041d57cc4888f24124.mp4?f=0i1r2rp0cka3uyv36t52w_source.mp4	spawn ffmpeg ENOENT
https://n2.coomer.st/data/88/de/88de2cca6370f8838c08e8d8e2a0709dce87cdbc243339923cf0ac673c92c4db.mp4?f=0hwyz08uy7zdx8hb7bzv2_source.mp4	spawn ffmpeg ENOENT
https://n2.coomer.st/data/10/b3/10b37392c3451c4073f279f9cc3c5ad2294663eeefcc5104bc2589b6c611745e.mp4?f=0hp0y46ghzpeu2372yabq_source.mp4	spawn ffmpeg ENOENT
https://n1.coomer.st/data/09/e1/09e1d9e9eb34e352b11adfc6a3005d533d03349807bad7764d314f080f29cd4e.mp4?f=0hjzb9c60qzkmbaxio5jb_source.mp4	spawn ffmpeg ENOENT
https://n3.coomer.st/data/52/34/5234b40c7cded09d190adddeb756236403fcd5acfe7487b993f7f8f713961150.m4v?f=c4bd4f5f-17eb-46a2-a4c0-7218f9438a89.m4v	spawn ffmpeg ENOENT
https://n4.coomer.st/data/c1/5e/c15e3cbb8e214ec7152219c4417bac119625033cb02ca7dc42e371fee248f655.m4v?f=f3360ca1-791c-454b-a8c3-345787a45c88.m4v	spawn ffmpeg ENOENT
https://n3.coomer.st/data/c5/aa/c5aa7cf94486d04bfe0a119dac21704143920ac3925babb75cd556e6ec50edba.mp4?f=0hc4istwfeja7k9q2lf6i_source.mp4	spawn ffmpeg ENOENT
https://n2.coomer.st/data/cd/d5/cdd5cbf66d44e000d56dc62112a599e610c7c11c291b6de75c97ee1a8dab1d98.mp4?f=0h6cs4ir7xmmkmn3j6gpt_source.mp4	spawn ffmpeg ENOENT
https://n2.coomer.st/data/9b/ff/9bff7e7fe54abb61cfe50493eef33c60d8a65b56bd2f356a27030f9c9e50e675.mp4?f=0h4s5iubelrpznoq04d32_source.mp4	spawn ffmpeg ENOENT
https://n1.coomer.st/data/00/3a/003ada5e8a094ef5ec69fd7e4f306fc6fa63723fd21e16994edc79dbdbd10680.mp4?f=0i4n33jkrhx0na4x42prs_source.mp4	spawn ffmpeg ENOENT
https://n3.coomer.st/data/db/fc/dbfc6dca86badf699e9bd47cf79eda4ce6889654bd07d894d1589cf1f7cc2831.mp4?f=0himk77nrdnl4kixbax63_source.mp4	spawn ffmpeg ENOENT
https://n3.coomer.st/data/73/2c/732c17dc5533c056b0158b3ca300a79370eca0c41921523c954208fbe2a190c0.mp4?f=0i4tax8z9pmaikot0ljnb_source.mp4	spawn ffmpeg ENOENT
https://n4.coomer.st/data/f8/ae/f8ae08983fc126de6fcd7cfb69b91e40553c36aa323d6c2bcdd527ce069ce84b.mp4?f=0hzx9rvl8cf8s9b7k5a91_source.mp4	spawn ffmpeg ENOENT
https://n4.coomer.st/data/8d/db/8ddb6168553b03c5ba816d4515d080cae7b5b2f0c1a737558d487b1cf9946504.mp4?f=0i1w8se9cank41f4qx7qr_source.mp4	spawn ffmpeg ENOENT
https://n4.coomer.st/data/82/24/8224225ba3fc25b5052a40c45575d536711d96a73bea019a7ba1b9b7663ab179.mp4?f=0i1w7sitlxtruzzeeehkw_source.mp4	spawn ffmpeg ENOENT
https://n3.coomer.st/data/95/8c/958cd4d3f50d38e692b5a8afadc296dfa6ea7c0fcd6b19d4bbab7362828fbfc1.mp4?f=0i4psvpxlyt4fki0loccx_source.mp4	spawn ffmpeg ENOENT
https://n2.coomer.st/data/ca/3f/ca3f2d120d58be2d2098ad41de040fbb4197d1b20201e4d0442d41225bd332f4.mp4?f=0i1dya65bka81zf8pc5sv_source.mp4	spawn ffmpeg ENOENT
https://n3.coomer.st/data/7d/a0/7da09d2de7e09d32f03ada2c175d2c8dbcbdf4fc1014c0377665075c1f086b4c.mp4?f=0hz9bliegi1mja9o7m8cy_source.mp4	spawn ffmpeg ENOENT
https://n2.coomer.st/data/ca/3a/ca3a78b3f80e8a937c1f03597ea547d14fdddb9b88335de3f92404a68caf3539.mp4?f=0i0zhm7804qkoehi9b707_source.mp4	spawn ffmpeg ENOENT
https://n4.coomer.st/data/38/24/382424625b35b054a6b8d2ada33f8ff5eafc5b18f16b03a106daddb8c14e6e45.mp4?f=0i2kb0xqmw3sjkefcqbss_source.mp4	spawn ffmpeg ENOENT
https://n1.coomer.st/data/07/fb/07fb9b6974bcd8d7f4ff91d221bf3f9e539d157c7ef03684969d3ad50b5331ec.mp4?f=0hln8anierp89qd8z28wg_source.mp4	spawn ffmpeg ENOENT
https://n3.coomer.st/data/81/3b/813b1d15793dc05f41707f00884c9002e9222817546453611d5ba0a245bf4ed1.mp4?f=0hkw04fmjmtug4zs4l6pn_source.mp4	spawn ffmpeg ENOENT
https://n4.coomer.st/data/2d/ef/2def2adb3bb25c4c4f7de15ea9569679d96e0674eb6c4ec228f23f5062292290.mp4?f=0hlgei8txr4uneuhz4fso_source.mp4	spawn ffmpeg ENOENT
https://n3.coomer.st/data/25/63/2563d28a6c0fcf8aed39a8547d6c4d2dfc6be049505d51cfcc775b0179930245.mp4?f=0hmo0dafs5brwni54fkv6_source.mp4	spawn ffmpeg ENOENT
https://n1.coomer.st/data/86/86/8686469a02f7252ba3eabca4656049d72cf4d47075422e944bc777d1e9351ea2.mp4?f=0hl86j0zedd6twjum0peq_source.mp4	spawn ffmpeg ENOENT
https://n3.coomer.st/data/9b/3d/9b3db6eb2a1773f21409635adc5fb2c4d774e8649d086622528511b818e4d541.mp4?f=0hfn1r0zmjejdg616xrji_source.mp4	spawn ffmpeg ENOENT
https://n2.coomer.st/data/02/af/02afb6bb2210a23e75ce0ee03992173148b50619037629c6d7d6bff7ae48e5b7.mp4?f=0hfn1r2t9px2rlophfotv_source.mp4	spawn ffmpeg ENOENT
https://n2.coomer.st/data/1a/10/1a10b34ff5828947b3162706daa61f61af4a3b40df35921a3b7c6788fefd7431.mp4?f=0hmtht179oq8rslbb5lds_source.mp4	spawn ffmpeg ENOENT
https://n2.coomer.st/data/39/8a/398a52070e046fcc62fce29a6b81164592ad56984628a7d31530b3edafcbd6e1.mp4?f=0heytkhv65xjyhg6tgfre_source.mp4	spawn ffmpeg ENOENT
https://n2.coomer.st/data/85/32/85320e27799525782c09fa3f84d2032869d46bb9fd64a7ea7d06981dd3400978.mp4?f=0hm9cu9t43aeggdmntz1b_source.mp4	spawn ffmpeg ENOENT
https://n4.coomer.st/data/24/d9/24d9777a7ce02c66e9196400037cbab348f3c6378ecc4d7587ce325188402584.mp4?f=0hj8hbh5eqoo8zdd3uzwa_source.mp4	spawn ffmpeg ENOENT
https://n3.coomer.st/data/2f/7e/2f7e74c431e1b431e611e80f6dace108007eebf6709140d72382ea6c8aa54f1d.mp4?f=0hzysjymoh53f7yg4n26r_source.mp4	spawn ffmpeg ENOENT
https://n3.coomer.st/data/44/50/445035e7e69301ad9df1d98811b63173ba32d74565034ae14388aa00bd6e062a.mp4?f=0hhmr6q7ishvcgtm44dfa_source.mp4	spawn ffmpeg ENOENT
https://n2.coomer.st/data/ca/84/ca84950d6c58d86c90f491fe7b8fe38dd7a3dbc4bb3a294580c5dfb970d0a541.mp4?f=0i5ekr97qcbaj55ygml7k_source.mp4	spawn ffmpeg ENOENT
https://n2.coomer.st/data/02/18/0218e8b28190c31ba625811f24a985c980bbe420bd7390efd9d9c0e5a7348827.mp4?f=0i47dw31tu9u2ssitebcy_source.mp4	spawn ffmpeg ENOENT
https://n4.coomer.st/data/86/4f/864fbcc1b5e0c14d36535ac13e8178a2e6681bbe358972de712e86771edc7a86.m4v?f=12d32326-7cf5-4b31-a2ce-0880f035fa16.m4v	spawn ffmpeg ENOENT
https://www.dropbox.com/scl/fi/yh8nuvaopcwgwxc0wb667/Prince-Of-Edging.mp4?rlkey=hms3h1dt13j7zahfpptzdzfys&st=v7ek4x60&raw=1	spawn ffmpeg ENOENT
https://www.dropbox.com/scl/fi/adnsfgftpl9fgukv1ytuc/TheEdger8.mov?rlkey=iutntg92esq32b9ly1qw2rgw2&st=8vyx580c&raw=1	spawn ffmpeg ENOENT
https://www.dropbox.com/scl/fi/466v3nudzdoppbexnmna5/E8.mov?rlkey=7ghqam0ijs7ae8ei3q310tous&st=x4djdx36&raw=1	spawn ffmpeg ENOENT
https://www.dropbox.com/scl/fi/971oyf90038opul8zfdcb/Dillon-STHJ_-Made-with-Clipchamp-6_6_2026-7_49-AM.mp4?rlkey=uca827xdusgok8ek5q79ca59c&st=v4i4m0v0&raw=1	spawn ffmpeg ENOENT
https://www.dropbox.com/scl/fi/vl3qt8u5n093kfg35fkjz/SamBridle_x_EdgerU1.mov?rlkey=bdhd2hl86k58hszgafgryl57e&st=bvhqfxao&raw=1	spawn ffmpeg ENOENT
https://www.dropbox.com/scl/fi/rdavys8u20bc4317m3gl4/SamBridle_x_edgerxNYC-1.mov?rlkey=tlvvygb6vty1vrxtblf0cbkll&st=60xmofw2&raw=1	spawn ffmpeg ENOENT
https://www.dropbox.com/scl/fi/zilzpna79fy54jycabpn2/_JEPEq9aFLtu7Rvm.mp4?rlkey=e9y9cuujeei1kpttqwy5m9s2k&st=0l7xzspd&raw=1	spawn ffmpeg ENOENT
https://www.dropbox.com/scl/fi/xz4dhj1ufwfbondecbr79/Itq-8R8g71kmIVu.mp4?rlkey=91sovocif5xrf3cxhb3z36q5n&st=wuontval&raw=1	spawn ffmpeg ENOENT
https://www.dropbox.com/scl/fi/sf3qqual4y8rpeqba4mmg/0Dn3Pjfq0APhbrNV.mp4?rlkey=sx3ec64upa1ixtjssoz1ng3ii&st=2590wtso&raw=1	spawn ffmpeg ENOENT
https://www.dropbox.com/scl/fi/bkfzr2blcg1q8fyouqjyz/1C_DfcxMig1IGQbY.mp4?rlkey=rw6rk7u74qpdsu10edws3xw9z&st=2rwb6q6f&raw=1	spawn ffmpeg ENOENT
https://www.dropbox.com/scl/fi/krh63z3rqqdm1ya46wt9w/2xvsMa8UonrVCrKk.mp4?rlkey=cch0yiqdpt0zc1qpwefdb6jrw&st=fdvf4oh5&raw=1	spawn ffmpeg ENOENT
https://www.dropbox.com/scl/fi/s89vf3kd164x6g4jvnf3i/4kALQ_JKxDkJlNKb.mp4?rlkey=8s3mcv6vxs5eg2c5besyjio5p&st=j8ld8obf&raw=1	spawn ffmpeg ENOENT
https://www.dropbox.com/scl/fi/nn93d3qdoogg4eos54i9f/8Dt28qTCTG4h-tv7.mp4?rlkey=y6ypzsa13c8j1q1e0xc85v7i0&st=y8ay7zm3&raw=1	spawn ffmpeg ENOENT
https://www.dropbox.com/scl/fi/seb3x0gxnzlvxvkrjmx1p/8tYRO4vE8Poyl5ln.mp4?rlkey=auogpn4i8v2dz0jlcln4s7ytd&st=1t83pk3k&raw=1	spawn ffmpeg ENOENT
https://www.dropbox.com/scl/fi/2xu9kufyvhhzq6lvak1hb/8XVbDB3wl5os8YXT.mp4?rlkey=28ugmuq41dd62txnicg44aifo&st=45pj4xe7&raw=1	spawn ffmpeg ENOENT
https://www.dropbox.com/scl/fi/eahtzer6sn3y5ttvq5zze/9CbHhaI_cl0oxmeP.mp4?rlkey=zj8zvef7pg9qoja58r15r40cx&st=uo105aak&raw=1	spawn ffmpeg ENOENT
https://www.dropbox.com/scl/fi/ku1f95l4rttt9vvpbot0u/9K0M6R6AbHHr_iCE.mp4?rlkey=tdqb7s7qbtyf3ukzu008x427i&st=29z06gky&raw=1	spawn ffmpeg ENOENT
https://www.dropbox.com/scl/fi/bsgv05nnmhbubwbyvrdr7/9p_kX_O1DG2imBeu.mp4?rlkey=yrbqlwe2bh7lvipkszjktzpdr&st=tn5ygikc&raw=1	spawn ffmpeg ENOENT
https://www.dropbox.com/scl/fi/eu89l3x8vok5jjiphjfou/9z7h2xu9vTzjNYC2.mp4?rlkey=76ff6uq8letudiu2rq2ipvj1k&st=z6hho0h6&raw=1	spawn ffmpeg ENOENT
https://www.dropbox.com/scl/fi/8a3uwuatphtfscljgs2z6/240p.av1-3.mp4?rlkey=ye7ck8jrl5qqo7ow64pao43s4&st=wqpy22qf&raw=1	spawn ffmpeg ENOENT
https://www.dropbox.com/scl/fi/06lwr0lz6s1zf3za032ai/720p-81.mp4?rlkey=y6tw7lj4n9ij4aygpm7epdqrm&st=1rey5dg4&raw=1	spawn ffmpeg ENOENT
https://www.dropbox.com/scl/fi/sn5ukzurkxtdpmp4aza3b/720p.mp4?rlkey=x4azejptbue2h6dlgyk4tnkta&st=rhfc82t9&raw=1	spawn ffmpeg ENOENT
https://www.dropbox.com/scl/fi/adybft412fwtyqj0ivi4w/720p1.mp4?rlkey=0ilj6lyp7ugm8wae5u7jvvbbh&st=hcy4qckk&raw=1	spawn ffmpeg ENOENT
https://www.dropbox.com/scl/fi/swbu8f5jmyijr37pplbwh/720p4.mp4?rlkey=sdc9ejh6phy13rg46ydpb33k0&st=qnj9n3hu&raw=1	spawn ffmpeg ENOENT
https://www.dropbox.com/scl/fi/6ljubb8s1bjl7wnqqpdjv/720p5.mp4?rlkey=j9kpi8ek1s5wqqbprekz4slfu&st=txsfojy3&raw=1	spawn ffmpeg ENOENT
https://www.dropbox.com/scl/fi/kr022hx676ey27db57xae/720p7.mp4?rlkey=acljqz324g6azg1ktao4rh5f1&st=p5jt986d&raw=1	spawn ffmpeg ENOENT
https://www.dropbox.com/scl/fi/u778jgjca198tfskn90e3/720p8.mp4?rlkey=m1lh2yymns7pj00xxn7ids8no&st=nin50d9a&raw=1	spawn ffmpeg ENOENT
https://www.dropbox.com/scl/fi/w0hsn93ktldjx25xi88bu/720p9.mp4?rlkey=milym0cw3c0doyx9gq2jmoaqd&st=fpqcuhkb&raw=1	spawn ffmpeg ENOENT
https://www.dropbox.com/scl/fi/ew1c8vrwunbt970yt9bg5/720p10.mp4?rlkey=y0pi7j8busx1a6e2x85pok4yb&st=474a9ewt&raw=1	spawn ffmpeg ENOENT
https://www.dropbox.com/scl/fi/pgorbjkex925cysh8is9k/720p11.mp4?rlkey=jvahmhpns0mv7c00c96dk8b9j&st=66p2lhzl&raw=1	spawn ffmpeg ENOENT
https://www.dropbox.com/scl/fi/udjom79peaue2x4ssmyyu/720p12.mp4?rlkey=qj4e5jpga9cvwhxtm8trzvqio&st=8arvsrbm&raw=1	spawn ffmpeg ENOENT
https://www.dropbox.com/scl/fi/k960l8dus4lu8mxbfshp0/720p14.mp4?rlkey=2kusu2fhj2l9ivadqhstkr5v9&st=cf9gafxd&raw=1	spawn ffmpeg ENOENT
https://www.dropbox.com/scl/fi/widl4ju962rgtkzomlv1k/720p15.mp4?rlkey=pe7jz29don9fefyln1o17iqyj&st=731znrsp&raw=1	spawn ffmpeg ENOENT
https://www.dropbox.com/scl/fi/s4mo4x2ns45f3wd71mhj3/720p16.mp4?rlkey=769vpkr41im1wbg9xfwenuuyg&st=16nzdezg&raw=1	spawn ffmpeg ENOENT
https://www.dropbox.com/scl/fi/p1ckbjybmcmcb0l35vkgi/355557_hd.mp4?rlkey=fv47tz4f1wvskqfe5o1s26boi&st=wdiau0f3&raw=1	spawn ffmpeg ENOENT
https://www.dropbox.com/scl/fi/m9f2rujkrt23067m93cgc/117304181-e6045c1583c2f0bb565ca1c49b02dbab.mp4?rlkey=rgiu6p2wjmra73udl9i8kfizz&st=lzjiwdef&raw=1	spawn ffmpeg ENOENT
https://www.dropbox.com/scl/fi/dyh5ag3n40gj6esp103p6/117383381-421b4ce0bc7dad3367cd8148df8dc179.mp4?rlkey=m9xwemfosa3smkiy3jkh0yser&st=ria99q8r&raw=1	spawn ffmpeg ENOENT
https://www.dropbox.com/scl/fi/wsyoqyyx45jsm0zywrzzg/Aa4rvMvJc6R2rUYn.mp4?rlkey=5ce26rdthftpxpyafkspsvjt8&st=1iwv0nkt&raw=1	spawn ffmpeg ENOENT
https://www.dropbox.com/scl/fi/qw1w6nhk84qzpvd3x407j/AnCpEpmVjS58-JC1.mp4?rlkey=o1tep2qr6tspahsbd75ly6io9&st=3t1fnzg8&raw=1	spawn ffmpeg ENOENT
https://www.dropbox.com/scl/fi/3pgp93j5m7emljnme0b60/B6Xe6jve7LL3qDdw.mp4?rlkey=alfw1nd2yr5yf1b3mh0eco8n8&st=ghu2c4e8&raw=1	spawn ffmpeg ENOENT
https://www.dropbox.com/scl/fi/gtkggro2rkex9xwtrn4fv/BBC-Big-Dick-Cock-Cum-Cumshot-Cumshots-Exhibitionist-Masturbating-OnlyFans-Outdoor-Porn-Gif-by-meat_senpaii-_-RedGIFs.mp4?rlkey=qsozftb4kknm81pg4pi3ezx1o&st=nqwggaas&raw=1	spawn ffmpeg ENOENT
https://www.dropbox.com/scl/fi/ogij5gil55cg7fi97buy5/BBC-Big-Dick-Cock-Cum-Cumshot-Masturbating-OnlyFans-Solo-Uniform-Porn-Gif-by-meat_senpaii-_-RedGIFs.mp4?rlkey=ucx2s1qbfnwhy5wtf3bbenbmc&st=7f6iat70&raw=1	spawn ffmpeg ENOENT
https://www.dropbox.com/scl/fi/s3df2d7drjymglni7q8yk/BBC-Big-Dick-Cum-Cumshot-Fleshlight-Muscles-OnlyFans-POV-Sex-Toy-Toy-Porn-Gif-by-meat_senpaii-_-RedGIFs.mp4?rlkey=w3evh7tgoux8al9zkf566qnwx&st=smt34x91&raw=1	spawn ffmpeg ENOENT
https://www.dropbox.com/scl/fi/g63jogm8xno4p2rhl12zy/BEYFj6vNAbBao6DL.mp4?rlkey=426f9zhncc55g024lf6ynrcuw&st=ue8i5uq6&raw=1	spawn ffmpeg ENOENT
https://www.dropbox.com/scl/fi/xvwfostbofd9a1pvs0mdp/BF3La7IdzJc0XsON.mp4?rlkey=jwyej0ot64wagpvor3xpd9hpd&st=k3i86g3h&raw=1	spawn ffmpeg ENOENT
https://www.dropbox.com/scl/fi/or00w3vk8s6uncivlcugp/Big-cumshot-home-www.saveporn.net.mp4?rlkey=doeztt7a41xzkxb0xm88wtq2n&st=45broyeo&raw=1	spawn ffmpeg ENOENT
https://www.dropbox.com/scl/fi/7a1n40vldbev24ldkmv2i/bLC-kuh-Cj4ESHS6.mp4?rlkey=b2vhz0hofvqnp31tg9hubaood&st=w0i26xp6&raw=1	spawn ffmpeg ENOENT
https://www.dropbox.com/scl/fi/8124sh9jabm5xfrascby7/c7oq1qSz1ORmxnX2.mp4?rlkey=rrm4obaky9r2071ny5yq8g5hg&st=e6pqn3a5&raw=1	spawn ffmpeg ENOENT
https://www.dropbox.com/scl/fi/g5m2xikv5314g9mbyd73j/CARAMEL-BIG-DICK-CaramelBigDickz-Twitter-Profile-_-Sotwe-8.mp4?rlkey=qqb3aarsazbtzb0bwveuv7r8y&st=jtouxry8&raw=1	spawn ffmpeg ENOENT
https://www.dropbox.com/scl/fi/u852jen4wgrb1xoob7crv/cNBRdFAIgtoXx4cr.mp4?rlkey=wdltfj4zutgm73h4axzzaka9h&st=tdlpteun&raw=1	spawn ffmpeg ENOENT
https://www.dropbox.com/scl/fi/0pe6ysmv0ko7xgqukpiyf/Cua2AeVZQJfYlvnU.mp4?rlkey=7nmykenomzma6yhnvtcloazby&st=iifmbfvv&raw=1	spawn ffmpeg ENOENT
https://www.dropbox.com/scl/fi/hylsmt9c0ovw3mszyqxqp/d_SriI9JP3AUdF5H.mp4?rlkey=ae1pqw7tz9cpdqr0698echyrx&st=hselev1j&raw=1	spawn ffmpeg ENOENT
https://www.dropbox.com/scl/fi/n2mmdoa4c9ax61zyspo92/D26hMPnIPsR8mSqC.mp4?rlkey=bnrqomtfb6on7csutsslze352&st=2g0sapfi&raw=1	spawn ffmpeg ENOENT
https://www.dropbox.com/scl/fi/mjsa6z85plh798o53486i/da5QJsilimlPcVMS.mp4?rlkey=my4bunl6ypzmzg6b4i8oqta4f&st=5vtfebsb&raw=1	spawn ffmpeg ENOENT
https://www.dropbox.com/scl/fi/1gpolx6sk0vhukkczs0mr/DOiTAuzHT0T-rDIZ.mp4?rlkey=pp5yx7wggsgdkaersom1pnw7m&st=tvmdhx34&raw=1	spawn ffmpeg ENOENT
https://www.dropbox.com/scl/fi/ltc24c3r2unxfkt95wyy9/dZ0-QXKVDNQRubjm.mp4?rlkey=sri92reelq3qxka24buce4xqt&st=xyvjoc13&raw=1	spawn ffmpeg ENOENT
https://www.dropbox.com/scl/fi/1e52db853wwg0p38t5iml/F3AMkXgUGLD25d5N.mp4?rlkey=2queqah3p6rbo0okocab2sud1&st=ed1myt1z&raw=1	spawn ffmpeg ENOENT
https://www.dropbox.com/scl/fi/axh0wh69jaei05gotwgfv/F3nMD7akciVCN41f.mp4?rlkey=u01utdqyllnr185ge5tbi6vsw&st=0o84vl8z&raw=1	spawn ffmpeg ENOENT
https://www.dropbox.com/scl/fi/3kkjd3wona2fuavxb7ofj/FK2xweDZo-Vw2w8h.mp4?rlkey=mn9lyccz0ktungqc18ppc9o7q&st=dftstste&raw=1	spawn ffmpeg ENOENT
https://www.dropbox.com/scl/fi/cj3g6sqr26825x9mxd5uw/FOyYWhw6aH42Ifs5.mp4?rlkey=im82bb7aboo1duijec9hgvhqu&st=jmcgqots&raw=1	spawn ffmpeg ENOENT
https://www.dropbox.com/scl/fi/2zng1eo014sgf2mdznzyf/FrTcrn5F-IuxWg1N.mp4?rlkey=o9o8lqjs1qji49w3amewbwsa8&st=e7giiej6&raw=1	spawn ffmpeg ENOENT
https://www.dropbox.com/scl/fi/yluphmd655p1oo2w8tk3l/Fullononechicago-Fullononechica1-Twitter-Profile-_-Sotwe-128.mp4?rlkey=p5iy94qtovkpx3h3pone19t1k&st=nc5zld9z&raw=1	spawn ffmpeg ENOENT
https://www.dropbox.com/scl/fi/ov5ydjznvfmxpwi7v0bt7/Fullononechicago-Fullononechica1-Twitter-Profile-_-Sotwe-180.mp4?rlkey=bty4ufz3iwx1hm61t5r7jea4u&st=o9afk3vq&raw=1	spawn ffmpeg ENOENT
https://www.dropbox.com/scl/fi/2aihmgqsrnsiuo5kzmrj2/Fullononechicago-Fullononechica1-Twitter-Profile-_-Sotwe-200.mp4?rlkey=nkgaczswffqo6tctb2rbfljvv&st=bs00n2wv&raw=1	spawn ffmpeg ENOENT
https://www.dropbox.com/scl/fi/wkmyxrbmco3ca428hp5n5/gaymencum-1927400655804666157-01.mp4?rlkey=141apypw1m39eu061kt9nf3kb&st=zo3fe1ps&raw=1	spawn ffmpeg ENOENT
https://www.dropbox.com/scl/fi/0sefqf93ttt78lze1lfva/gIfG3_Z1hVOhWiUe.mp4?rlkey=j3i4948mirx10qoinmvlcwse9&st=gwoqh48q&raw=1	spawn ffmpeg ENOENT
https://www.dropbox.com/scl/fi/lsrrwjk10k9i4echx38bt/Goblin_s-Cave-Good-End.mp4?rlkey=q4wy9y6jqu8pp9kyupuxspji7&st=e2fcuqag&raw=1	spawn ffmpeg ENOENT
https://www.dropbox.com/scl/fi/rzj17dez7uc2u56ndp1lh/gYKe69iTHNX4RQ7N.mp4?rlkey=gbdsx37svb76szc3nigiv8ifm&st=vsd8k8j0&raw=1	spawn ffmpeg ENOENT
https://www.dropbox.com/scl/fi/zvpwfmghk5qt6fewxnolr/HJ8nX84K0NxAOIjP-2.mp4?rlkey=vzmqvbpx7gwbwwmt74g6ymb0y&st=1jpcaheg&raw=1	spawn ffmpeg ENOENT
https://www.dropbox.com/scl/fi/ji90blopva4yt5qwgiiii/HPbNhtzh2kkq2xrz.mp4?rlkey=cxg8b316e4r01lcdmcsmza0qg&st=rdoxjx0j&raw=1	spawn ffmpeg ENOENT
https://www.dropbox.com/scl/fi/a7o5qq5pbid03h731ez1l/HqXgv4EyLHceqpCF.mp4?rlkey=qyy02b3tuf66t9qpaosaxkjmp&st=qyy6gsqu&raw=1	spawn ffmpeg ENOENT
https://www.dropbox.com/scl/fi/4hws8bxb2hdlzt3qmw6ta/iAkyc8UeHVIfdYhI.mp4?rlkey=hwuak90ge57jpahsfh46dbgek&st=vd5y6mbj&raw=1	spawn ffmpeg ENOENT
https://www.dropbox.com/scl/fi/224w7kp9lqiwmovz7tqvq/IMG_0125.mp4?rlkey=0p6aobjlqjoioxx36w8urbznw&st=acts7see&raw=1	spawn ffmpeg ENOENT
https://www.dropbox.com/scl/fi/pbh4p5dvf2i4y5cpf64vx/IMG_0183-3.mp4?rlkey=mygwxqgahu8eqoxaao78wczce&st=v1c55xwu&raw=1	spawn ffmpeg ENOENT
https://www.dropbox.com/scl/fi/29ynbb6cv1zhi6aa4mf4o/IMG_0210-4.mp4?rlkey=9e13w9e9vm9rln31x90uxvvlh&st=owv6vr2r&raw=1	spawn ffmpeg ENOENT
https://www.dropbox.com/scl/fi/wqg4jr9pi77kebl3k2nns/IMG_0237-3.mp4?rlkey=u3b29hudvowxqomztwk0mymer&st=ku5ettzw&raw=1	spawn ffmpeg ENOENT
https://www.dropbox.com/scl/fi/gaupnigh1n2lig6dmrm8n/INCUBUSTTT-1926779559644397834-01.mp4?rlkey=292xn4uoz9lwls419z4q2ntew&st=pj0264ks&raw=1	spawn ffmpeg ENOENT
https://www.dropbox.com/scl/fi/t7n7eup19iuu8bjsheu3p/IuqRYXx4nFvyrU3F.mp4?rlkey=ly3nklkb8uedxjpotji5ir31b&st=wq16acxw&raw=1	spawn ffmpeg ENOENT
https://www.dropbox.com/scl/fi/ptf3acggs9i1fczieemci/Jc3qWI-f_S0S2Uho.mp4?rlkey=9tpp5n06x4uxfow56kubuj30j&st=41u8jeqo&raw=1	spawn ffmpeg ENOENT
https://www.dropbox.com/scl/fi/6fvdhcv7oy52zh6x81rvd/kbXUNFhTXcNwYlnf.mp4?rlkey=8vi2h45aezs540plqi8pg6nag&st=9dscgyin&raw=1	spawn ffmpeg ENOENT
https://www.dropbox.com/scl/fi/u8hhjau3q2u8qlhvp1o7t/KIdfbxER-hw7mZOC.mp4?rlkey=62znypzxaiu3y0hfi997z7je5&st=9lyuw57e&raw=1	spawn ffmpeg ENOENT
https://www.dropbox.com/scl/fi/dlplnj3n3xahrz1nsx8jo/kkqKKeLbNpmf4X75.mp4?rlkey=127823xma87enuokuqq4g2zy8&st=zfs0sx0r&raw=1	spawn ffmpeg ENOENT
https://www.dropbox.com/scl/fi/8jvptsw5fos9qip3m123e/KmaIwxK_tt0UqjRI.mp4?rlkey=w2p7nk8r469jfqscckgoge3d6&st=2b54tt5o&raw=1	spawn ffmpeg ENOENT
https://www.dropbox.com/scl/fi/vn4o31yoeyvh726dknu5d/KmFd2DIrT9NPyDgR.mp4?rlkey=lyviwx6az2ihanbxfffofwvc8&st=tmoaymap&raw=1	spawn ffmpeg ENOENT
https://www.dropbox.com/scl/fi/blq4fp4qprxm221w4bkb5/kYdrFlpK8lrYU_Ri.mp4?rlkey=wycae9cbzaiqmarw82hd0yr0a&st=rqga8q8h&raw=1	spawn ffmpeg ENOENT
https://www.dropbox.com/scl/fi/0anlg7zexmqvb5e7i17ag/LfMIBhq6SNOnlxRA.mp4?rlkey=u2sc2eraiaf63tjg8lcwep46e&st=haer18au&raw=1	spawn ffmpeg ENOENT
https://www.dropbox.com/scl/fi/q6qzasz8r08psayymnqf2/lovecumshots_20250228-3.mp4?rlkey=ea7g473ke7k4cbe8c2b81ogu8&st=3xk1laks&raw=1	spawn ffmpeg ENOENT
https://www.dropbox.com/scl/fi/wgpzoaqovpjdgw8qw6fc6/lovecumshots_20250406-2.mp4?rlkey=i9cwli5qbvxnpyh9m23m9ux93&st=w8l45m0c&raw=1	spawn ffmpeg ENOENT
https://www.dropbox.com/scl/fi/hd2nj4l7i38c8ow0hfl8z/lovecumshots_20250406-9.mp4?rlkey=7zjhmt2it8oyhblkb0z8947xb&st=4pzkgzbu&raw=1	spawn ffmpeg ENOENT
https://www.dropbox.com/scl/fi/34wws1dh89ac0ege646sf/lovecumshots_20250406-14.mp4?rlkey=vv89tk191jfbvxxaxydt8r3tq&st=nh0lxo2a&raw=1	spawn ffmpeg ENOENT
https://www.dropbox.com/scl/fi/lozswskjfwbf8ht75fe39/lovecumshots_20250524.mp4?rlkey=xp81btnjgjmz81860bkoxlu29&st=f68bja43&raw=1	spawn ffmpeg ENOENT
https://www.dropbox.com/scl/fi/erq6553e8jubb0y4vc6zt/lovecumshots_20250530-1.mp4?rlkey=ko2i0c0prex4lvw8loabwimyr&st=h88j140t&raw=1	spawn ffmpeg ENOENT
https://www.dropbox.com/scl/fi/jfs0nir4l59di9b2ad9z8/Lr0RPVnJe8fgxDvs.mp4?rlkey=tg9ming6vdrq5uc4ld3cmeej0&st=k7mm0noq&raw=1	spawn ffmpeg ENOENT
https://www.dropbox.com/scl/fi/7tnzkynzi43w9lxbs0q20/MCEX5loeoz-9cEUm.mp4?rlkey=ocveban81s5txuq40gw10s2dr&st=qlfvvso7&raw=1	spawn ffmpeg ENOENT
https://www.dropbox.com/scl/fi/rawxse0d5ae3v67b66gjp/MCMaqwH4i_Fcvynz.mp4?rlkey=w9uv6l21ekiabp6ny7wa9tzi0&st=8j9u0ftf&raw=1	spawn ffmpeg ENOENT
https://www.dropbox.com/scl/fi/ty2muykk63616cf3wspct/men4men11-1926919092620894365-01.mp4?rlkey=oqvrcq0ca8ccy01i45jsffht7&st=cifkwlr3&raw=1	spawn ffmpeg ENOENT
https://www.dropbox.com/scl/fi/vfqjnt54ljtvp711737wd/mKHh7nwk36aHUR26.mp4?rlkey=t8upfrja8y8ldgibvp9ycepjk&st=q3231ay7&raw=1	spawn ffmpeg ENOENT
https://www.dropbox.com/scl/fi/08ae10a0xl0z69wgum2v0/MMs7Q4PzvPFKc265.mp4?rlkey=q12c20nh6h8o6fuxccr2zuiqu&st=qymngcqd&raw=1	spawn ffmpeg ENOENT
https://www.dropbox.com/scl/fi/wiyz0n0ny9cvsyp216gv3/mNVochBWIhrxHLmj.mp4?rlkey=g6ti5vfi6z6mj77v47ic1m5w7&st=03ulta3f&raw=1	spawn ffmpeg ENOENT
https://www.dropbox.com/scl/fi/90mny712l54ii8npn68nm/mvLC0J86xIPvwjpk.mp4?rlkey=pyeriutfqu3fts8ea3yohrx0b&st=f6si98y1&raw=1	spawn ffmpeg ENOENT
https://www.dropbox.com/scl/fi/nfvs5at8vt52no8wwje4z/nCXCZPyy_D19ZgAu.mp4?rlkey=kbwylvpore0jytjvwor3rolov&st=j20751n8&raw=1	spawn ffmpeg ENOENT
https://www.dropbox.com/scl/fi/gz2m4gqx71zrndhcfb5dk/Nzqj0z_ZoK6hkxbN.mp4?rlkey=2dt2mjcc9b978dd6462xd6k2v&st=4p4i09ln&raw=1	spawn ffmpeg ENOENT
https://www.dropbox.com/scl/fi/lo85ore0d0hz8f83h3qyf/oALGmD683qRS70Lh.mp4?rlkey=drytsna4z6dx0h1lqfu6l9oe8&st=pj51j6n2&raw=1	spawn ffmpeg ENOENT
https://www.dropbox.com/scl/fi/rjt9tgue5wx7pvmwc3fma/oEO3PFignFAWjQxW.mp4?rlkey=r1ff9pkpib8i2hy8e56ag6uve&st=b9vpaoh5&raw=1	spawn ffmpeg ENOENT
https://www.dropbox.com/scl/fi/re5s4qru3h80f7ip7x1pz/Ok6ItqCUWPdtilQ4.mp4?rlkey=aelchr968trqpgk4sa6nvdb3i&st=rzhdoaa5&raw=1	spawn ffmpeg ENOENT
https://www.dropbox.com/scl/fi/3ywt4o5zxy3p1yelrj2dz/pb1dAtnNr227vcQl.mp4?rlkey=fwscet0ngkipea8c3fvopbjak&st=zvl1ogy3&raw=1	spawn ffmpeg ENOENT
https://www.dropbox.com/scl/fi/3en52jumybm59tv1kr0t0/POZ81XuhfGqQts-e.mp4?rlkey=t0124i1jbbh6ychu2813sq1m7&st=rxod8vl1&raw=1	spawn ffmpeg ENOENT
https://www.dropbox.com/scl/fi/v4mbreb0nnwsxumdn3nak/Q73b68EEGNQ4nktq.mp4?rlkey=dznu5i48hpwxxdvgi0qzzm9s4&st=cskqcq4x&raw=1	spawn ffmpeg ENOENT
https://www.dropbox.com/scl/fi/pccmrw2m4phxzpnkiya2a/QFY-eDYw6dWDlf0l.mp4?rlkey=nkr2d2zdlrs6r151foqvnmabn&st=wttvleys&raw=1	spawn ffmpeg ENOENT
https://www.dropbox.com/scl/fi/cd9tp1cf41ghq1uttjkoi/qkSjYHPH0BL7Yu7k.mp4?rlkey=xwyzsp7bblhqjgy6md8uawrft&st=8lkfq0ao&raw=1	spawn ffmpeg ENOENT
https://www.dropbox.com/scl/fi/yafxksyrc706w0bz2jnsb/qnISArMp58hcaGRs.mp4?rlkey=0gihfzzl2mdj02r6c1lcvt5d9&st=nbke7gob&raw=1	spawn ffmpeg ENOENT
https://www.dropbox.com/scl/fi/cnq8yixlnk6en7dxlzyih/R_2eiQJUuyT-yAh3.mp4?rlkey=9jznzu4bfc822kbqn6to249s5&st=43vsf9oc&raw=1	spawn ffmpeg ENOENT
https://www.dropbox.com/scl/fi/jzmlgitl9hcwyzizyf35d/r0uqLV4nXfiwGAfz.mp4?rlkey=v6jr0whk8dsf2t2tjdh91k7i7&st=xecvi7n6&raw=1	spawn ffmpeg ENOENT
https://www.dropbox.com/scl/fi/samg8ror0prfpcdnd4uts/R1T9w6kJReaukvH0.mp4?rlkey=2v3krovwqcr8spfh4m74i9nkk&st=sxlti1yi&raw=1	spawn ffmpeg ENOENT
https://www.dropbox.com/scl/fi/8iez1znzzvvrm7mrb4o2f/rcJcLfpIZ1q_PAeJ.mp4?rlkey=vr2faekz9o1hjpd6o203eaz9a&st=asazfo8f&raw=1	spawn ffmpeg ENOENT
https://www.dropbox.com/scl/fi/z6moouw6vtw3zod0dlwsz/reM424c8VUuH3GWH.mp4?rlkey=ansjw2sykzfw42vj65x5rw1h5&st=k6b8nwuj&raw=1	spawn ffmpeg ENOENT
https://www.dropbox.com/scl/fi/sg61ppifp66yxl85jonyj/rGbAhPVw7Eg2joZT.mp4?rlkey=h0vctnrc4dl1nk9657p8wo2e4&st=fneetaw8&raw=1	spawn ffmpeg ENOENT
https://www.dropbox.com/scl/fi/mrf7k5nlkf25qnd2iiilk/rGlBOTLmU9Dk2s7Z.mp4?rlkey=lg2b45te6x5c35km0lop76y74&st=9bvef1he&raw=1	spawn ffmpeg ENOENT
https://www.dropbox.com/scl/fi/fbggjh28jrar54s62evok/rnbiDX-DXYuw1pCk.mp4?rlkey=i8a36uby652g09ct56vqvcoso&st=f9hxj2ev&raw=1	spawn ffmpeg ENOENT
https://www.dropbox.com/scl/fi/06m2om01ilh1uxnzrvy5x/rprXfOBG26rJozTJ.mp4?rlkey=af9wt3xgxg2wfmq46l3a1ueo9&st=0gm09wv8&raw=1	spawn ffmpeg ENOENT
https://www.dropbox.com/scl/fi/g7wk7iloe6vfwtuuot2fx/RQBwMzRYViwN8eNl.mp4?rlkey=1zf4wgo8tpkqg065bl3w0v813&st=wga76hbu&raw=1	spawn ffmpeg ENOENT
https://www.dropbox.com/scl/fi/nkvf4jrqk51jv9yhpk3h2/rzHHsFAPrSkT8Yyn.mp4?rlkey=tzq7cmv177xs1fy5ebponf81o&st=bvsxb2q1&raw=1	spawn ffmpeg ENOENT
https://www.dropbox.com/scl/fi/u0xv9f85hxqjwft2cd5xx/sALO09LOF6bgsq4K.mp4?rlkey=0xczf2r7ai6xzd9rafhjz453g&st=anyukfw6&raw=1	spawn ffmpeg ENOENT
https://www.dropbox.com/scl/fi/hgi5dpztwet9fykcq21df/SJcmVIlBNH1QMz4z.mp4?rlkey=w01rqj7t56dhty8fh48e53pzp&st=01vqbd6c&raw=1	spawn ffmpeg ENOENT
https://www.dropbox.com/scl/fi/v7uul185ajoyyge7sxv20/TdfA4tKser0zz8cQ.mp4?rlkey=g45oqf9dx33t8ks5rx2b8rror&st=ne0p36d4&raw=1	spawn ffmpeg ENOENT
https://www.dropbox.com/scl/fi/kbzuzyy6j3p1reh319hy9/TheEdger8_.mov?rlkey=upzjwahabrz0azc0kv4si9pgd&st=9wsej8te&raw=1	spawn ffmpeg ENOENT
https://www.dropbox.com/scl/fi/6mfldp208uhay3j08szie/theedger8_20250524.mp4?rlkey=4j8il0tgt37ce8hpselejyx4u&st=o9ewq0b5&raw=1	spawn ffmpeg ENOENT
https://www.dropbox.com/scl/fi/kmtg8m1ixk9gzpjv82krg/tVP0JrvIpO_mekv7.mp4?rlkey=zp6przmgixr7cy5p2d0gahrui&st=nj7mh4qt&raw=1	spawn ffmpeg ENOENT
https://www.dropbox.com/scl/fi/aqh8ttol3o4oe7wml1gsy/Ubq8VrVrFjD1zoAR.mp4?rlkey=ctcxw64mmlfmsb0c03nri1kdt&st=96ooq34t&raw=1	spawn ffmpeg ENOENT
https://www.dropbox.com/scl/fi/8tzxu1xagzif4s8t2clj2/uq_ZXoIgbNsZvHIR.mp4?rlkey=ngls0f7sy9eyo40vjjtrgittn&st=25rou9ki&raw=1	spawn ffmpeg ENOENT
https://www.dropbox.com/scl/fi/ty87f7k03zwa94nn20gpr/us5THW_H9n8Byn79.mp4?rlkey=jjsflsegrkypx0a31f9d9u7jn&st=wflo8n1d&raw=1	spawn ffmpeg ENOENT
https://www.dropbox.com/scl/fi/d5gaaogw36qw8slba7xh9/UVN-cBQV6uc263ll.mp4?rlkey=1a3oqqqrxc64rzezx6xtf56lk&st=7npwgg41&raw=1	spawn ffmpeg ENOENT
https://www.dropbox.com/scl/fi/5cgu5jyesb52q1j3s0s5b/v_f7eCYnsI-dIZiB.mp4?rlkey=d7q7yn9hpi4x6sgymo5affrqj&st=j267knlx&raw=1	spawn ffmpeg ENOENT
https://www.dropbox.com/scl/fi/p60u5ttlxxjxjbrrduxrl/wfdoqbQtJ1-nuX3X.mp4?rlkey=i6xbw131qewywgn7xls4fqzzm&st=mhhlbb9k&raw=1	spawn ffmpeg ENOENT
https://www.dropbox.com/scl/fi/8lgyaecfqs3mzhc8lstck/wyqbRRYrmVIbLoZR.mp4?rlkey=7ex1eljz1ls3mg43win3d2w0b&st=7m2jkwd8&raw=1	spawn ffmpeg ENOENT
https://www.dropbox.com/scl/fi/nmzwx97y8dagu6x44icgk/x8MAxRoLXknKRI5C.mp4?rlkey=yrotegfz3agprbn03naxufibm&st=zkxmvaez&raw=1	spawn ffmpeg ENOENT
https://www.dropbox.com/scl/fi/rnok4c8c473rdzg4ret51/X73a1z1DI978agwY.mp4?rlkey=wvqutyc3okr6kbzf94ogd9gqt&st=xget5r12&raw=1	spawn ffmpeg ENOENT
https://www.dropbox.com/scl/fi/tr56ljflnkhsi5imp9s0n/xDaKSVTe6rSVxpgc.mp4?rlkey=ear7dupylvw46sypxjiv4di0f&st=q9aj5214&raw=1	spawn ffmpeg ENOENT
https://www.dropbox.com/scl/fi/a52adbex6a27m5tsmktgz/xTe4ppBO_rY9yEWV.mp4?rlkey=4m9kz40ijujsiyquxg3nfzzfd&st=g4oosopb&raw=1	spawn ffmpeg ENOENT
https://www.dropbox.com/scl/fi/i2zz5hyfa3wwoimowiiy2/xu8CAvmEieImPNpW.mp4?rlkey=uwrlzrwakk8gvomlm5l4darrs&st=dnzklabq&raw=1	spawn ffmpeg ENOENT
https://www.dropbox.com/scl/fi/dgakih6edyztk92yps5g8/y3LdVFxMxPlQthah.mp4?rlkey=9spom4ciewxd0aqazni8l2uoq&st=p7er052a&raw=1	spawn ffmpeg ENOENT
https://www.dropbox.com/scl/fi/5fnak9g8s318f75axxq72/y6eBkGwArpimYAm5.mp4?rlkey=gbiudi15htj8xku9hu8wnedu5&st=ti0vrk46&raw=1	spawn ffmpeg ENOENT
https://www.dropbox.com/scl/fi/vkkqdjbmrybwwqebuz0od/y8EwR-K8ZQ0LwDZu.mp4?rlkey=kzoq8lcqmw9qpcm1m6xm41kjo&st=mhelis6i&raw=1	spawn ffmpeg ENOENT
https://www.dropbox.com/scl/fi/nklpjqb77k4evpktixjkv/yf1QfbdO6ZG_xKvk.mp4?rlkey=yk3uhz322448rraufjazzxsd9&st=4ehg3j2m&raw=1	spawn ffmpeg ENOENT
https://www.dropbox.com/scl/fi/1hwz6d81k5k614tzrk810/YIpWeBfwxIPUnwTv.mp4?rlkey=b8cx09pa38588hvfjbobpx1ls&st=b862pl9p&raw=1	spawn ffmpeg ENOENT
https://www.dropbox.com/scl/fi/oy5hu2l5x2ex3l8oym12m/YK8PzVeQl-FmeIwH.mp4?rlkey=2za43pkhpl86z1infuejl1zmy&st=pwoab6y0&raw=1	spawn ffmpeg ENOENT
https://www.dropbox.com/scl/fi/lbi64agw6es2t8zz0q5b5/yuimLr1plq95c74s.mp4?rlkey=bbi8tsm7mfg91wyfbdm2y9wdb&st=tb03gvem&raw=1	spawn ffmpeg ENOENT
https://www.dropbox.com/scl/fi/2s7s207p1s194hn2vf8t9/yXdRWF7PZsEBsbTp.mp4?rlkey=zmsyz8uz3sak1ms96fako2ql0&st=uoqisns8&raw=1	spawn ffmpeg ENOENT
https://www.dropbox.com/scl/fi/qt7vg2n2jwl39r5ld7eti/Z5obZbajddY60Tq9.mp4?rlkey=x9l4j53dkzriieh6tkf40kigq&st=dlyr6fwi&raw=1	spawn ffmpeg ENOENT
https://www.dropbox.com/scl/fi/v4gm9ejrnfakbp87i0lxa/z7nwOiOr9hivuT8g.mp4?rlkey=0878lv6rgepz31pecpx49naxg&st=i3qhrivl&raw=1	spawn ffmpeg ENOENT
https://www.dropbox.com/scl/fi/qrwia0p8c16ystjazee13/Z9CAZSNbghWZb-Cz.mp4?rlkey=48x9e76behdmmwpvlfsq6hylr&st=civ2kinl&raw=1	spawn ffmpeg ENOENT
https://www.dropbox.com/scl/fi/3o5vxks42ygso698jcf4p/zlt28RItRMP-4BUx.mp4?rlkey=4w58maq4mzhw2cd7rsn1jp68y&st=k3nfiod6&raw=1	spawn ffmpeg ENOENT
https://www.dropbox.com/scl/fi/41mdax5xei5v8jgjbwcb8/ZW8icyVPJXrtP3N3.mp4?rlkey=cmj19e31gr2gcvvtl8r09uj3o&st=r4bp3l5w&raw=1	spawn ffmpeg ENOENT
https://www.dropbox.com/scl/fi/jonwd388se1zvpk0ibwkf/ZyoPdkbz_sOBeWBR.mp4?rlkey=zszo8o2vaexchzc734xx9d5hv&st=ydobiged&raw=1	spawn ffmpeg ENOENT
https://www.dropbox.com/scl/fi/1jshvup13dckcxm7cc7fu/zyJ55DuvzWtnPADc.mp4?rlkey=aft6iiesi36tget09y4nbv9r9&st=uq8svgkm&raw=1	spawn ffmpeg ENOENT
https://www.dropbox.com/scl/fi/b7id1vrsuw5c3fpqdj940/ZXyC9QQO2S4ISOOr.mp4?rlkey=c0ko04oxly0j8elgmip0ytw4c&st=pisk8h8r&raw=1	spawn ffmpeg ENOENT
https://www.dropbox.com/scl/fi/pcmu2kgju95foiiyuvd92/ZX2SaqOPOcKprxnr.mp4?rlkey=qwb13yaqm0d2em3w0sfq3sgxb&st=gti92hfb&raw=1	spawn ffmpeg ENOENT
https://www.dropbox.com/scl/fi/ec2s1zadqh99bpwmqv7u6/ZUt8iWAqobXgO8XZ.mp4?rlkey=ekv2ura6djx231x1y1e2ls5ol&st=lpbr5n7b&raw=1	spawn ffmpeg ENOENT
https://www.dropbox.com/scl/fi/xrpp0r1f8r94m7zdq07lw/ZsTqJpHYau2gTBwT.mp4?rlkey=uimte2txm57fl1cfk67w7zeu3&st=v8t0a0jc&raw=1	spawn ffmpeg ENOENT
https://www.dropbox.com/scl/fi/l6kyeunjp76zu92kh8swi/zRUFA8dZ_q57QrwZ.mp4?rlkey=o7g2k1l8d5qp8b8cqitf0avgw&st=470huyvf&raw=1	spawn ffmpeg ENOENT
https://www.dropbox.com/scl/fi/ekh0l6q5os5uoahmibi4z/zpnMn4DXyro3mprq.mp4?rlkey=7jokyrfjiekh4gaziu6urklws&st=pyt0g9bv&raw=1	spawn ffmpeg ENOENT
https://www.dropbox.com/scl/fi/cj1x2iybz8f26pznejbsu/Zol0w1cld1Rp2kce.mp4?rlkey=bysnb2z5pm0e2ogfftu7ytpvt&st=e0zx7tsn&raw=1	spawn ffmpeg ENOENT
https://www.dropbox.com/scl/fi/2m0fcso00e51hd5cgcr2l/Zoa6tel2SUPLxB0g.mp4?rlkey=sd9y1vd5c72ly8dh0wpozl0om&st=y76i150k&raw=1	spawn ffmpeg ENOENT
https://www.dropbox.com/scl/fi/5libvurr9aqyb7xklucni/ZKlVlV6RkGB_6xXG.mp4?rlkey=gp1dtwt4qqb0as1gxjr5nvepg&st=19pwenxv&raw=1	spawn ffmpeg ENOENT
https://www.dropbox.com/scl/fi/odqcj3q1jsxgg434l8tda/ziOx0h3o-fPhwn2C.mp4?rlkey=u424uyz8iqwe0zrd22hcgjb02&st=eebfm7nt&raw=1	spawn ffmpeg ENOENT
https://www.dropbox.com/scl/fi/bpm2vkyscbmlr7qekcnvc/zILkfgTbacp5q_4R.mp4?rlkey=bx9r1nttlkp9xeu1ns0ltwycj&st=fhmmpor5&raw=1	spawn ffmpeg ENOENT
https://www.dropbox.com/scl/fi/5bdwenhts00rbxzyy1l36/zBMqgS6yJxGhHzET.mp4?rlkey=i584s74q02cm77ni0o627tn5g&st=50v0iwfb&raw=1	spawn ffmpeg ENOENT
https://www.dropbox.com/scl/fi/ogi5rfjbhvuqsgy7ip6j3/Z35aSi-SM1gV1OAi.mp4?rlkey=zn7ipys5g537tj0ov8i47wufg&st=xc3d0fce&raw=1	spawn ffmpeg ENOENT
https://www.dropbox.com/scl/fi/c64e0lkvfp150q9w6jj1s/z9wtlmFyjmMHLlFs.mp4?rlkey=0z56jhcxdi7j5ceg9k0cgirdq&st=289bzzn1&raw=1	spawn ffmpeg ENOENT
https://www.dropbox.com/scl/fi/k2jygvwy7wc297qk4518k/Z8X9D3cUQccpZvhJ.mp4?rlkey=40omdv77oein3dzdt7116chxy&st=93l3qauf&raw=1	spawn ffmpeg ENOENT
https://www.dropbox.com/scl/fi/y8ifk46mlmmn9zy7b9fab/Z4MATA9LWUGw99jm.mp4?rlkey=df1tn6dq38l0ajb2ud2ky11g6&st=50n1hn1g&raw=1	spawn ffmpeg ENOENT
https://www.dropbox.com/scl/fi/m6z10ey8cf2ldpphsyrd7/z2EYz4R0cuuYrsYl.mp4?rlkey=evip86koiv5whytqwymowqoiu&st=yjtxqn7v&raw=1	spawn ffmpeg ENOENT
https://www.dropbox.com/scl/fi/xoae8zk5bckp9coh5st3e/z1E8UoQxT03wI13c.mp4?rlkey=lely8q17atb3w7cy69feo48q2&st=vplohmf6&raw=1	spawn ffmpeg ENOENT
https://www.dropbox.com/scl/fi/xo8esgsj4tf5kvz3nahm4/YyJtST9gJ_4lVnTv.mp4?rlkey=e9kvqcoamtd9hmblu250vgxh9&st=34ovkcqe&raw=1	spawn ffmpeg ENOENT
https://www.dropbox.com/scl/fi/mzdin2dsn73zk1k6wygjq/yYfpXR362x3hmQFi.mp4?rlkey=0z9j8xfz0tsqohklia2u1psn7&st=cprd2uka&raw=1	spawn ffmpeg ENOENT
https://www.dropbox.com/scl/fi/s8gcju3nauyt4j1m6iu4c/yWSDG4HGr0djj_Uy.mp4?rlkey=ru1jlwlhzyck8fdp0w0el48xh&st=hsu4nz9h&raw=1	spawn ffmpeg ENOENT
https://www.dropbox.com/scl/fi/x6n1l5bumuw9o4vlio0n9/YUdbUmT2vuJ_PLJv.mp4?rlkey=jiit97j8vu0zkuibeq48i2dhk&st=2jbyzlny&raw=1	spawn ffmpeg ENOENT
https://www.dropbox.com/scl/fi/abnyovatyk7p0ponlzyyj/YpgnGGPEosH358O_.mp4?rlkey=lz1u8s920ek4t0g5y08vcoo1q&st=bu5h30n3&raw=1	spawn ffmpeg ENOENT
https://www.dropbox.com/scl/fi/zzugs426m5ar32mx7j99h/YoP-_kM-QtUe5laD.mp4?rlkey=xds0426o2j3dxmvmawhpnxt9p&st=41gwublt&raw=1	spawn ffmpeg ENOENT
https://www.dropbox.com/scl/fi/at1k6ccyns5f9hl90g300/YoMawX6d7LqfkfcN.mp4?rlkey=v4aa3jndpus0l0oyjmpffd8wh&st=dpq4guqz&raw=1	spawn ffmpeg ENOENT
https://www.dropbox.com/scl/fi/7slx3snrafuacgzt0p8c7/yLlctSwQLxjdOUqW.mp4?rlkey=q8a9njjelwd3w1xo3xj4aaqdf&st=2iy1uzc4&raw=1	spawn ffmpeg ENOENT
https://www.dropbox.com/scl/fi/5xbwiavyqvtaa9f6lf4hz/yjMEO-Q9_Nr2swDT.mp4?rlkey=v6arzitj062udo0gke6yijpvr&st=cax7k1au&raw=1	spawn ffmpeg ENOENT
https://www.dropbox.com/scl/fi/6filnevgy9o0p4tr8cpyn/YjlLksw4bZnvZA5M.mp4?rlkey=0qnc14tni63p2rb5puvhll8up&st=nq19dc5p&raw=1	spawn ffmpeg ENOENT
https://www.dropbox.com/scl/fi/8og6cmpw0v6ufho7w22mj/ye3miyIP2Uj3abR7.mp4?rlkey=jzisrc905esxpi4g7k3erq5mb&st=nte38123&raw=1	spawn ffmpeg ENOENT
https://www.dropbox.com/scl/fi/zud6i462h4dl2482gkzep/yBhXcgKLf4ZGwIap.mp4?rlkey=4zkrqjvn42aa1fmpnk6ozq2jw&st=w11g8kzr&raw=1	spawn ffmpeg ENOENT
https://www.dropbox.com/scl/fi/frll4ecwhkol9c2gaisu8/YaGWsZ0Vx9HnOZnX.mp4?rlkey=kruq3ckeyukplgzfjvhdefl3m&st=zm7fou9m&raw=1	spawn ffmpeg ENOENT
https://www.dropbox.com/scl/fi/m2xthb1zqmqvxkbssz59q/y7SQske-RHyyom-o.mp4?rlkey=zcb2pee8ik82wlyqobxz7j6gl&st=b2jcyyi3&raw=1	spawn ffmpeg ENOENT
https://www.dropbox.com/scl/fi/71zkp6g0r8pskz0shznk3/y7QHg7YRS1FsooMu.mp4?rlkey=pozh7cqm18wmkebn5h6lzaj8w&st=0e6p45s7&raw=1	spawn ffmpeg ENOENT
https://www.dropbox.com/scl/fi/hznjbm7g160ckilsri0nh/Y3Yx8z7zQyGUO_ar.mp4?rlkey=7am3kkqn8hjfbk7ljunbfe885&st=gcfg5rjx&raw=1	spawn ffmpeg ENOENT
https://www.dropbox.com/scl/fi/2c7v9h7twwt7o6k4mnesq/y-42jNDg_8FM9PWY-2.mp4?rlkey=zab2k0aeo94302qpitcr1n92d&st=svyvcaif&raw=1	spawn ffmpeg ENOENT
https://www.dropbox.com/scl/fi/nv8yvu4d075xyt4v7w851/XXXKROTCHED-aWB3OSwtztT-LaMy.mp4?rlkey=2gcxcyehpwhiuj13xy4mm4k5a&st=3uouwzub&raw=1	spawn ffmpeg ENOENT
https://www.dropbox.com/scl/fi/n5q5x1qakyxvsbmk7bexb/XxPJjc6vN44qnsN7.mp4?rlkey=xryanobw2df2n9zbq0hsjvq2o&st=wd9xp4oz&raw=1	spawn ffmpeg ENOENT
https://www.dropbox.com/scl/fi/b0is3lt6kxzn4r5t0p7p6/xVBZuAd1msHdP2az.mp4?rlkey=xeqxxly7r9r51nji6gc51ecpu&st=0xctqtu1&raw=1	spawn ffmpeg ENOENT
https://www.dropbox.com/scl/fi/onr2a0hzt5mzjq1a2h06m/xugwNiaQ9aP3kCsh.mp4?rlkey=uahg53drilzuoroxf60zk7es1&st=7pv4fdhx&raw=1	spawn ffmpeg ENOENT
https://www.dropbox.com/scl/fi/t3u7alin4ui1vljcmcwy8/XTxTLYtU4Wpo5lJh.mp4?rlkey=nfbjibe28acv169v1xk4tcja8&st=4321u3iq&raw=1	spawn ffmpeg ENOENT
https://www.dropbox.com/scl/fi/qhywr7vpmx0txat73wogf/XTSTqFkA7_M1qZZh.mp4?rlkey=ot0njazbkboastuzbt79b3ab0&st=bnmu1oo0&raw=1	spawn ffmpeg ENOENT
https://www.dropbox.com/scl/fi/58koxegsl7sfvjqkd1543/xtQVD3SeYVFdQ4IO.mp4?rlkey=clyx06zrqpk0p7y2791kqkn5k&st=j58fy9it&raw=1	spawn ffmpeg ENOENT
https://www.dropbox.com/scl/fi/oiisb01wu0aui2uvsk7aj/XSiVYLi1Wlicbxed.mp4?rlkey=keqmpw1mv3ixq0uqf1f35y9vs&st=m0fqbj7i&raw=1	spawn ffmpeg ENOENT
https://www.dropbox.com/scl/fi/aetnyztz7dsjwcq9l9gz9/xrZqM-l3kqNROVMM.mp4?rlkey=kt48byepiezzn9163disgco1q&st=uenu5kh2&raw=1	spawn ffmpeg ENOENT
https://www.dropbox.com/scl/fi/qish8aeowbaxdfohviesm/XLRZGUBci8h4QHfY.mp4?rlkey=qouzliphplls1h5xgmeoqpjny&st=vzio1fp8&raw=1	spawn ffmpeg ENOENT
https://www.dropbox.com/scl/fi/vojqb1fll2lg0oahbh7bl/XkpoMwx4wZrSp3TQ.mp4?rlkey=1yqs8ikg2h0sjiwi89wccbczq&st=70sad6by&raw=1	spawn ffmpeg ENOENT
https://www.dropbox.com/scl/fi/2jo6gyjcfeqiz7swjz472/Xjv-sO4l856NTdWB.mp4?rlkey=gml0al7z7k0w62fbgfc1ifolo&st=uvk6dtn2&raw=1	spawn ffmpeg ENOENT
https://www.dropbox.com/scl/fi/gm6nzccw2gw8v52twp47y/xIpbji-0ugAo73-4.mp4?rlkey=9w6zjdrzsohlzz7emh9kwy62w&st=4pkz3bfn&raw=1	spawn ffmpeg ENOENT
https://www.dropbox.com/scl/fi/xn5mho5wf6j29tg1rajmm/xiLJYrFjtp07RFO2.mp4?rlkey=bddsi1csrl0ey7p5aa8e27q6g&st=5c5qaqim&raw=1	spawn ffmpeg ENOENT
https://www.dropbox.com/scl/fi/mrqwa4nowf6l4l3ucrbc0/xGrqUATRbLzAUZEP.mp4?rlkey=t05ryhn3mkor79mhi1i9sfsxc&st=hldg3t6b&raw=1	spawn ffmpeg ENOENT
https://www.dropbox.com/scl/fi/5tv9k7t4ymnpn2v4aokuh/XedQbpy9B5-HJ8yD.mp4?rlkey=tmbs6p90uvz97bcrb75is27mj&st=wqyk2ku8&raw=1	spawn ffmpeg ENOENT
https://www.dropbox.com/scl/fi/z6bvttbig03ws3k97196d/xDZyC6rVTb4e4Slq.mp4?rlkey=iunm7fgy3tn2c5jd1w197vp8x&st=4p2lmjs7&raw=1	spawn ffmpeg ENOENT
https://www.dropbox.com/scl/fi/cqng8ov58dus0b1wsr5zl/x51YaftMYfDUV7wH.mp4?rlkey=5d5zkqo6obif9fb46kdq1nr2e&st=y0vb5xsw&raw=1	spawn ffmpeg ENOENT
https://www.dropbox.com/scl/fi/vfnwto16w7bznelufs3rj/X8CZp1n5DBB79bIE.mp4?rlkey=f112sck08hhtyko9i3ros7uqf&st=42gba4jy&raw=1	spawn ffmpeg ENOENT
https://www.dropbox.com/scl/fi/hnasv2nuci20ynthvu54f/x2O8W4_lw0XmbJQ_.mp4?rlkey=c801p2nt865lwhypbmjlikjmk&st=9vsg062n&raw=1	spawn ffmpeg ENOENT
https://www.dropbox.com/scl/fi/llyxw7t3f2xe3qe3ngyws/X0nnZUFweIYijTe_.mp4?rlkey=e9v2nk2oet7h2h1ngaeefhmmg&st=vl0dlxw7&raw=1	spawn ffmpeg ENOENT
https://www.dropbox.com/scl/fi/psmy4l2ifhsu1rh530ehy/x-wcyJplTB6asLT2.mp4?rlkey=3iamj4itbgiglpjek49p0q887&st=4a9loipl&raw=1	spawn ffmpeg ENOENT
https://www.dropbox.com/scl/fi/5zyjhkzhkkgmg1zavhfr3/wyP-EQEeaaqNhKx4.mp4?rlkey=2vjyp6eo5m4j20het50y9zplk&st=5ahifi4l&raw=1	spawn ffmpeg ENOENT
https://www.dropbox.com/scl/fi/22ds7f1zmsd7f6ri31qp2/wVM0I2T07idebZQA.mp4?rlkey=4s5scyfx9nryosfgxideksjg5&st=dtbl1ci6&raw=1	spawn ffmpeg ENOENT
https://www.dropbox.com/scl/fi/cocc0pvgxbl4y5hvhhke6/wV-imxHZrGgd-jn9.mp4?rlkey=4e4oenwuyi9l669hivmqsyhet&st=zyp95k7c&raw=1	spawn ffmpeg ENOENT
https://www.dropbox.com/scl/fi/8pi8bx7v925erz2ah396x/wUYKmLVi7nxZBaV0.mp4?rlkey=qmy2jtce7m2fd52y1ibx9os48&st=fgqfh3xn&raw=1	spawn ffmpeg ENOENT
https://www.dropbox.com/scl/fi/ijfr23h61m304jczyw0v5/WT2O6i-_GDi7cUeA.mp4?rlkey=gp5eg99e81nre7d13k2yjx7k9&st=2is8wj3c&raw=1	spawn ffmpeg ENOENT
https://www.dropbox.com/scl/fi/m9ld5g8wyi75c6z03vbxg/WS29bLtOwymPLs_u.mp4?rlkey=5spd85vo7742pocfr6dpvpiem&st=5pkudj58&raw=1	spawn ffmpeg ENOENT
https://www.dropbox.com/scl/fi/zyiv7lfflf3z41y0kbrmp/WOP3O8p2r30R80E1.mp4?rlkey=htvvvh9n3zar2inem35km4982&st=6vo9z0zt&raw=1	spawn ffmpeg ENOENT
https://www.dropbox.com/scl/fi/s1rm9dtkx4y4ss8i5cxq9/WKrTccrPsy9gCGPg.mp4?rlkey=0q4zrs5c3blr3d7enbsfpdvzp&st=hnj07kf0&raw=1	spawn ffmpeg ENOENT
https://www.dropbox.com/scl/fi/8t7gishutvx6jqo4cjiuz/wIXrq-QTosEzU7z.mp4?rlkey=4xcztqdkjwc9sf3mnzlq7sdoo&st=02nh4fyc&raw=1	spawn ffmpeg ENOENT
https://www.dropbox.com/scl/fi/vbrg8zkq09d1am12nhp8q/willsapole_20250524.mp4?rlkey=nefrfiwc48wx3695hns49ybdh&st=p8wdgm3r&raw=1	spawn ffmpeg ENOENT
https://www.dropbox.com/scl/fi/zb0i4f97l2m48i637zmya/WHOSHOTT_YA-1931540414026166576-01.mp4?rlkey=07mbj5cxwkzzpf9glgc1es06o&st=6ve9nzs4&raw=1	spawn ffmpeg ENOENT
https://www.dropbox.com/scl/fi/ercbcgplawls2y4jj6m0l/wDPHcD701mkGUs8S.mp4?rlkey=8dak58u32ugvw2wa4qdt81rxl&st=x7v3klwc&raw=1	spawn ffmpeg ENOENT
https://www.dropbox.com/scl/fi/fhebvl6uid9tlgqytnlle/wdExOFejdd8fOcxb.mp4?rlkey=l51dp4i1kjnpf2h2govgy8ene&st=inlqsgkv&raw=1	spawn ffmpeg ENOENT
https://www.dropbox.com/scl/fi/c48v3mrbyqctsekqbkic1/wDEaoezqlC-TQzR3.mp4?rlkey=pswl4sot2zi7efnzcxel6mup9&st=lbzymdvb&raw=1	spawn ffmpeg ENOENT
https://www.dropbox.com/scl/fi/hx1db7t27ipok1q5wlvf0/wcV_sP23kIa0_D4k.mp4?rlkey=2ktcluslvfiyd9o653m199774&st=4gueuj1a&raw=1	spawn ffmpeg ENOENT
https://www.dropbox.com/scl/fi/58y3uu0htjv7qpvc58ucu/Wblq-h8yR9s5CHvG.mp4?rlkey=6chl9h82gymjxpgm7srvcoovy&st=89nenpv0&raw=1	spawn ffmpeg ENOENT
https://www.dropbox.com/scl/fi/wqmjpvok8veu18qtksizn/WB6o7fSSJUfwxZsL.mp4?rlkey=m85m0kli66f9hmoesyanwdpjn&st=52rxd7ct&raw=1	spawn ffmpeg ENOENT
https://www.dropbox.com/scl/fi/t92n74vpawwyoooz455am/WA1zZAefXrdSNoNs.mp4?rlkey=2x7d151kjdvffspslw59b99ev&st=mxml4wrn&raw=1	spawn ffmpeg ENOENT
https://www.dropbox.com/scl/fi/f6eefn9dmm9zpfxh98n4a/W4Vb2yPWAxOXnC3b.mp4?rlkey=a3czch59pqfd2pba4tynlvyk1&st=sm2i0grq&raw=1	spawn ffmpeg ENOENT
https://www.dropbox.com/scl/fi/kov7aadq3g9buprg3i2e7/w3MSfLEUh04IaPZM.mp4?rlkey=eg3mn37niu5miul2nsdkcyx25&st=tz7n7a12&raw=1	spawn ffmpeg ENOENT
https://www.dropbox.com/scl/fi/gxlx3rrqdi53f04cj5e0d/vZoqEHKHPfOgzg1u.mp4?rlkey=xr1dm5cxbnucf1ekpkmhcztjx&st=25afifzu&raw=1	spawn ffmpeg ENOENT
https://www.dropbox.com/scl/fi/wire2cwgah0qnn6qrtm31/vZgpnqGfAqKejCin.mp4?rlkey=wjfho4pfe2ecjikyf4xda5a3b&st=nsrodxbs&raw=1	spawn ffmpeg ENOENT
https://www.dropbox.com/scl/fi/ln5yo4noriiuaff4zedr7/VyqSpQzBTwRUwr4z.mp4?rlkey=hl0xpak6uhmxxd2tv3f1429zh&st=t523vet1&raw=1	spawn ffmpeg ENOENT
https://www.dropbox.com/scl/fi/x7izmgzxcb2ft4c82lkne/VXfnLvDlUx7YH-Bv.mp4?rlkey=i2zdr5z4ilafefb0356g93xgx&st=kwa6f2xs&raw=1	spawn ffmpeg ENOENT
https://www.dropbox.com/scl/fi/wf5gi7rdzsj6056h6sag6/VVeO8gl6pdWUGJW6.mp4?rlkey=x6vbsq03bu1a62a7fearzkr06&st=bjj27s54&raw=1	spawn ffmpeg ENOENT
https://www.dropbox.com/scl/fi/uhjx8vz7enf4pf9xfg58e/vUPMbTQ-SEcqiLud.mp4?rlkey=vbkxikjbm4p206x3tn0h5dwaq&st=yyh66gkx&raw=1	spawn ffmpeg ENOENT
https://www.dropbox.com/scl/fi/n6odh47ia0ppjmoo6sd7e/VuNJjp8Oad0euEAs.mp4?rlkey=biklf126a5br9m6b8xjsuhg6d&st=dhikrrla&raw=1	spawn ffmpeg ENOENT
https://www.dropbox.com/scl/fi/let3xy61xbsxrq9v08wly/VQ9EZwmiBujO8azA.mp4?rlkey=kw4wx97obgrw4h8bw3jyaf3hd&st=rwf3sxch&raw=1	spawn ffmpeg ENOENT
https://www.dropbox.com/scl/fi/quncuhqtqvppnlr5covq8/VLGp5bIBwcGHv6kR.mp4?rlkey=xv9l92u1a9q28a9o64noehsbe&st=mfelxxca&raw=1	spawn ffmpeg ENOENT
https://www.dropbox.com/scl/fi/wck02rnwvw563gv2kxjjp/VkrVi9E8awpD6mU6-2.mp4?rlkey=cj67wu54hq50qrn9p3jxfqq7m&st=5jkuivjn&raw=1	spawn ffmpeg ENOENT
https://www.dropbox.com/scl/fi/sa0adawnpfkdpbi3o3pmp/Vibrator-makes-my-Cock-Explode-Cum-in-Public-Toilet-SlugsOfCumGuy-Pornhub-Gay.mp4?rlkey=s5ij7kwum7sb3rzzy7sy5nki3&st=xo725yxd&raw=1	spawn ffmpeg ENOENT
https://www.dropbox.com/scl/fi/p00uikf5ugkiyvbk0cs9w/ViBaOsYed348gA05.mp4?rlkey=bsg7d4199icpc0b27w6pfzh2j&st=2pp57lk4&raw=1	spawn ffmpeg ENOENT
https://www.dropbox.com/scl/fi/dxcgjpm08l0bf93h6dwlj/Vg3t-xBPlk9rTyqP.mp4?rlkey=1jnhh2t1mm0mfaw29vsx6hv1g&st=8qis7y1i&raw=1	spawn ffmpeg ENOENT
https://www.dropbox.com/scl/fi/84asf5k5qaiwfjhc9ctaf/VemjOWXp-Ttazrzv.mp4?rlkey=w5fpsysdejcgc3inagtfdxzem&st=yqsgok0n&raw=1	spawn ffmpeg ENOENT
https://www.dropbox.com/scl/fi/5gciqep0k7udhc4meqiw4/vEgb88ZtjqZ8JZE9.mp4?rlkey=1drh5vja1l5fvnirb8q761k9z&st=qwe2c0le&raw=1	spawn ffmpeg ENOENT
https://www.dropbox.com/scl/fi/o9apva6960r8aynsy3ae3/VCSMgL9GoK6atmyw.mp4?rlkey=6zgds03lov9vgtkfpxm8ek7fh&st=mgc0qds8&raw=1	spawn ffmpeg ENOENT
https://www.dropbox.com/scl/fi/hk6cay555ktvedh26zxj0/v7sjNNp2Qqiwwe8z.mp4?rlkey=wyg629zg0sk5zeplkbgge1eye&st=ii6i2a6k&raw=1	spawn ffmpeg ENOENT
https://www.dropbox.com/scl/fi/a6jph9daxq1745jtx0ki7/V5i_Gvv-0Y4lJXjN.mp4?rlkey=eqgtupl5r2u7enqk1d6tkzsnw&st=jguqzx9o&raw=1	spawn ffmpeg ENOENT
https://www.dropbox.com/scl/fi/56w6gm3t4ptl4eca3qs5i/v2muu9MnUaiYHGTi.mp4?rlkey=8w1elhqo8beeb99g2ng2wvw40&st=nspruv5i&raw=1	spawn ffmpeg ENOENT
https://www.dropbox.com/scl/fi/ez26u2c277a124rm2glc8/V2lg73SDg_8ccMNz.mp4?rlkey=ggmdcxpe5f73xb3zydka61zxl&st=9pl83bhv&raw=1	spawn ffmpeg ENOENT
https://www.dropbox.com/scl/fi/blh5l8gc65ix7ydztfxva/v_IEuATe0otsEl8T.mp4?rlkey=j87w88b9vtgrw0rc36ks2lhxc&st=y4yrydzv&raw=1	spawn ffmpeg ENOENT
https://www.dropbox.com/scl/fi/0r4fv1c4t6n4pa9kulu5u/uyEI1gL2EGvp36VZ.mp4?rlkey=uec0x2pewf7vbd41x21o3596q&st=yd0qsz6k&raw=1	spawn ffmpeg ENOENT
https://www.dropbox.com/scl/fi/ynn0s4pypqf4oyycbwzn6/UyA1T2CafhcX1BCi.mp4?rlkey=mxl737rpm3dy08sp6eafuvq1k&st=5hx7hgiz&raw=1	spawn ffmpeg ENOENT
https://www.dropbox.com/scl/fi/l85vhc0at70vzbpnjgosr/UXrKcgB5yEQx7Es7.mp4?rlkey=1o363ogcbuju1owy32bi80sfu&st=3o032e80&raw=1	spawn ffmpeg ENOENT
https://www.dropbox.com/scl/fi/xqxzp6yjjsa5xcmvlxn5m/uxJvR1VgbUwG2Zyp.mp4?rlkey=x758bs0r7kznk8v6k42aipziz&st=kv1si3lc&raw=1	spawn ffmpeg ENOENT
https://www.dropbox.com/scl/fi/o63l8c0rpl5qogb35zbr8/uXGK8q-QMOAfRupt.mp4?rlkey=stq09ofrp3zh9a749o41p295j&st=u5uexzz5&raw=1	spawn ffmpeg ENOENT
https://www.dropbox.com/scl/fi/ugncltr1y3jxe1rnnnknt/uvUzv5Yd113ExPg0.mp4?rlkey=l1yrh102flt5b91v10ac1hrb9&st=h302omvi&raw=1	spawn ffmpeg ENOENT
https://www.dropbox.com/scl/fi/78rqe4c4vjvigoew2po9w/uQj8Pya5JptPKH5f.mp4?rlkey=1mjgy81i7172a0j5muxxx8dd3&st=fltck8ur&raw=1	spawn ffmpeg ENOENT
https://www.dropbox.com/scl/fi/aq8eglq374yoxolokqlz7/UnpJ0u2hmsUSVxX6.mp4?rlkey=xj36h6dpql7do8x8n86v74jqi&st=v1adgo42&raw=1	spawn ffmpeg ENOENT
https://www.dropbox.com/scl/fi/64cqi346cvc90z9vae7sm/UmsIzoMsDFZ29qhu.mp4?rlkey=0vva9a6t3vv5yo90esbfsqc9f&st=njtwzan3&raw=1	spawn ffmpeg ENOENT
https://www.dropbox.com/scl/fi/cldt89l4l6v0qxh5il5oq/UmiWTo6U4oU8aW-B.mp4?rlkey=0bj2erx0b8nzyh7fz0oay83po&st=ft5qf9rw&raw=1	spawn ffmpeg ENOENT
https://www.dropbox.com/scl/fi/dcy2q2etn5fat03j7yfyh/UKU80mDIYKfeHi2_.mp4?rlkey=mnkxi8mmbp4bche1hl8zu4mzq&st=v82lasji&raw=1	spawn ffmpeg ENOENT
https://www.dropbox.com/scl/fi/s5ebjfq7yue7guhj6hbnt/uj_AovOzVReVjFNQ.mp4?rlkey=suv4zlxpmitxiyjfb8czphn3o&st=5b0kqwq1&raw=1	spawn ffmpeg ENOENT
https://www.dropbox.com/scl/fi/5g94z5ygcnwsknor0ms05/uhRntc7ZUaOPcSjC.mp4?rlkey=9zkklzueiov3x6w0vjnuvhy60&st=axttkxw2&raw=1	spawn ffmpeg ENOENT
https://www.dropbox.com/scl/fi/7d34jnxzy26cfwcmm7ro1/UEcJDK2NTBCvm-ks.mp4?rlkey=5soxi0orevpq4j7uflpmwnt04&st=y9je9srz&raw=1	spawn ffmpeg ENOENT
https://www.dropbox.com/scl/fi/wlolsetkullhh1jpez2rj/UE_ydo6A_BVCb6AD.mp4?rlkey=4swczxg3e43oj7v7yy0lhlty0&st=fzxzawnz&raw=1	spawn ffmpeg ENOENT
https://www.dropbox.com/scl/fi/wlolsetkullhh1jpez2rj/UE_ydo6A_BVCb6AD.mp4?rlkey=4swczxg3e43oj7v7yy0lhlty0&st=2nmzm3i6&raw=1	spawn ffmpeg ENOENT
https://www.dropbox.com/scl/fi/95k2fosnff2s82xjmh1hw/UcNZt9ygawRD6QnB.mp4?rlkey=er7nnhwokvce94t27i5dsqac1&st=qs9sy9my&raw=1	spawn ffmpeg ENOENT
https://www.dropbox.com/scl/fi/ekfpijoo23f3brwfen6nw/uc2doHROo9T9CZDF.mp4?rlkey=q1e2zc091zg2vkbx3ce32jk1x&st=jnmfm6zb&raw=1	spawn ffmpeg ENOENT
https://www.dropbox.com/scl/fi/hhillchqsrrjeqyq0a6ey/uAvOsQxFeSeW-7G6.mp4?rlkey=5h6wwlhs756eo2x40ulno9yi3&st=x92jlaov&raw=1	spawn ffmpeg ENOENT
https://www.dropbox.com/scl/fi/5lisy8zz6z370nql2o8gk/U9oFoX5XBxn_4bVd.mp4?rlkey=yne8ts04jd7kly6dct56salki&st=i52ocxpx&raw=1	spawn ffmpeg ENOENT
https://www.dropbox.com/scl/fi/87wnq5gpbmca2htj5h4l3/U-CvnxTqtizvcgss.mp4?rlkey=1afxdoqhmtjmkrolho8ygytqo&st=nu3lb27y&raw=1	spawn ffmpeg ENOENT
https://www.dropbox.com/scl/fi/ezn2d2hijwzt4o1q9wgxm/txcumblaster-zX4JEgVhuRFFVztY.mp4?rlkey=yurvfvho0shisg2e7o7kceqfm&st=aqgv6007&raw=1	spawn ffmpeg ENOENT
https://www.dropbox.com/scl/fi/lusy2cfnq2diqlmnr7mwu/txcumblaster-TEt_mSq_hfZgZDGr.mp4?rlkey=vmpzbfes79kelcc60bqe0h5ko&st=eto0nq7j&raw=1	spawn ffmpeg ENOENT
https://www.dropbox.com/scl/fi/8f2a22s8j3ygovxg1fepa/txcumblaster-LjC7fimJ3gKRTfc5.mp4?rlkey=mb09oxa2cu2rax049b4r9lhgg&st=d0bfytau&raw=1	spawn ffmpeg ENOENT
https://www.dropbox.com/scl/fi/ba6hfbnj4mvmz1d93xas2/Twink-in-the-woods-Huge-cumshot-in-slowmo.mp4?rlkey=rth60725xa8hg5bf2mjaqi86e&st=15pi4swt&raw=1	spawn ffmpeg ENOENT
https://www.dropbox.com/scl/fi/sm1tvswldzv1demzva21e/TwH-_vB4c6lf74KI.mp4?rlkey=qn1cxm0yasixrq6o0duuhicz4&st=msnuo9rn&raw=1	spawn ffmpeg ENOENT
https://www.dropbox.com/scl/fi/97jb1abhvy0czynsc8bix/twddy69_20250522-1.mp4?rlkey=lvu3lx1pyb6l2tyfqa3m2hzmp&st=ok48cu82&raw=1	spawn ffmpeg ENOENT
https://www.dropbox.com/scl/fi/h5n70z98i6pmx3k66gyva/twddy69_20250520.mp4?rlkey=sbylmaznnzk1t6is2bdn9cib0&st=a5z3xpx5&raw=1	spawn ffmpeg ENOENT
https://www.dropbox.com/scl/fi/9byhj1sapq0r86oymu2rg/tVEqijiDVhdaIZ-9.mp4?rlkey=0r5hu4teqz8iqbea6sfs2zrk5&st=y6npsj44&raw=1	spawn ffmpeg ENOENT
https://www.dropbox.com/scl/fi/q7c72pby6zgu6d2wacoqf/TtpGE35ZU2qVP5E_.mp4?rlkey=d7eexagha6vucc6clfkn998uy&st=o1ghwvk1&raw=1	spawn ffmpeg ENOENT
https://www.dropbox.com/scl/fi/lyis41wxy24jgotamcc2q/tthoYRA7z9AWmWck.mp4?rlkey=d3di8o54gy7c3eh54x3gfykc0&st=7p2sao75&raw=1	spawn ffmpeg ENOENT
https://www.dropbox.com/scl/fi/wq2espoor4hls2zkrqbaq/trapking88-DYjCkHi7qhuwia8g.mp4?rlkey=aw3tk3oexisg60l45vhjhe4kf&st=1ywu1aws&raw=1	spawn ffmpeg ENOENT
https://www.dropbox.com/scl/fi/e4vz12ou2ry1jfpmzhh9y/TR5K3rWyxCZxxgDB.mp4?rlkey=qazoovzial9f8dhvagwftj53n&st=azqkc9o3&raw=1	spawn ffmpeg ENOENT
https://www.dropbox.com/scl/fi/i9qzl6fvu5tve3i5bri0b/Tr0Vqm5SNaPp6zEZ.mp4?rlkey=m7msnxmnxigy9on86o94r2287&st=rv5528a2&raw=1	spawn ffmpeg ENOENT
https://www.dropbox.com/scl/fi/3a6t0n0k2l7lv6ijmki2x/TpwZJ78rz3ynRFjZ.mp4?rlkey=hoqay4dlsqdefsw1moh5t8nwo&st=sz1485dh&raw=1	spawn ffmpeg ENOENT
https://www.dropbox.com/scl/fi/43kur6ll6gvdldttzlzk0/TpHsw_HPz_rowACR.mp4?rlkey=5ut6joxeklzf36tp9fgehn25i&st=wu0d1sqy&raw=1	spawn ffmpeg ENOENT
https://www.dropbox.com/scl/fi/ezfdocnkcbremyapbwab4/TLzQMsVArpPHcMPg.mp4?rlkey=hc505r0auwxx6jnau4nuizcji&st=0dgiqm81&raw=1	spawn ffmpeg ENOENT
https://www.dropbox.com/scl/fi/s0xepmai4365bgrk2onhd/tLByebxNGcuObiPt.mp4?rlkey=pxypgufk9iw1xdafpm9wgm93y&st=rlbc5dtc&raw=1	spawn ffmpeg ENOENT
https://www.dropbox.com/scl/fi/lvxd568evxsumltgih1yw/tkcUwlVUDr3LKK2b.mp4?rlkey=wzoor30lbdnjvs9zpow2c6jjj&st=dfgc9bjz&raw=1	spawn ffmpeg ENOENT
https://www.dropbox.com/scl/fi/z58j75vehlgpi2op4wqfi/tJXB6KBz06WTbxzP.mp4?rlkey=gtybnn5v57hmtvljx5tkmy9cg&st=cy99uyqd&raw=1	spawn ffmpeg ENOENT
https://www.dropbox.com/scl/fi/r9tnrl79yq892geycg63s/TifCKvkzxRZPBGbj.mp4?rlkey=r4ml4f8t4jy63fcomb7caj9ow&st=21p6jwh8&raw=1	spawn ffmpeg ENOENT
https://www.dropbox.com/scl/fi/fszpre5aedsfr1s32rok9/thRE07gTuIMwfkHz.mp4?rlkey=6mxt09m3gtu8hnm4ckyy40h5c&st=secwuku6&raw=1	spawn ffmpeg ENOENT
https://www.dropbox.com/scl/fi/roh2eh46q6lro0dj4l7b4/thegoodlads_20250427.mp4?rlkey=1xsaxgou1sa25uov34f2bko69&st=6559rmnz&raw=1	spawn ffmpeg ENOENT
https://www.dropbox.com/scl/fi/dzr7733cr32bdy5eir4is/theedger8_20250515.mp4?rlkey=m9vsoq3ssgo8g40anfz6bpcwg&st=uixzfkbe&raw=1	spawn ffmpeg ENOENT
https://www.dropbox.com/scl/fi/pewllb5vmm4kcd0pwmmqs/theedger8_20241224.mp4?rlkey=od53dow6ef7b30g8x6n12sm88&st=2y1qrx7v&raw=1	spawn ffmpeg ENOENT
https://www.dropbox.com/scl/fi/mthqq74fl59ra2sj4e7f4/theedger8_20241218.mp4?rlkey=v2r97amho8pcradiu9q3ugarj&st=e1m638nd&raw=1	spawn ffmpeg ENOENT
https://www.dropbox.com/scl/fi/dw1i0ng91sre933qer8f1/theedger8_20241215.mp4?rlkey=ky0bey2cvglj4xkijthwopp3u&st=7l8nt0vd&raw=1	spawn ffmpeg ENOENT
https://www.dropbox.com/scl/fi/7zqunkvqit8fbng030jbu/The_Edger_8-SN9RTuGZrj-GoyDe.mp4?rlkey=g0dx2ha86v3md4ddnjj6f2sqh&st=bqetofd3&raw=1	spawn ffmpeg ENOENT
https://www.dropbox.com/scl/fi/1iohnhsaijspc2rxiyrcb/The_Edger_8-ibR_WUaFKljYt60u.mp4?rlkey=c2e79jz1tyc252mcf9q1dt3y9&st=3hnlx5bv&raw=1	spawn ffmpeg ENOENT
https://www.dropbox.com/scl/fi/faztqffzzbmijqxtbepko/The_Edger_8-BFRzY81xaWJCa7rG.mp4?rlkey=zb8jtk9kduiwoidlswdom674u&st=fywduy5d&raw=1	spawn ffmpeg ENOENT
https://www.dropbox.com/scl/fi/tsf63qriwt5u3ccgb4ryo/The_Edger_8-1944768409251820000-01.mp4?rlkey=ifuq22butivdlykl6ukrmo5ml&st=umq79jbn&raw=1	spawn ffmpeg ENOENT
https://www.dropbox.com/scl/fi/iknyqea5gyc22drcle6fl/The_Edger_8-1931388699889000723-01.mp4?rlkey=8lkdq8zdeh29gord137ih23xs&st=7sbvqo48&raw=1	spawn ffmpeg ENOENT
https://www.dropbox.com/scl/fi/xb5qcb3qb64ro85ulecg6/The_Edger_8-2025-06-10T113312.mp4?rlkey=doigt0wmr9urjmgj2d7hdp9qk&st=r08uzwwi&raw=1	spawn ffmpeg ENOENT
https://www.dropbox.com/scl/fi/j540dsndpbx9rftrq6wxn/The-Official-Black-urban-Onlyfans-Thread-_-Page-7-_-LPSG.mp4?rlkey=89xr15aid74tqxuti04iiw8cp&st=mafl8730&raw=1	spawn ffmpeg ENOENT
https://www.dropbox.com/scl/fi/7luocezuc5ly1owdm5510/The-Official-Black-urban-Onlyfans-Thread-_-Page-6-_-LPSG-3.mp4?rlkey=3an2e877u3u7mofmwulq8rlmz&st=ft8cy4yv&raw=1	spawn ffmpeg ENOENT
https://www.dropbox.com/scl/fi/nv1mo8qa9tg0a6h72n6np/The-Official-Black-urban-Onlyfans-Thread-_-Page-2-_-LPSG.mp4?rlkey=g4a29g2axnapwhjhbh4ytbwge&st=vikst5qi&raw=1	spawn ffmpeg ENOENT
https://www.dropbox.com/scl/fi/63d74c0nxstjs5ehm0c0t/tFwpKiWAupz2Y7qZ.mp4?rlkey=qr650r2p17tvm5m7mf6m1jfxl&st=vqlz5hbn&raw=1	spawn ffmpeg ENOENT
https://www.dropbox.com/scl/fi/oc1c2wkcrfe9cdj3gt2xh/TavMgBNoCL0boPJZ.mp4?rlkey=1wpoxbrzh4gqz0gfdffwpv6ua&st=yzbqzh3v&raw=1	spawn ffmpeg ENOENT
https://www.dropbox.com/scl/fi/valvfithohcqr046sgbko/t4vLt2-RdylxxrBn.mp4?rlkey=e5r0wfq3gbr6bwnbi19hdgc4y&st=fximphme&raw=1	spawn ffmpeg ENOENT
https://www.dropbox.com/scl/fi/5h108rrj6vciv4hij4cls/t-KEoxWS-DV4Fu_v.mp4?rlkey=87091xdpl1e7zbuyapw4oa1ch&st=3d6fz4eu&raw=1	spawn ffmpeg ENOENT
https://www.dropbox.com/scl/fi/16vyddjishu0sjrud76at/SXLea6qIYsVBFPpM.mp4?rlkey=ri696pn450o2xair96205qaj7&st=mkgypjmu&raw=1	spawn ffmpeg ENOENT
https://www.dropbox.com/scl/fi/6bnpccca3exal18rxz3kf/Sw01CFYM1amYpgBQ.mp4?rlkey=erhaaphnaw03nmj4iwe6bp3ib&st=cu1pna2w&raw=1	spawn ffmpeg ENOENT
https://www.dropbox.com/scl/fi/w8tbsv63289dm6l8gxnjg/sV83WkjRZbF_Tyc4.mp4?rlkey=mrn3ugqb63070e0zg3ew9doq7&st=nlty7gq2&raw=1	spawn ffmpeg ENOENT
https://www.dropbox.com/scl/fi/tnzoht2swxjqlkihqwa88/sRtFla38Iu8JSXiA.mp4?rlkey=m3fgufgrquc16fh99p6ff675f&st=6spveue2&raw=1	spawn ffmpeg ENOENT
https://www.dropbox.com/scl/fi/5b4hywrvmt4ge5s9fayuy/SR3_FzhAquXl0Crm.mp4?rlkey=bh9448f2g9rh2106qwtzuz1ht&st=gta9limf&raw=1	spawn ffmpeg ENOENT
https://www.dropbox.com/scl/fi/4qcktridknr0vpozhe5ve/SQBEEnjE6dbuk7Bu.mp4?rlkey=6twlxdmubvl4yy91n1u9doivu&st=8xvukcft&raw=1	spawn ffmpeg ENOENT
https://www.dropbox.com/scl/fi/c1ygs1llfwhfewm9nyiqj/sorenfey_20241219.mp4?rlkey=d0xw4zxbnf830wmj7yqwfo1at&st=u9ijzpci&raw=1	spawn ffmpeg ENOENT
https://www.dropbox.com/scl/fi/elcbojletg40hq8imqii9/So1BceY7I4xejURw.mp4?rlkey=w7r0wmkqok4xqacq8dsl6j7uw&st=pelljt02&raw=1	spawn ffmpeg ENOENT
https://www.dropbox.com/scl/fi/6u4ce448mqrh67vr0j57w/smyj7Zciqm4A0DMD.mp4?rlkey=f4cdx119c17xux3weuly83kle&st=c199p9aa&raw=1	spawn ffmpeg ENOENT
https://www.dropbox.com/scl/fi/ex2dok9knvprchh2dyzir/sKHT7jQyRSIddGHY.mp4?rlkey=j0ofgvj3089hjhnvc5n5yzbyw&st=vwx20h5x&raw=1	spawn ffmpeg ENOENT
https://www.dropbox.com/scl/fi/vstori2bvzywnv9bjswqs/SK-VGrp7wc_DnkGU.mp4?rlkey=9b787sc8xyowlywxxhatqv8a3&st=xbjpu51p&raw=1	spawn ffmpeg ENOENT
https://www.dropbox.com/scl/fi/e35jo4me3rxre6gji786y/SEXY-BIG-DICK-TheSexybigdick-Twitter-Profile-_-Sotwe.mp4?rlkey=0hz0upss648pvi5gawq0jut2p&st=4h3xetuf&raw=1	spawn ffmpeg ENOENT
https://www.dropbox.com/scl/fi/8bb0fivwjpsarrdij41zq/SEXY-BIG-DICK-TheSexybigdick-Twitter-Profile-_-Sotwe-8.mp4?rlkey=ssnmltahc7l2wzv45dpnu6is9&st=kd6bourb&raw=1	spawn ffmpeg ENOENT
https://www.dropbox.com/scl/fi/7qc01gk05uufngsmxlohq/SEXY-BIG-DICK-TheSexybigdick-Twitter-Profile-_-Sotwe-7.mp4?rlkey=7akwxybizjv03v793ysib0wmn&st=ollqpkud&raw=1	spawn ffmpeg ENOENT
https://www.dropbox.com/scl/fi/df016ep5u097faj3a161i/SEXY-BIG-DICK-TheSexybigdick-Twitter-Profile-_-Sotwe-6.mp4?rlkey=lmeyyzw5b1foixudjkvbcd6zl&st=qz1la3gk&raw=1	spawn ffmpeg ENOENT
https://www.dropbox.com/scl/fi/xb3ca4fv1khptgxxl74g1/SEXY-BIG-DICK-TheSexybigdick-Twitter-Profile-_-Sotwe-4.mp4?rlkey=g1kq0vo3etvrzu59dmbs9royf&st=oq7g041l&raw=1	spawn ffmpeg ENOENT
https://www.dropbox.com/scl/fi/9zvlr8vsriq6k916rbyjd/SEXY-BIG-DICK-TheSexybigdick-Twitter-Profile-_-Sotwe-3.mp4?rlkey=eu42izzfe4oonblu230w92q32&st=gmc0qirv&raw=1	spawn ffmpeg ENOENT
https://www.dropbox.com/scl/fi/0xursvrwpcdm3rjp5jwo5/SEXY-BIG-DICK-TheSexybigdick-Twitter-Profile-_-Sotwe-2.mp4?rlkey=tv9091od12iidvkdzlh1ntxkl&st=tlwbsj31&raw=1	spawn ffmpeg ENOENT
https://www.dropbox.com/scl/fi/y4oq1mfktn13inb4gxi0l/SEXY-BIG-DICK-TheSexybigdick-Twitter-Profile-_-Sotwe-1.mp4?rlkey=mow5g9o63j3j6a3jq37927i3a&st=j6193lkz&raw=1	spawn ffmpeg ENOENT
https://www.dropbox.com/scl/fi/s6vpm11p56wbozzlyy12k/sexiocaliente_20241207.mp4?rlkey=6rx1h88hi90q9it0zc9bx9igz&st=s5c94vco&raw=1	spawn ffmpeg ENOENT
https://www.dropbox.com/scl/fi/urn4qpi9lbrnzff1hrbq5/sexiocaliente_20241111.mp4?rlkey=79t81zgkatfholp1hpgqd9yj9&st=cr8oezj1&raw=1	spawn ffmpeg ENOENT
https://www.dropbox.com/scl/fi/025muz26k3ovxz33vhzr8/sexiocaliente_20241021.mp4?rlkey=cv6uaketg6x4gm4l09fgee1w2&st=d83bb9fg&raw=1	spawn ffmpeg ENOENT
https://www.dropbox.com/scl/fi/idnpws5hhc6j2qcstbma1/sEEIC42waBvXrjuc.mp4?rlkey=oz4dmsibt2taovct7565owt6c&st=7lh00q9n&raw=1	spawn ffmpeg ENOENT
https://www.dropbox.com/scl/fi/u3azpdyxwv9y4bnhclzea/Secret-cum-blowjob-on-the-mirror-www.saveporn.net.mp4?rlkey=k0n1yfgo0qfwy7i8enpuc008a&st=3u5vvjnl&raw=1	spawn ffmpeg ENOENT
https://www.dropbox.com/scl/fi/n0yij2rsue1h0z4165je4/sCwCstaxHxrrPlpF.mp4?rlkey=rmrwctw1ymxxib1vhy19zlhtd&st=adxd71rl&raw=1	spawn ffmpeg ENOENT
https://www.dropbox.com/scl/fi/skxf0shrnw75f4feho1rc/SCSaKHH9_CYqTkON.mp4?rlkey=0rlgzzskzy1qessro7hq83exy&st=gyr8rodf&raw=1	spawn ffmpeg ENOENT
https://www.dropbox.com/scl/fi/394otiwv7kpumaoucbsx6/scruffaduff_20250320.mp4?rlkey=92vvgftgwpheli0nsrw29sun4&st=b49kjufs&raw=1	spawn ffmpeg ENOENT
https://www.dropbox.com/scl/fi/15mqdjijkm5mrb0brr2lr/sAWyr8hy9fdViaM3.mp4?rlkey=q8yya1oalbuy63cxk63esqr3c&st=gpqq2rls&raw=1	spawn ffmpeg ENOENT
https://www.dropbox.com/scl/fi/1efg1f7tizwytpnf9mact/SAMM_FITNESS-1926716390297256182-01.mp4?rlkey=8975vnmh1nqpjjw7ddsk3y642&st=xcu5e20b&raw=1	spawn ffmpeg ENOENT
https://www.dropbox.com/scl/fi/83xwrjcayqlc4x5q66bpo/sA0RR6xmDsnaQfK7.mp4?rlkey=5semm8fksgdegrnmy30u738n3&st=0dk2iida&raw=1	spawn ffmpeg ENOENT
https://www.dropbox.com/scl/fi/f2woh1x8ruxdtl3z54hiu/s26agO8XTEdDoesu.mp4?rlkey=ehphvz4d4xiz05hd5cxhqb4xq&st=5ybg3m09&raw=1	spawn ffmpeg ENOENT
https://www.dropbox.com/scl/fi/trooxt3expreqriy0uo0f/S1zlU-F2mbW5Sm_.mp4?rlkey=32n6zbbullohxvrpkb4henxem&st=kvk9qnb9&raw=1	spawn ffmpeg ENOENT
https://www.dropbox.com/scl/fi/zenoh91k5u23j1a2upulg/S-zjUkUlYC5RPjSA.mp4?rlkey=80gmbixnnezpksawnlig8jxs7&st=zbx4k28i&raw=1	spawn ffmpeg ENOENT
https://www.dropbox.com/scl/fi/vcutp4k0cs98akuvj29ax/S-0_7rGTyIHnG0ZL.mp4?rlkey=oeeipvoc3uxzx7gpxyj3zq3sr&st=id1ew9yx&raw=1	spawn ffmpeg ENOENT
https://www.dropbox.com/scl/fi/b5xn52r3i9su4hjsuamvx/RuMDrynbzv0BHaPr.mp4?rlkey=dclnpknas2k9lh9b0pnt3kd8k&st=6syjzts6&raw=1	spawn ffmpeg ENOENT
https://www.dropbox.com/scl/fi/inr4pqjqeqdaq2b1623lm/rstti0ZBwGr8sa3_.mp4?rlkey=kqdmon0kh8re9fhlpbt2oj0lc&st=tc1kfbvi&raw=1	spawn ffmpeg ENOENT
https://www.dropbox.com/scl/fi/odhpb6chlmlie8y8twuag/rRCXUz8Q-iZFOM4i.mp4?rlkey=srd6a6cyow8cif3qtvmbn03uc&st=6k1rwqfq&raw=1	spawn ffmpeg ENOENT
https://www.dropbox.com/scl/fi/vwj0h2ptoytxpdmogdwm5/RQtCuwK9Dk6eWmPl.mp4?rlkey=sbmy1ddp55uz0wf3u3osdwsg3&st=3eof7t5k&raw=1	spawn ffmpeg ENOENT
https://www.dropbox.com/scl/fi/mhl9bettj4kokihpqoyyc/RQReqLo5J6hyq7KG.mp4?rlkey=w7tnyehvc03ner3d28pfe9nyk&st=cpojxkli&raw=1	spawn ffmpeg ENOENT
https://www.dropbox.com/scl/fi/msbyx4xz72mp3ng9vg6h4/roRM1PCVvIxeOtXk.mp4?rlkey=71yn6lsjh36k8iv6ljp2km57l&st=mznn1zfp&raw=1	spawn ffmpeg ENOENT
https://www.dropbox.com/scl/fi/s4noaowq8ojnsqiyyuxud/rL1kEwtKjCxJBPQv.mp4?rlkey=n58fuqv24582l9cgpcowddl2n&st=zhkn511t&raw=1	spawn ffmpeg ENOENT
https://www.dropbox.com/scl/fi/p3bc1210kc45jf37paeph/RKJBRwc8Xz4g7S_3.mp4?rlkey=mq16tnaydcer62u3udv329rtv&st=l6gmty62&raw=1	spawn ffmpeg ENOENT
https://www.dropbox.com/scl/fi/fvbjks1effa6jljzk4efp/rHmf5lGT8NTj0Ayv.mp4?rlkey=m9ndr5h7ytrs81835wtlp0n0k&st=g6extx47&raw=1	spawn ffmpeg ENOENT
https://www.dropbox.com/scl/fi/c6neafj83y34u9ryb78qn/RG3Dwqq2jkuSwM9u.mp4?rlkey=oxeqaz1vne6qiwo6o189jb17o&st=eblnilbf&raw=1	spawn ffmpeg ENOENT
https://www.dropbox.com/scl/fi/szdbydpb4xl12jvdz3zez/RFyc9MLvP0io7_1Z.mp4?rlkey=2zumd8gr5ossuqt0lesglc61y&st=i85ctng0&raw=1	spawn ffmpeg ENOENT
https://www.dropbox.com/scl/fi/218a4k6qw4073fq1delgk/rFVmFbFE5oVx8vG7.mp4?rlkey=soy3hdvrytkmdp91k6xpeeity&st=goacy4mn&raw=1	spawn ffmpeg ENOENT
https://www.dropbox.com/scl/fi/sjg4g0qv2k77nwjsdff8j/REYf-UdlYLFM1sfF.mp4?rlkey=v4j626ehcfggnw638hld7wib4&st=lzzjcnbh&raw=1	spawn ffmpeg ENOENT
https://www.dropbox.com/scl/fi/6fkmj9alxxjytk42tcylg/REdb4t9TDVv-M8UX.mp4?rlkey=zb1iq606512f7j6se76645t2q&st=e90ide3j&raw=1	spawn ffmpeg ENOENT
https://www.dropbox.com/scl/fi/irh78kykydjyujroz0t0v/rD05uA8y_BicFPKV.mp4?rlkey=8b8p2hz0h8md8b40acsf5i7t4&st=olqltwmj&raw=1	spawn ffmpeg ENOENT
https://www.dropbox.com/scl/fi/pkm6dvl6azonczxp64xvx/rbI9GGe3wrpSR1CS.mp4?rlkey=jbk22rffhbwt4x0hz4fx4domf&st=2xu7m9lr&raw=1	spawn ffmpeg ENOENT
https://www.dropbox.com/scl/fi/k5xb3pavcvznsadhxdakm/rAtrL4-dJXA5gxUv.mp4?rlkey=h55h9wwpg9rf5wrfvlbid7epk&st=uoi7w3bg&raw=1	spawn ffmpeg ENOENT
https://www.dropbox.com/scl/fi/1szx8oa8wxgdufi4gxw61/raHiZjrxlY7ztmO1.mp4?rlkey=j7hheomzgt3xiekdvbg42ruei&st=nwtpqgk2&raw=1	spawn ffmpeg ENOENT
https://www.dropbox.com/scl/fi/clsojmgp59gtyxgpnqr76/Ra7-0_ak1OOc_8JX.mp4?rlkey=at0da53d2djemnce2xh7x5eaq&st=ait3ezms&raw=1	spawn ffmpeg ENOENT
https://www.dropbox.com/scl/fi/1ms0uqjngc2ggra72d09a/r87rlfskBWWXchmw.mp4?rlkey=qzvc5a6mwtf1tkrh71ogvuqxw&st=pnli4ev8&raw=1	spawn ffmpeg ENOENT
https://www.dropbox.com/scl/fi/oon095lptqsfuna0l4307/r008f5UZGTipaOga.mp4?rlkey=mur1kcjgdjwd2yi0n9n548l62&st=b8v5ii8r&raw=1	spawn ffmpeg ENOENT
https://www.dropbox.com/scl/fi/3mteoaq8uoec7hrijjtdl/r7r4qWvKHivMlvhC.mp4?rlkey=6zk9dcz1y3birkwqf0hzhez4c&st=dgfkwh5i&raw=1	spawn ffmpeg ENOENT
https://www.dropbox.com/scl/fi/nx2l4l3ncyxjymn3zru6g/R2-xRJUlFnNEzn1a.mp4?rlkey=uufagbxj5lulp5j0jkvlutevp&st=xunvn8xy&raw=1	spawn ffmpeg ENOENT
https://www.dropbox.com/scl/fi/eerh3vejoaawcb3ja2r4o/QZ3t08yYwwCMmcoQ.mp4?rlkey=pwfi5xlsdo3oosnlg17dqnr2m&st=b9kv97a6&raw=1	spawn ffmpeg ENOENT
https://www.dropbox.com/scl/fi/990key1t2ecpeqmrmgesf/QZ_6q0LQkj-bxYMV.mp4?rlkey=c5y003avwv3cdykfzsf9oo5t1&st=9ez86eap&raw=1	spawn ffmpeg ENOENT
https://www.dropbox.com/scl/fi/wgm8at7xvauy0dwel7p23/qYo6VfOnolkcXM9w.mp4?rlkey=wffugick0w38cu8be0wmki9se&st=ec5bf8py&raw=1	spawn ffmpeg ENOENT
https://www.dropbox.com/scl/fi/bmb0a5tpyrtydx6m13fr8/qvuBdS0_g3-E4DUg.mp4?rlkey=u154hg0czhbmu8it3qj49c7or&st=4ukbykq2&raw=1	spawn ffmpeg ENOENT
https://www.dropbox.com/scl/fi/e27eb1x914kvvt3ie6qjh/qV3RI3Jb6tswcF-j.mp4?rlkey=t8vk526hcx45wx3tsoekx8rjn&st=d9hoj3cy&raw=1	spawn ffmpeg ENOENT
https://www.dropbox.com/scl/fi/gja6d71dghgwxbp3xfd1x/qtmgGCNcYFlde2Rg.mp4?rlkey=79wz59ron30sxng9lkiybklyo&st=s1dszdg0&raw=1	spawn ffmpeg ENOENT
https://www.dropbox.com/scl/fi/7qrwgxcrm4swltrt55caz/qTgK5uvhi5Bi02HE.mp4?rlkey=xudnd3kejvcdfl7qoj02aml6t&st=2bxmhaw1&raw=1	spawn ffmpeg ENOENT
https://www.dropbox.com/scl/fi/cmkromtrr0un4bh8hn3m2/QQWFUoPeh55s3p5Z.mp4?rlkey=uze1e5qrhuup6vvalt1q7wrvf&st=i5b7ygx0&raw=1	spawn ffmpeg ENOENT
https://www.dropbox.com/scl/fi/k00q0o88qhurd2ckwf9ye/qMf3WM1hPyPQe4dF.mp4?rlkey=ya988y2ffhbo305zf951xt2lj&st=vv10ef5l&raw=1	spawn ffmpeg ENOENT
https://www.dropbox.com/scl/fi/ca0a6gygtm7ynsl1ff36b/QM3UD7Y0DIK6ZPai.mp4?rlkey=eyd6ey7u8stmvctu4dozo365j&st=jggvpff0&raw=1	spawn ffmpeg ENOENT
https://www.dropbox.com/scl/fi/dmfc70i26a8tgfs8fz3s2/qkNvLe1Rg9nds42r.mp4?rlkey=9bmwi7dmutn5q0srmab9wr7hh&st=z783az64&raw=1	spawn ffmpeg ENOENT
https://www.dropbox.com/scl/fi/rkj7umeltjkzrzon6to02/qJy_aiwyMF23RjtT.mp4?rlkey=qxtkcufpay3v78ill0ifauh7s&st=t75mtxy2&raw=1	spawn ffmpeg ENOENT
https://www.dropbox.com/scl/fi/io0dfonykj07gk4wh0ege/QIQfqZ6wGSCodTaS.mp4?rlkey=8pu7q6xjpdw6d58erpa69e18e&st=jf06bj0w&raw=1	spawn ffmpeg ENOENT
https://www.dropbox.com/scl/fi/97erc1zikza3oha092rgo/QhV1p90PPB-K3cjm.mp4?rlkey=vsmxmicyhphqaio7xki74br3e&st=4trurb5g&raw=1	spawn ffmpeg ENOENT
https://www.dropbox.com/scl/fi/r57s92gawbxuf49wzdvoz/qhuGPyWMnFxJ5RXF.mp4?rlkey=2gjdv51xjex2ws0pbqhhhmoje&st=npuw7is4&raw=1	spawn ffmpeg ENOENT
https://www.dropbox.com/scl/fi/crjn0nlywqzc33my11yfz/qEgebrOs2ED_pWYD.mp4?rlkey=ybr5hlimjiqxhuvbo60uhqlda&st=9e2inbk1&raw=1	spawn ffmpeg ENOENT
https://www.dropbox.com/scl/fi/l4ap1fmu8pylc0csma3f7/qAncDhgKYYJD61uj.mp4?rlkey=f640kci06ssg5yuld171ny3ji&st=xbwh7vka&raw=1	spawn ffmpeg ENOENT
https://www.dropbox.com/scl/fi/fvi5tstfdhnqr9q42td1w/q7kfTVa5ETUC66mw.mp4?rlkey=fs3rbmngpu401b19h4buupkhn&st=vlt5cawq&raw=1	spawn ffmpeg ENOENT
https://www.dropbox.com/scl/fi/y7u9cwljt4iw8nfg4szo5/q6sWCnrnvOSiXttJ.mp4?rlkey=hq30s7qor5qd29udfzqtzfqk1&st=e6wmahua&raw=1	spawn ffmpeg ENOENT
https://www.dropbox.com/scl/fi/ppp1nm9s1wjz8h0fg0zl2/Q5cCfJOsMD0Q4qht.mp4?rlkey=ntcb2pw4ctat0ropjun5kty59&st=f2omfy4o&raw=1	spawn ffmpeg ENOENT
https://www.dropbox.com/scl/fi/38la3jx1d37ldabh35tau/Q_Wq86CLOqm88Qc_.mp4?rlkey=ubnwb4qxe072h88yxk5k29hgr&st=zfhkxv8f&raw=1	spawn ffmpeg ENOENT
https://www.dropbox.com/scl/fi/pn7864xhute5cwmrs7drb/PxiyLceL7oyKh7fF.mp4?rlkey=fk4d0yj1i5dg8lu8fg1ghnh1b&st=k7nitkef&raw=1	spawn ffmpeg ENOENT
https://www.dropbox.com/scl/fi/33ctxa6zw31gyp9qzqetr/PTCbsaie5mNR9nNM.mp4?rlkey=v6woos415g65h8kquagl50y8l&st=slcxm13k&raw=1	spawn ffmpeg ENOENT
https://www.dropbox.com/scl/fi/eijto77d76brlt7reqyp0/pSv7d7FCgvevQ16a.mp4?rlkey=fjsv6nxo7539g4m9ckqd8oeuz&st=adzutmo5&raw=1	spawn ffmpeg ENOENT
https://www.dropbox.com/scl/fi/nbvze54wnrkq0ammsy3yb/princeofedging-zNmXsCeZMzdhyxOk.mp4?rlkey=gaqso1hzg4rv0qpzdwbq5vxt1&st=q6n73pto&raw=1	spawn ffmpeg ENOENT
https://www.dropbox.com/scl/fi/e9oe22qk3n8epp0uzhdzq/princeofedging-U_HWnnQe8RBxtAQo.mp4?rlkey=crx57yejf5wtklf4a90piugtr&st=d1kyk7mi&raw=1	spawn ffmpeg ENOENT
https://www.dropbox.com/scl/fi/2tpplx2xjmfge0ggy4qhk/princeofedging-SkiP69kTzruYgrqw.mp4?rlkey=edpf8l0hhdam9c73cje8d5dva&st=m97z0gdj&raw=1	spawn ffmpeg ENOENT
https://www.dropbox.com/scl/fi/03vwlgqe71hr55vsfbayk/princeofedging-lI2Q7mW4sG0raZ9l.mp4?rlkey=cjgtk7q73bjnk7uoxpqdxzblb&st=ihy9fmdc&raw=1	spawn ffmpeg ENOENT
https://www.dropbox.com/scl/fi/92ibhuppvtkkd8rjdor78/princeofedging-1944774386466087099-01.mp4?rlkey=d98iovnw9810lhx9v8huy84z8&st=m1wc2wso&raw=1	spawn ffmpeg ENOENT
https://www.dropbox.com/scl/fi/95gs1e0eezf08fpt1dmt1/princeofedging-1944051120248066186-01.mp4?rlkey=1aqndv2b6bsedqa02kavcyk6x&st=m77dnv07&raw=1	spawn ffmpeg ENOENT
https://www.dropbox.com/scl/fi/t7uvq1wi7x5w6dy6l0iyl/princeofedging-1943688228848238601-01.mp4?rlkey=8pl456us6nm3o7xhfe9fb9yg5&st=4h3804pq&raw=1	spawn ffmpeg ENOENT
https://www.dropbox.com/scl/fi/vbi7jcz5oxkxkrtfxlzq3/princeofedging-1926294114330718608-01.mp4?rlkey=lefszmgt1gxpm6vnrca8ftx9o&st=ugklw9y7&raw=1	spawn ffmpeg ENOENT
https://www.dropbox.com/scl/fi/xkl88zi5y3jy5harfctcp/princeofedging-8a7gB8KwqL7p4j_q.mp4?rlkey=o1kb9n49e3johi6qq9m4fwsth&st=ibingsif&raw=1	spawn ffmpeg ENOENT
https://www.dropbox.com/scl/fi/z752waaqyvsxhyge0niy8/princeofedging_20250525.mp4?rlkey=pgtjo7ulnik5r8i7s9q67x7er&st=2yja1t9u&raw=1	spawn ffmpeg ENOENT
https://www.dropbox.com/scl/fi/giti7r88azzaevihvctlq/princeofedging_20250510.mp4?rlkey=4kd87ju1bqeietrznid18gp5h&st=ycj0r4hj&raw=1	spawn ffmpeg ENOENT
https://www.dropbox.com/scl/fi/q65blc0glpdcuxa5dk3me/princeofedging_20250509.mp4?rlkey=mvawhzrqnpj0f0a8aqvasg7n8&st=xk3tlty8&raw=1	spawn ffmpeg ENOENT
https://www.dropbox.com/scl/fi/4d8qgp8x60vfg57m3e1ju/princeofedging_20250306.mp4?rlkey=5bysccnzv9c7fdhmvd7x9eziw&st=trebs42m&raw=1	spawn ffmpeg ENOENT
https://www.dropbox.com/scl/fi/ttf8hiz5xx8y5lxo9jutl/princeofedging_20250127.mp4?rlkey=utvzasbvmtl0l3yemxe0pup2o&st=8grfh33x&raw=1	spawn ffmpeg ENOENT
https://www.dropbox.com/scl/fi/58uwf9vcz3g0msnpqtzg0/princeofedging_20241224.mp4?rlkey=75t1zhbc3pjmi0xsdupjjzqgv&st=c140iwi4&raw=1	spawn ffmpeg ENOENT
https://www.dropbox.com/scl/fi/wlqiqdyvan47c2avdf8fy/princeofedging_20241223.mp4?rlkey=9zkew70ogi8cqmq8fs8uy4ezx&st=v1eqagsu&raw=1	spawn ffmpeg ENOENT
https://www.dropbox.com/scl/fi/fvsebf3u4r8gxkqgt60t7/princeofedging_20241222.mp4?rlkey=f5o9wpvepfpeeyj8g3a5w4wma&st=rbbf6u1r&raw=1	spawn ffmpeg ENOENT
https://www.dropbox.com/scl/fi/aa6pw6spqk130jjhsjgna/princeofedging_20241221.mp4?rlkey=3buihe1y5hm94f4jp1kynnh22&st=ou1borwa&raw=1	spawn ffmpeg ENOENT
https://www.dropbox.com/scl/fi/dpcgd2mcl1biqzusw0pjr/princeofedging_20241220.mp4?rlkey=c5n7hntrm7wv21l9yaouahvy8&st=5s9092n8&raw=1	spawn ffmpeg ENOENT
https://www.dropbox.com/scl/fi/jydxg2qcbfxbaznh8wdwz/princeofedging_20241218.mp4?rlkey=313othf606fgs02hknxtdluc0&st=nwbrg1rx&raw=1	spawn ffmpeg ENOENT
https://www.dropbox.com/scl/fi/3vzqegt3rygtba6t0x617/princeofedging_20241217.mp4?rlkey=pbcdeyivqwdnf4benvr6mrnr0&st=admlbyl6&raw=1	spawn ffmpeg ENOENT
https://www.dropbox.com/scl/fi/f285yn44m7zpa35usvk86/princeofedging_20241216.mp4?rlkey=mnixpg2h0je1hun6pqulyw6uv&st=ozg55l7o&raw=1	spawn ffmpeg ENOENT
https://www.dropbox.com/scl/fi/dj7nlbn1nct7p42trffs7/princeofedging_20241207.mp4?rlkey=kl2q4umvp5rso9q3vo4hx7qm2&st=6mkmr26d&raw=1	spawn ffmpeg ENOENT
https://www.dropbox.com/scl/fi/bim8ssxzsh9dhcwjd1ky6/princeofedging_20241114.mp4?rlkey=bvejmwnamdo5cujfic69zr7q1&st=fr1e4150&raw=1	spawn ffmpeg ENOENT
https://www.dropbox.com/scl/fi/pw35m0b41lyc5jx3cp6jh/princeofedging_20241114-1.mp4?rlkey=hpcd1krj56zanpfott6fri10q&st=krx58ysh&raw=1	spawn ffmpeg ENOENT
https://www.dropbox.com/scl/fi/1vtv53o9c9st5q2hbkxzc/princeofedging_20241112.mp4?rlkey=40r33nh46a5cdm1sfeqdp0ts5&st=kqonoxy8&raw=1	spawn ffmpeg ENOENT
https://www.dropbox.com/scl/fi/o85kpt0vverdqxy64rhah/princeofedging-2025-06-10T100200.mp4?rlkey=39tp9h6ok4j1uli2hzmu9dh4t&st=zvk8w0gk&raw=1	spawn ffmpeg ENOENT
https://www.dropbox.com/scl/fi/7p9a9hlqewohlfzjcljta/Pr1Ysif3f0tKBEDd.mp4?rlkey=u50d3jok46cpbrwi7utf44125&st=jtq5rhv3&raw=1	spawn ffmpeg ENOENT
https://www.dropbox.com/scl/fi/4iefrp8ql25pqc21qawyx/PpN38NESJgCTeJE9.mp4?rlkey=051hojsu1k5e8t7o6jsg6exj6&st=0c5f25fx&raw=1	spawn ffmpeg ENOENT
https://www.dropbox.com/scl/fi/58iwio3tpucx3yhglu83i/poyatoreal-PTDUTpd6yeiMuhXP.mp4?rlkey=ixadgjan0oggmpaly4zm4v89a&st=2jrayj87&raw=1	spawn ffmpeg ENOENT
https://www.dropbox.com/scl/fi/x5e4b5g332gb44329pdet/PNVQtPcz5ISfuqdE.mp4?rlkey=c2uu5342chqt4n1zi6k8rcpif&st=z68sz95l&raw=1	spawn ffmpeg ENOENT
https://www.dropbox.com/scl/fi/54give4jcnuc1l9cam3kh/pJGQOQgw48EI-xzT.mp4?rlkey=lmftf4aqzd2nt4i3b83787kr7&st=8uph4eei&raw=1	spawn ffmpeg ENOENT
https://www.dropbox.com/scl/fi/sy56igijrrtcb1fpt8hjn/pgyfViQeGAGx0qdy.mp4?rlkey=193bv7voohy80bipvewu04xin&st=e2nu3c14&raw=1	spawn ffmpeg ENOENT
https://www.dropbox.com/scl/fi/cbjnhvwejgpd0t1o9c9av/PgfW2chSqCluxIPq.mp4?rlkey=lnhxshm0r5rto6b2cht004qim&st=pxq6urkb&raw=1	spawn ffmpeg ENOENT
https://www.dropbox.com/scl/fi/va10g3pk4ovhiu7t34vdg/PCqCFot5JY8Q4e9j.mp4?rlkey=jkfn0fgnlje7t02waincxuiwj&st=kfbsy7pz&raw=1	spawn ffmpeg ENOENT
https://www.dropbox.com/scl/fi/xnij43su0sukb3yckx7zd/patmybunz_20250511.mp4?rlkey=solvsu827y94yo59pu9igicb9&st=n8nzi4jb&raw=1	spawn ffmpeg ENOENT
https://www.dropbox.com/scl/fi/7c06pposqmwoc0bcmbuwm/Pa2nlSz0pAH4jTf3.mp4?rlkey=e4urvc5id6dkmwrq1pdjwc3ba&st=ul1a0iau&raw=1	spawn ffmpeg ENOENT
https://www.dropbox.com/scl/fi/ju39ufchk3kicslv3guji/P696atvMKmBpR9yf.mp4?rlkey=35hx7xrkiv69wnjrw6a1p3911&st=5nctwuf6&raw=1	spawn ffmpeg ENOENT
https://www.dropbox.com/scl/fi/xvrlgabnmc2wlnuup3ifq/p9PZqbRSONVm4Muq.mp4?rlkey=u90lrh3ey0eou7xavb9oet5ja&st=4dai5ofd&raw=1	spawn ffmpeg ENOENT
https://www.dropbox.com/scl/fi/rcnd7jgz0p5t8p9vl0vho/Ozt69OByhVnwYRMl.mp4?rlkey=9xiw9jbsd92glfwy1zb7tqpet&st=zztnv52y&raw=1	spawn ffmpeg ENOENT
https://www.dropbox.com/scl/fi/83nts3n4x3kn763uqfdbo/ozSJlkye2xf_Y-Vu.mp4?rlkey=8x49u1vugyiw5oru5wtagwnbl&st=mdolkbhv&raw=1	spawn ffmpeg ENOENT
https://www.dropbox.com/scl/fi/jbnq2ermleumbhcd75owh/oXsrq7-p3tnd7-3S.mp4?rlkey=jj3pu7h7mnjv8d5i1e9ow67xv&st=00ekd4ay&raw=1	spawn ffmpeg ENOENT
https://www.dropbox.com/scl/fi/g7dhs69hvb0ux1eybeji1/ov-cZ4LMFH89mGa.mp4?rlkey=ck7fxhob9cnj1vl5mpjmfdd6h&st=u1nwdydg&raw=1	spawn ffmpeg ENOENT
https://www.dropbox.com/scl/fi/47hoyvmkaps7p3p6ya64l/OTSkl3d-AFRFlqZs.mp4?rlkey=hv1jgah7c16sshuzcyp23lekj&st=r4jof4md&raw=1	spawn ffmpeg ENOENT
https://www.dropbox.com/scl/fi/1tqa5vfw6wsdtxt9aefar/ot_vfjuXSf6BT3br.mp4?rlkey=dvt3ca9a931w6le4dlh4vuzv5&st=1zebut6i&raw=1	spawn ffmpeg ENOENT
https://www.dropbox.com/scl/fi/rz8sxe5cmklsj0jwlfwqf/onlyajacques-b3ZWrahJT54M0n1l.mp4?rlkey=9uscrh9lq7nmah3a97zrntnds&st=k3vasmlk&raw=1	spawn ffmpeg ENOENT
https://www.dropbox.com/scl/fi/8q1xrx1miurqjuioaawbj/OnebigrockReal-Pdi4CuAWFVTbDgIf.mp4?rlkey=15y1haszr24dg0p2yw5ujqcgh&st=n7etfo0s&raw=1	spawn ffmpeg ENOENT
https://www.dropbox.com/scl/fi/qznm080cpmhenmr31gdzi/OnebigrockReal-K2TyP0yH3ZFdnScH.mp4?rlkey=28130fl9d5lmp8djfi6xibcci&st=vqul1fjy&raw=1	spawn ffmpeg ENOENT
https://www.dropbox.com/scl/fi/qajdpxygmtzmdtgw5e1g7/OnebigrockReal-1931218146427289859-01.mp4?rlkey=jewhmuyf4a42amsrviwrcm6p2&st=t9esrgi2&raw=1	spawn ffmpeg ENOENT
https://www.dropbox.com/scl/fi/b0gy65lqvxz7zwnr3abke/OnebigrockReal-1719428036456595903-01.mp4?rlkey=9qrppdhvmazo414a0hrgfu3hy&st=q698g689&raw=1	spawn ffmpeg ENOENT
https://www.dropbox.com/scl/fi/d8yhxwm6qymic3q2wgc8s/oMrbLMPSVTdhbTEx.mp4?rlkey=xfl52vwy0kdqh1juaq7f2fwhu&st=dq2wklfa&raw=1	spawn ffmpeg ENOENT
https://www.dropbox.com/scl/fi/orv4t096y30egguwuxozi/OlQ4BroltFEvl5Qv.mp4?rlkey=wjviv0lliz11lvv9j8la9h6dr&st=jkraxssr&raw=1	spawn ffmpeg ENOENT
https://www.dropbox.com/scl/fi/yfvzah8b6ttc2e22w2kb0/OlCgBBXJPRA_j1wp.mp4?rlkey=venzs8izx8putmnj3pobojx13&st=kj9b7dvs&raw=1	spawn ffmpeg ENOENT
https://www.dropbox.com/scl/fi/zn1zurylrdg9p4q79j7i8/Ojm5JozGxToyR-LI.mp4?rlkey=zxgqep63rryz811hvzjf8tpdf&st=tdkc0rjg&raw=1	spawn ffmpeg ENOENT
https://www.dropbox.com/scl/fi/yzo92xd61w4a9w6feliwq/OjHGyRgHM2UC9qcb.mp4?rlkey=zikyp0xpucollb879rala0m7d&st=7tyu7z0c&raw=1	spawn ffmpeg ENOENT
https://www.dropbox.com/scl/fi/y4jvegtowwgxxxlfe208j/OJeY3isUPOnwzJBh.mp4?rlkey=82ykjn2x45hlrg3h7czyl2ypt&st=48tozwkr&raw=1	spawn ffmpeg ENOENT
https://www.dropbox.com/scl/fi/4eiz27g1xnau7w2tq2hnj/oJA5_c3PXQQBgE6V.mp4?rlkey=iwcyh4ag5lbjpxfrlnep8bylr&st=4xpr14az&raw=1	spawn ffmpeg ENOENT
https://www.dropbox.com/scl/fi/glxp1ix59puckieq8li0y/OIQViW9L4_sbchod.mp4?rlkey=gn9ys2kbbhru9u0a5ada8t4pz&st=xm9t6wx1&raw=1	spawn ffmpeg ENOENT
https://www.dropbox.com/scl/fi/5wgd30wx4euikkoebvi5n/OGlnYCqL9lwVOnQ3.mp4?rlkey=f9yj6wv3usnrqxelbtf5h6tnx&st=fwyi4xuv&raw=1	spawn ffmpeg ENOENT
https://www.dropbox.com/scl/fi/5eo7pn8fz4z1wmj9q3r0o/ogfXWIJ0J-Mx8XLj.mp4?rlkey=okgstd2i04un5pjuwqnczg0ee&st=4wulmh2y&raw=1	spawn ffmpeg ENOENT
https://www.dropbox.com/scl/fi/m0863ws3t0bbdh5gwf9r6/Og5oKDOj4M_rEcal.mp4?rlkey=yv7aa9ywymkwvimtcbpznbp60&st=fo0yztju&raw=1	spawn ffmpeg ENOENT
https://www.dropbox.com/scl/fi/1bbnsj4jqpkxb4pgpgmxs/ofHPAlfqJUfEPNrE.mp4?rlkey=8xh5whpchfvr88hu7r1aww58e&st=81rkvre1&raw=1	spawn ffmpeg ENOENT
https://www.dropbox.com/scl/fi/m4xzc7ngh6armvs2nedy0/oEMS6RXfc_PUq8mw.mp4?rlkey=khnryswpar3hcj0n59ub32t59&st=nl7xhwz4&raw=1	spawn ffmpeg ENOENT
https://www.dropbox.com/scl/fi/in8zrxdgwmft85ezh6c9y/OcRTpIryWVKWH1Ca.mp4?rlkey=rmzqqmg2rohu8glelh0emlv4z&st=4ealh4m4&raw=1	spawn ffmpeg ENOENT
https://www.dropbox.com/scl/fi/vfvhvc11c05xsy50emamh/OBl5hqLrTQOoxpGN.mp4?rlkey=9p3qwzqvkn68t8jvxn8p7l1uy&st=u7bhok9g&raw=1	spawn ffmpeg ENOENT
https://www.dropbox.com/scl/fi/j13warmzw6uxvpgpjy1o1/OaeZ-KS_HVOmzLqV.mp4?rlkey=cclemjebkcx8j2zhqn0sc8twg&st=4rnqiah2&raw=1	spawn ffmpeg ENOENT
https://www.dropbox.com/scl/fi/iwqiqa9kt3cmhwdjrcyfn/O3304dgJrLsPE0FU.mp4?rlkey=b31vu89tki661l38fy2ytuvg5&st=yrsd3ris&raw=1	spawn ffmpeg ENOENT
https://www.dropbox.com/scl/fi/nfs518srwr5ufy28vrdba/O075Iw6EUVCSq_pM.mp4?rlkey=qfuo6vffpcsyr1zzk643bfth2&st=b37ncqv3&raw=1	spawn ffmpeg ENOENT
https://www.dropbox.com/scl/fi/zet7ckv4g5sumuyrjkoxg/O9t9_DzT6b-akx8V.mp4?rlkey=0ic5bhumrc1sqfy27uput1l8l&st=4fzu58jf&raw=1	spawn ffmpeg ENOENT
https://www.dropbox.com/scl/fi/ohp6b3gksyx61few6o0nk/o0ZQ2uNa8wOhz7nJ.mp4?rlkey=nasa8extndhbwc399kbhz8bst&st=26wjltj9&raw=1	spawn ffmpeg ENOENT
https://www.dropbox.com/scl/fi/kd2l8oku9hy0vyfov31t2/O0Yy550H7ZVhhQuD.mp4?rlkey=5u8e9khedjmlflt5hx2rpeonq&st=0xa7kmj3&raw=1	spawn ffmpeg ENOENT
https://www.dropbox.com/scl/fi/6v66opjyovg01wpnze051/NzGf5o7CjnbJk-3S.mp4?rlkey=bxecw43rjxwhvt2ad4h238g8n&st=h38qher4&raw=1	spawn ffmpeg ENOENT
https://www.dropbox.com/scl/fi/jzw1kdqnnwget8cyxzqin/nxXuklBv_qajakGI.mp4?rlkey=i1jlguuozj35g44quvwc8a0sx&st=2mqxfbeo&raw=1	spawn ffmpeg ENOENT
https://www.dropbox.com/scl/fi/6wfh9u8nwuznyn6x8fbd3/Nx0FM4XWL_cvZHZW.mp4?rlkey=k99lcaugr6gjzxlahl9ebd5gm&st=bvqk70kw&raw=1	spawn ffmpeg ENOENT
https://www.dropbox.com/scl/fi/cztnxwrxqorvj0t65y0i2/nvApOCpoo_z3tR1m.mp4?rlkey=igb5znd4ca3xfifqr9gnbhc8j&st=ztay43qd&raw=1	spawn ffmpeg ENOENT
https://www.dropbox.com/scl/fi/rxit1s6uguitptrwlwk7r/nV2kMBYXzQnJeHSF.mp4?rlkey=1niobngkqdaoofytkh461v6ut&st=buz8vsio&raw=1	spawn ffmpeg ENOENT
https://www.dropbox.com/scl/fi/33c7gn5xg34lze3htbcaq/nUPdls8yMF2-lSoZ.mp4?rlkey=q243drrov2mqcuxl9bvofi9cy&st=2ivpvb0k&raw=1	spawn ffmpeg ENOENT
https://www.dropbox.com/scl/fi/d9svu311la5cezd2jx3ug/nT5APPzXJLwI9sg8.mp4?rlkey=wbj8j1ugzs0drmxp92ed8jvgj&st=uqixb9ud&raw=1	spawn ffmpeg ENOENT
https://www.dropbox.com/scl/fi/gucwwejelkquiqu0o8qys/nOyJwQzMpGVTDHeX.mp4?rlkey=4qo10j41urjatrkni7te25s9s&st=37jiwd2l&raw=1	spawn ffmpeg ENOENT
https://www.dropbox.com/scl/fi/h2d14orjtlvirongtxwwq/nJLKEc8JsOEe8vBd.mp4?rlkey=t1sp5vu72aky6x5unvl2l97pt&st=npr2789x&raw=1	spawn ffmpeg ENOENT
https://www.dropbox.com/scl/fi/7x1i5xkd5plwqz4veo0ey/nJko64mEJ4jv7YRe.mp4?rlkey=w21ksska94cls7pfnd7guj5w2&st=m6ovs3ov&raw=1	spawn ffmpeg ENOENT
https://www.dropbox.com/scl/fi/u0v829pjm3dtfdixjquji/NGLnSqu60hA_pUu8.mp4?rlkey=gkanhx5aa9a448jz3ywdckcod&st=95oxnqji&raw=1	spawn ffmpeg ENOENT
https://www.dropbox.com/scl/fi/0aesuoeccqo04l0fljfub/neaOe7ffQf5DkLfC.mp4?rlkey=pw15hj5hmopfomo69a0irat5u&st=ydsi4wxt&raw=1	spawn ffmpeg ENOENT
https://www.dropbox.com/scl/fi/42zjnyulml678e3nx4pvj/NC4lKwYT1t2pCP0.mp4?rlkey=s6kwgtr3tlhs2bj1l7kycuuwo&st=wyvsyllm&raw=1	spawn ffmpeg ENOENT
https://www.dropbox.com/scl/fi/3pct41fwzgosv5ics575c/nbgsw_ejlMTOHCjW.mp4?rlkey=it27ds9clur6s6pbp6d7xatsl&st=bcdvq0db&raw=1	spawn ffmpeg ENOENT
https://www.dropbox.com/scl/fi/lmw0tmpve1ssnvgrj9rv8/NbBZVeHZD1zzCiHP.mp4?rlkey=wk3w1kd8zmenvilav27o4mbtj&st=z0g1h2q5&raw=1	spawn ffmpeg ENOENT
https://www.dropbox.com/scl/fi/4p29m0pj5bptstsuybh7l/namGo2WvzsHPWRtM.mp4?rlkey=6q6y29s3kno5ckhbknsneszb6&st=dcnrnhxs&raw=1	spawn ffmpeg ENOENT
https://www.dropbox.com/scl/fi/sdtnson8ox1efc55e58zc/n8SmtlFVHbmk-JWA.mp4?rlkey=sxzv6cb33rvaw3s9xj7b2zpc6&st=timn25e8&raw=1	spawn ffmpeg ENOENT
https://www.dropbox.com/scl/fi/t7l03ikipvuon4asad7fz/n2n2pgl0XxvSr7ZV.mp4?rlkey=jvlk7btsf8jjksodjj4vzu0jq&st=98z3drqo&raw=1	spawn ffmpeg ENOENT
https://www.dropbox.com/scl/fi/dwpc2m4gu3xh5nbzi4iuw/n-YQmycwQ0eHJlwe.mp4?rlkey=6ppc54y383xr0cxbustb97gan&st=2keisiba&raw=1	spawn ffmpeg ENOENT
https://www.dropbox.com/scl/fi/fevibknajeer1pbm053me/N-jW_gKFCl4UjjZ5.mp4?rlkey=ch2c37wfj31omx31hw881ndys&st=eoc5jnav&raw=1	spawn ffmpeg ENOENT
https://www.dropbox.com/scl/fi/lvdwpnkozzv5edcgakp4r/N-_bi1rdBHiFOsoz.mp4?rlkey=sctn0z9pmq02vir9q0q7hwzhf&st=4436oqp4&raw=1	spawn ffmpeg ENOENT
https://www.dropbox.com/scl/fi/40do204rayi5hsmevet0w/mz5il3-bLf92OT95.mp4?rlkey=y5zvawnh2v9mqk0k3i7tj919p&st=n5dar4v1&raw=1	spawn ffmpeg ENOENT
https://www.dropbox.com/scl/fi/87u1752etja7fcra6tlm2/MZ1W122yHu2sEzrW.mp4?rlkey=g0u0hc1n485uzbvlx09kmuql2&st=p9vtqqpw&raw=1	spawn ffmpeg ENOENT
https://www.dropbox.com/scl/fi/2jheccg73cgwq0cm1md7o/My-Biggest-Cumshot-Ever-HYPERSPERMIA-www.saveporn.net.mp4?rlkey=tfm6f07imsd02volgx42jt0y6&st=mu8vxcf8&raw=1	spawn ffmpeg ENOENT
https://www.dropbox.com/scl/fi/tlcrowqpi95919c1eag4i/MxOEYKRhky5il7TA.mp4?rlkey=1e7r4gxe2d34hd0e65pqpnqpt&st=oavoubbn&raw=1	spawn ffmpeg ENOENT
https://www.dropbox.com/scl/fi/vepz3y0k2n7nsdf7krq40/MX8-xOoVOiciv9Sx.mp4?rlkey=ngpuq37pio8amkymun0rkyri6&st=3zz5iiwm&raw=1	spawn ffmpeg ENOENT
https://www.dropbox.com/scl/fi/ltt3e2qe4wxrab9okdxbc/MRmpalJGuius7UEj.mp4?rlkey=yud8814ktla4ximmn979fp4xi&st=xyrfhzzi&raw=1	spawn ffmpeg ENOENT
https://www.dropbox.com/scl/fi/zqu4xpoa4xe8va7pva1mx/Mr55-geRePX1g79E.mp4?rlkey=zp6n0v783kdxc8upq3l0jfsqo&st=yv7hu9oi&raw=1	spawn ffmpeg ENOENT
https://www.dropbox.com/scl/fi/suafilj687ppwnwpowal0/Mqfg0gVJLwmNDueu.mp4?rlkey=km07du5o34dl4gcmrvdzbff4l&st=zrtumr1b&raw=1	spawn ffmpeg ENOENT
https://www.dropbox.com/scl/fi/cwvr70r4vfgspghqfncdk/MN8Log_HtDQEamwp.mp4?rlkey=ql5itzvtquhy0647llkhdslrk&st=iapkyuss&raw=1	spawn ffmpeg ENOENT
https://www.dropbox.com/scl/fi/z1j1w8gm2ombe3huehqa3/Mn0w8H4Nd-0-dM-G.mp4?rlkey=1stvpiuouy2x668lgty92o5qd&st=m29lfbfg&raw=1	spawn ffmpeg ENOENT
https://www.dropbox.com/scl/fi/xmjigkgz3empd43rsz9nb/mLfK4DPWBnuSrIzw.mp4?rlkey=odnm5ubeoa5cwhp41dovp4tv4&st=3vmtvdag&raw=1	spawn ffmpeg ENOENT
https://www.dropbox.com/scl/fi/1ynm9jhagd5o9ybup7z3f/Mj9m0JHC_FPAuxJM.mp4?rlkey=g2p34r0uat7wcqbwblbey04b3&st=bqfdwlfz&raw=1	spawn ffmpeg ENOENT
https://www.dropbox.com/scl/fi/nepjz09wjikev0eq2l4nf/mitchoo_oo-mDo9ph0FAWWPfvtw.mp4?rlkey=0rwbzqdhi5am0m6nvwaqfaz0s&st=rq3ftwxd&raw=1	spawn ffmpeg ENOENT
https://www.dropbox.com/scl/fi/k528p0qfc5af60t1m68zn/MIkKMBWd-pFVkN0C.mp4?rlkey=0bwfp4ac5zbl6ejias2miayc4&st=eltxh3xb&raw=1	spawn ffmpeg ENOENT
https://www.dropbox.com/scl/fi/zvhgel3mxygwa448lvwj2/mI5gzpgPtBdSBKUl.mp4?rlkey=gkmzafoooi3ghhv33p5285og1&st=h0ofjw9k&raw=1	spawn ffmpeg ENOENT
https://www.dropbox.com/scl/fi/chg0uoa6b6grtbllb1ka9/men4men11-X1Ddgik-vIFrYAwO.mp4?rlkey=98p9y0w2rvk6ni98t3ukmohdc&st=5bkjk44h&raw=1	spawn ffmpeg ENOENT
https://www.dropbox.com/scl/fi/e1sku3i8hehg892b3hvxc/men4men11-RZBzycZpmjSRbBaJ.mp4?rlkey=7q2of11kb3iv9ezq7bdruvvvc&st=d52eoyfu&raw=1	spawn ffmpeg ENOENT
https://www.dropbox.com/scl/fi/48yq1xr57gggy2a5ak2x9/men4men11-NyYGMG8DVbxQXZXf.mp4?rlkey=sikc3nk8wxe14w4mv1x2bcq3r&st=gqne6i22&raw=1	spawn ffmpeg ENOENT
https://www.dropbox.com/scl/fi/ssy1qyqj4y1esj4p03k7q/men4men11-m9a8EUT18GtPFAMN.mp4?rlkey=1nx5wtrwanq82glo58ji4q461&st=qxaj8w8f&raw=1	spawn ffmpeg ENOENT
https://www.dropbox.com/scl/fi/8ggk7no9iyha363sj1pg0/men4men11-M3eELEDiX5-TKF8D.mp4?rlkey=r9nkl5wgck0cyepsvu4az85vu&st=zzj7mzb4&raw=1	spawn ffmpeg ENOENT
https://www.dropbox.com/scl/fi/p0dyfyqegqdzwu8hzqzs7/men4men11-J6C-4H_a2sDhyrxk.mp4?rlkey=qi7aaw7shfvvocrjq27xfvc62&st=r4iqtfz7&raw=1	spawn ffmpeg ENOENT
https://www.dropbox.com/scl/fi/v1le7kvcl22u9wi0yk873/men4men11-1931682764140535961-01.mp4?rlkey=m8cuuhtor4nt6ropqpyo4y5ws&st=zwjjku3l&raw=1	spawn ffmpeg ENOENT
https://www.dropbox.com/scl/fi/hermcvcowcv4j70r0s1mk/men4men11-1931682571160604950-01.mp4?rlkey=lhw15zi9j73qmadzgdgahhk9s&st=y6xngmu6&raw=1	spawn ffmpeg ENOENT
https://www.dropbox.com/scl/fi/oy63jax3x8xdtrdx0desp/men4men11-1929798925193535779-01.mp4?rlkey=uuzu9g11hw1ljjrldrska485q&st=o8ip1fge&raw=1	spawn ffmpeg ENOENT
https://www.dropbox.com/scl/fi/w7ajzy7qcfvclihyrrc9j/men4men11-1927695554550583465-01.mp4?rlkey=uk2lci8id76kj8i2l2l5mij9o&st=7x97qzc3&raw=1	spawn ffmpeg ENOENT
https://www.dropbox.com/scl/fi/wkisee1jl3jczfysc2n57/men4men11-1927693662613340626-01.mp4?rlkey=g0uze9wx6wex8x7rm42u5mqzg&st=f9j6noy1&raw=1	spawn ffmpeg ENOENT
https://www.dropbox.com/scl/fi/wub8qi6nc1ny3w68njner/men4men11-9X-e-tJYmj2Ptsn1.mp4?rlkey=87r1clrkvclabc8650x1riyn3&st=4ocjhqsv&raw=1	spawn ffmpeg ENOENT
https://www.dropbox.com/scl/fi/bly46tlm5xphn5duqa5oi/men4men11-03l2FyqmBCCYosAx.mp4?rlkey=ctbepnbm3fx5ju4fsy8df5b92&st=dpl7fbjz&raw=1	spawn ffmpeg ENOENT
https://www.dropbox.com/scl/fi/nwkasl2p5bstzfv2gtejv/men4men11-SA30dlUfDcipduB.mp4?rlkey=2nlzb6xl2a6z2gvirpnn9a93p&st=y7uxivto&raw=1	spawn ffmpeg ENOENT
https://www.dropbox.com/scl/fi/mh7u1o9glxuuhxjl92qeo/mdc4nXe0Ws9qcZA8.mp4?rlkey=necpbf2hluunswnyysfgh9et2&st=5oc5urvt&raw=1	spawn ffmpeg ENOENT
https://www.dropbox.com/scl/fi/jl8c4eqz8ppdlf3g9mmci/MbCuEvNhG-fys0oP.mp4?rlkey=ttnav9jqvf8avlsd2n8eozm65&st=sqx3874w&raw=1	spawn ffmpeg ENOENT
https://www.dropbox.com/scl/fi/fr75i1t014ehwayd263ju/maRIGJEZLtBK5fFJ.mp4?rlkey=fwq7z94rnsmgsixek0idgzxzc&st=obzpvn0y&raw=1	spawn ffmpeg ENOENT
https://www.dropbox.com/scl/fi/o219h0gq893lwbh4f7n0v/maneater2025_20250522.mp4?rlkey=pzdgcfkww5gknb96987yluts9&st=moj46dea&raw=1	spawn ffmpeg ENOENT
https://www.dropbox.com/scl/fi/4s3oyr2gfx1nsftjvbt0y/maneater2025_20250522-1.mp4?rlkey=m2d1xag8uopld1kp7rpianrrn&st=uvqi6s1y&raw=1	spawn ffmpeg ENOENT
https://www.dropbox.com/scl/fi/9l535ekl2e2pih5op0zwu/M7FnXc0bgu31kmCC.mp4?rlkey=1ep5mpk9pietdxt3f4gti5aw1&st=a8conl4r&raw=1	spawn ffmpeg ENOENT
https://www.dropbox.com/scl/fi/yqpzo9ag6rpz9ivwjwecw/lz51anMPj5UqHs5l.mp4?rlkey=zqvb6iaetzlfo9iu0bx4axhpx&st=24j9pxgd&raw=1	spawn ffmpeg ENOENT
https://www.dropbox.com/scl/fi/hdf9kxg2qhkcku1hc2j6w/LybjPf2qJvBv71XW.mp4?rlkey=lhxwaqcyl9th024qgnvkxia0a&st=z62bhpju&raw=1	spawn ffmpeg ENOENT
https://www.dropbox.com/scl/fi/1r540ag2wb61wx3h0yo4x/lvUHeCbnqhlsQuYF.mp4?rlkey=zmt4ebzlrr6zwkvm44cv99zvs&st=ueqlktxf&raw=1	spawn ffmpeg ENOENT
https://www.dropbox.com/scl/fi/qw2cqayteblfl6ry8w2pz/Luke_Rex_XXX-1931451899019960666-01.mp4?rlkey=zlfjthxy90vyp4u9nb1odd8g1&st=xyrx7p5l&raw=1	spawn ffmpeg ENOENT
https://www.dropbox.com/scl/fi/o9kipk8mgxcjpg2uyhceu/lUINlfO6VFGxEisO.mp4?rlkey=xu1c63e7i8z4yz3rfenmljaa6&st=mpiwh3ow&raw=1	spawn ffmpeg ENOENT
https://www.dropbox.com/scl/fi/os5oqe2mdvq1nrzsp0axm/LrV7MNABCgxBtZ5X.mp4?rlkey=jz17lecxegdosaw3bj9i5h0n6&st=tpanebet&raw=1	spawn ffmpeg ENOENT
https://www.dropbox.com/scl/fi/iea7epp4nyi6zx3wdnakd/Lrj0ZhXwP5eTzol9.mp4?rlkey=218r2wuqctnvjxzhqceap6p9u&st=r06x3bzf&raw=1	spawn ffmpeg ENOENT
https://www.dropbox.com/scl/fi/qr16ktwoj309blednnk25/LR9eHuzmqXc1w215.mp4?rlkey=0zm5689ovi1m66wdo007osxhx&st=ml39x3rw&raw=1	spawn ffmpeg ENOENT
https://www.dropbox.com/scl/fi/jcrk7v63bl18z6cgcmv0i/LQGNtbtkNprui7_.mp4?rlkey=sv6net54dkr185hbmudn5obbe&st=y8wn64sp&raw=1	spawn ffmpeg ENOENT
https://www.dropbox.com/scl/fi/aqsohnygn1gai3cjwa28m/lovecumshots_20250608.mp4?rlkey=vibenlv4q4108ukni1z60ht2y&st=kv9t9tav&raw=1	spawn ffmpeg ENOENT
https://www.dropbox.com/scl/fi/g6acgo09buh8at2e85e4w/lovecumshots_20250525.mp4?rlkey=ae4mwewebzxfomat4hc4kwdh2&st=ph5vcpv4&raw=1	spawn ffmpeg ENOENT
https://www.dropbox.com/scl/fi/zffryxdbzcdafa46jl8xz/lovecumshots_20250525-3.mp4?rlkey=5wd9q2pp74o8fbgtwxmqfcga7&st=n976n8sp&raw=1	spawn ffmpeg ENOENT
https://www.dropbox.com/scl/fi/8pzaqhw24kfz7l1vmwfqe/lovecumshots_20250525-2.mp4?rlkey=pk7xjfiy5jwds2drpu1ahr4h6&st=n30f17k8&raw=1	spawn ffmpeg ENOENT
https://www.dropbox.com/scl/fi/76bpcf8z4lb1efbqhgj03/lovecumshots_20250525-1.mp4?rlkey=wxqsexliv2p78lfdgn4elf1x0&st=t764zkmu&raw=1	spawn ffmpeg ENOENT
https://www.dropbox.com/scl/fi/txtrj0l1bq2143rrp2zut/lovecumshots_20250524-2.mp4?rlkey=ieaklo5zf4chlqbdt0yx86mx4&st=4otspk2t&raw=1	spawn ffmpeg ENOENT
https://www.dropbox.com/scl/fi/xxknvif6oz78g1tbn2uwv/lovecumshots_20250524-22.mp4?rlkey=8ktr363douo02w5q7rz4svtwq&st=sjyvdte8&raw=1	spawn ffmpeg ENOENT
https://www.dropbox.com/scl/fi/uxovwp9t9aer7hd1qfgqa/lovecumshots_20250524-21.mp4?rlkey=r0o6rwuzip2u0sby77xte19o1&st=ofts4nj5&raw=1	spawn ffmpeg ENOENT
https://www.dropbox.com/scl/fi/7zwepglnzouyfw5jatrr8/lovecumshots_20250524-18.mp4?rlkey=lc973oxaodf4upufawq3krdl5&st=ai4mgwfa&raw=1	spawn ffmpeg ENOENT
https://www.dropbox.com/scl/fi/pcttkacystrf1ac1jix4g/lovecumshots_20250524-8.mp4?rlkey=s1nqxs9xoous5fjftod3ba81d&st=u6395caf&raw=1	spawn ffmpeg ENOENT
https://www.dropbox.com/scl/fi/wkvaku0idzrbtknqxsg5x/lovecumshots_20250524-7.mp4?rlkey=d0vq49vwwc6vc0l661ang9qrk&st=uv96q61c&raw=1	spawn ffmpeg ENOENT
https://www.dropbox.com/scl/fi/s8e2og4dau3neyq9z9bnb/lovecumshots_20250524-6.mp4?rlkey=cpt59o5oi97cu1xxygapd3x4a&st=mytj4ogz&raw=1	spawn ffmpeg ENOENT
https://www.dropbox.com/scl/fi/gxo2uvae5e3zjsqzr2utr/lovecumshots_20250524-5.mp4?rlkey=9k31wjmba6dz6afgemflx6xjs&st=d81ecb59&raw=1	spawn ffmpeg ENOENT
https://www.dropbox.com/scl/fi/3zzttsuixcygbfpmvez9a/lovecumshots_20250524-4.mp4?rlkey=pca3aefi40qsfdnepaffa22xr&st=5ea2ihxr&raw=1	spawn ffmpeg ENOENT
https://www.dropbox.com/scl/fi/p14kvsh440559g41ufbpw/lovecumshots_20250524-3.mp4?rlkey=5ylleuqp2lkodmhf9adza93s6&st=mp0wqed1&raw=1	spawn ffmpeg ENOENT
https://www.dropbox.com/scl/fi/em8fnabxe80nlls4xbt9t/lovecumshots_20250524-2.mp4?rlkey=j53rqkdme4zwbs441hvjjrlc6&st=ydpqy5tp&raw=1	spawn ffmpeg ENOENT
https://www.dropbox.com/scl/fi/2im6ngxut0mv44qpbmfsy/lovecumshots_20250524-1.mp4?rlkey=0w03bh4cksuxgnmi7se1nhf8n&st=7bz34p08&raw=1	spawn ffmpeg ENOENT
https://www.dropbox.com/scl/fi/0fb61epxideqrdd7hgnnb/lovecumshots_20250523.mp4?rlkey=1bqhckgrcrl6lkh31hhwzot7y&st=ha7es0vz&raw=1	spawn ffmpeg ENOENT
https://www.dropbox.com/scl/fi/molixd4vx9opqmh9mzeyu/lovecumshots_20250523-4.mp4?rlkey=51y4t82ke2rfvbqxhdwfx780g&st=njvjovks&raw=1	spawn ffmpeg ENOENT
https://www.dropbox.com/scl/fi/vpg7s5a68bigk1h7wdpb2/lovecumshots_20250523-3.mp4?rlkey=kz4fgbc7rg2wfpixxnzz9nr8y&st=qzai0jp6&raw=1	spawn ffmpeg ENOENT
https://www.dropbox.com/scl/fi/2hxz6e3lo231j4l150y7i/lovecumshots_20250523-2.mp4?rlkey=2mnbsj9agtdtxrgb4r9c9bbg7&st=6xjipj1q&raw=1	spawn ffmpeg ENOENT
https://www.dropbox.com/scl/fi/4evlj3i4s3wacxasaj9mo/lovecumshots_20250523-1.mp4?rlkey=tdz5rde6wmkmampeae0poirhb&st=dmv0sjff&raw=1	spawn ffmpeg ENOENT
https://www.dropbox.com/scl/fi/rrq4z3hlob1632954erow/lovecumshots_20250522.mp4?rlkey=ez0gk5extq9sswh0pnpv9xqai&st=l5efdwod&raw=1	spawn ffmpeg ENOENT
https://www.dropbox.com/scl/fi/fqlxhyrbgf8cvfbimvr3u/lovecumshots_20250522-1.mp4?rlkey=antbz8s7eh1qot41mtrwbpqne&st=69w8200k&raw=1	spawn ffmpeg ENOENT
https://www.dropbox.com/scl/fi/348ujiamjd2vwssy8lvbq/lovecumshots_20250406-15.mp4?rlkey=pc25mbsm7czv847pq391wdsf4&st=cfm5cdgj&raw=1	spawn ffmpeg ENOENT
https://www.dropbox.com/scl/fi/u43fbjfpjd9901e5xfo7d/lovecumshots_20250406-13.mp4?rlkey=1sxz2lpl6erf4v4hktfu3pwlo&st=geyjaafl&raw=1	spawn ffmpeg ENOENT
https://www.dropbox.com/scl/fi/u3eqkq991p84tnz9tnufp/lovecumshots_20250406-10.mp4?rlkey=exd3a9bblu6287sma51dkggb6&st=ol3mbmjl&raw=1	spawn ffmpeg ENOENT
https://www.dropbox.com/scl/fi/wqgzp8c89f6mxeia9bvqn/lovecumshots_20250406-8.mp4?rlkey=rw4md48ta25jr8f5lc7xuwfim&st=m6w4r8q7&raw=1	spawn ffmpeg ENOENT
https://www.dropbox.com/scl/fi/lc1k5vsbjt5f1k4ptbumn/lovecumshots_20250406-7.mp4?rlkey=nul79pbnjxgeu8qk8m8wi0aym&st=uympa421&raw=1	spawn ffmpeg ENOENT
https://www.dropbox.com/scl/fi/0j585kdeaj899xvibengj/lovecumshots_20250406-5.mp4?rlkey=zvne34l6tg2o67top2xyqkr3y&st=rya8zzf8&raw=1	spawn ffmpeg ENOENT
https://www.dropbox.com/scl/fi/1y2pis9stjimdsxhu8b1q/lovecumshots_20250406-4.mp4?rlkey=bl1h61yz5q5vsuib1qr7h6e1j&st=63opqhqz&raw=1	spawn ffmpeg ENOENT
https://www.dropbox.com/scl/fi/wn76ka5sybw4bbnm80g9x/lovecumshots_20250406-3.mp4?rlkey=85sfzkapsifzf8m90wno0po9n&st=wo3afqtx&raw=1	spawn ffmpeg ENOENT
https://www.dropbox.com/scl/fi/va1y9eoaou0o1mb9v4x38/lovecumshots_20250406-2-3.mp4?rlkey=e8rs22fvenfexcl04mho1ogvb&st=f5h4sk8a&raw=1	spawn ffmpeg ENOENT
https://www.dropbox.com/scl/fi/2v9wu6lf20xnmmol2ghsn/lovecumshots_20250406-1.mp4?rlkey=bf1z9zl39j9mbfg31478wafx2&st=thv8yb5t&raw=1	spawn ffmpeg ENOENT
https://www.dropbox.com/scl/fi/g824j1k1q71la80akzlo2/lovecumshots_20250405.mp4?rlkey=yogknn3ekdfurcj4bxqxq9rpi&st=53nyimsb&raw=1	spawn ffmpeg ENOENT
https://www.dropbox.com/scl/fi/csz9kmbuz0f9udx3f4m33/lovecumshots_20250405-2.mp4?rlkey=8gvb2pfvucltspmfveu15hofm&st=wy4awd95&raw=1	spawn ffmpeg ENOENT
https://www.dropbox.com/scl/fi/8hyc106kjq2b2hyro233d/lovecumshots_20250405-1.mp4?rlkey=jvnjf47onprkzk3iwbeljela3&st=4aiin9pq&raw=1	spawn ffmpeg ENOENT
https://www.dropbox.com/scl/fi/yppvezwcvtmxk9u0y5j83/lovecumshots_20250404.mp4?rlkey=gxq5ukfkq8hq4ou0q0vqlst0d&st=splmlixz&raw=1	spawn ffmpeg ENOENT
https://www.dropbox.com/scl/fi/p1m1vs7ugoegwu5t72zjd/lovecumshots_20250403.mp4?rlkey=48qlbnajbz0wsuqbdhjxmiy56&st=ufy8mu3o&raw=1	spawn ffmpeg ENOENT
https://www.dropbox.com/scl/fi/c06drhvw18p0c7alq6ei9/lovecumshots_20250330-3.mp4?rlkey=2egwp9vzebnokvnlic5rjfml1&st=6qnuc08o&raw=1	spawn ffmpeg ENOENT
https://www.dropbox.com/scl/fi/ev5x7kpoy0budj7ho6595/lovecumshots_20250330-2.mp4?rlkey=9thfeybqfgyjuhak7w50rvw6n&st=nkyeia5e&raw=1	spawn ffmpeg ENOENT
https://www.dropbox.com/scl/fi/excwvp2jspua6ui738z9y/lovecumshots_20250330-1.mp4?rlkey=i6kunt0aq957npp4jk1vr84c1&st=jsk9j0ew&raw=1	spawn ffmpeg ENOENT
https://www.dropbox.com/scl/fi/wi2bbcphisyihf98l915x/lovecumshots_20250324-1.mp4?rlkey=px5gc90dprcf7gfhifdi57tu1&st=sde75qpa&raw=1	spawn ffmpeg ENOENT
https://www.dropbox.com/scl/fi/gy8ppaekxkk91do54uj3e/lovecumshots_20250321.mp4?rlkey=mgrxjt6b5ui4jlutgngazhvl0&st=ybs0t1t6&raw=1	spawn ffmpeg ENOENT
https://www.dropbox.com/scl/fi/e2fn1pdpkkypqekvoakr8/lovecumshots_20250321-1.mp4?rlkey=r95m38gbmxhun6xah04jkkj79&st=qu28799w&raw=1	spawn ffmpeg ENOENT
https://www.dropbox.com/scl/fi/ulp30cgc2jc52k4aqvipb/lovecumshots_20250319-1.mp4?rlkey=p4nkcqhu0yi8x735azfxk8dw6&st=l7apdn54&raw=1	spawn ffmpeg ENOENT
https://www.dropbox.com/scl/fi/lvxpp8xgwhf2dq0k62g0n/lovecumshots_20250318.mp4?rlkey=i4qdmkuplwemmkqut1yr2l8nu&st=nlxgi1qp&raw=1	spawn ffmpeg ENOENT
https://www.dropbox.com/scl/fi/7bp0ytnsg8mnla205szbs/lovecumshots_20250317.mp4?rlkey=frqmtv4aqd0bkqjfkbub8br1c&st=my3lokjd&raw=1	spawn ffmpeg ENOENT
https://www.dropbox.com/scl/fi/n36zijwb4ioqqwmezais7/lovecumshots_20250317-1.mp4?rlkey=bho1gvrpd10jsgbjampd7zrxr&st=ydj2b2t5&raw=1	spawn ffmpeg ENOENT
https://www.dropbox.com/scl/fi/uhvyl3rrs91848fjzr8zi/lovecumshots_20250316.mp4?rlkey=32lpdjuc9fleix1lbouw7yvs3&st=dpmjabsy&raw=1	spawn ffmpeg ENOENT
https://www.dropbox.com/scl/fi/ise7yombud0tqv124am1e/lovecumshots_20250315.mp4?rlkey=spwtlxxbqyu7qwm2q8ulsih6d&st=wvs8f4ad&raw=1	spawn ffmpeg ENOENT
https://www.dropbox.com/scl/fi/fw9f8xw3bzzo8if1lkw51/lovecumshots_20250313.mp4?rlkey=667gmnenwvm9pk4ydqpa62rhp&st=36endci3&raw=1	spawn ffmpeg ENOENT
https://www.dropbox.com/scl/fi/yy9s826wtnj3pl6f1nnpw/lovecumshots_20250309.mp4?rlkey=5ishe609rhg3jcvjmw8cmn2bt&st=h1fbi5mz&raw=1	spawn ffmpeg ENOENT
https://www.dropbox.com/scl/fi/45spm2lmegdtslgwxq0dh/lovecumshots_20250309-2.mp4?rlkey=wjn45e95qtwz7hqzd65ww074b&st=w46ouxzi&raw=1	spawn ffmpeg ENOENT
https://www.dropbox.com/scl/fi/rg2zjm3v5mipuw1xo8nxc/lovecumshots_20250309-1.mp4?rlkey=drypveyfxqi0m0uh4etldxvgb&st=bq7rz30h&raw=1	spawn ffmpeg ENOENT
https://www.dropbox.com/scl/fi/tmzxkcxn23y2sk3e52omw/lovecumshots_20250307.mp4?rlkey=2bdb9nomav2t9z7kun5pfrvoi&st=tks54vpj&raw=1	spawn ffmpeg ENOENT
https://www.dropbox.com/scl/fi/2qj2zr9qmdochwwdsmzny/lovecumshots_20250307-1.mp4?rlkey=1i834ilol5009mfqf4oiv03vz&st=69iba31r&raw=1	spawn ffmpeg ENOENT
https://www.dropbox.com/scl/fi/ce6x4oqyiztsiui4e321v/lovecumshots_20250304-2.mp4?rlkey=yb10vrft9tc0adbb5gno35lcn&st=86x721np&raw=1	spawn ffmpeg ENOENT
https://www.dropbox.com/scl/fi/l09rb18sp1bmdwuh6o9fg/lovecumshots_20250303.mp4?rlkey=j0ci2zdoe58cbw48yziv5gia1&st=63pgrhzh&raw=1	spawn ffmpeg ENOENT
https://www.dropbox.com/scl/fi/lpor2wkts7535qplhwqiz/lovecumshots_20250303-1.mp4?rlkey=1cx358kfn0msgkibytcoixyq0&st=jb62p0ub&raw=1	spawn ffmpeg ENOENT
https://www.dropbox.com/scl/fi/jmkgwk6uod8iaffbxqalk/lovecumshots_20250301-5.mp4?rlkey=p6djsyphtfl2krhnegwsdwdao&st=nhq4pysg&raw=1	spawn ffmpeg ENOENT
https://www.dropbox.com/scl/fi/e90vccic5ctiex34dfikb/lovecumshots_20250228-4.mp4?rlkey=bgf9rvpwtu04jfh6dt4svp0k7&st=7l5f2uvm&raw=1	spawn ffmpeg ENOENT
https://www.dropbox.com/scl/fi/xpf45hb509vhvg9gffcrd/lovecumshots_20250228-2.mp4?rlkey=kim5gc3t1qf1bu4xmj0n568n8&st=ewgcyr9z&raw=1	spawn ffmpeg ENOENT
https://www.dropbox.com/scl/fi/daetxuq5nk5r7emh1ld1b/lovecumshots_20250228-1.mp4?rlkey=3kio6x11pmmf0qvxv3o29u6bi&st=dg39ei1j&raw=1	spawn ffmpeg ENOENT
https://www.dropbox.com/scl/fi/wyyarc0petvv7v7x6g1cj/lovecumshots_20250227.mp4?rlkey=ufftjwr12dnvupljjamd1rb0q&st=ww7kcox4&raw=1	spawn ffmpeg ENOENT
https://www.dropbox.com/scl/fi/gb043vaoy4ie919j6ubse/lovecumshots_20250227-1.mp4?rlkey=bn9rusngovpgypidcxs3ai2yd&st=g0juukmt&raw=1	spawn ffmpeg ENOENT
https://www.dropbox.com/scl/fi/ivnwx7v40rwogl8f9obdf/lovecumshots_20250226.mp4?rlkey=9ga453lgnpkcale1id27bvwrp&st=z9aw4sxz&raw=1	spawn ffmpeg ENOENT
https://www.dropbox.com/scl/fi/egmyg0xyqox0ujextuipt/lovecumshots_20250222-3.mp4?rlkey=u201220dphu3em2cy8zub5vg0&st=skcrqj4k&raw=1	spawn ffmpeg ENOENT
https://www.dropbox.com/scl/fi/hozm4pbih8x2ib5yhpzpv/lovecumshots_20250222-2.mp4?rlkey=ic1jrwk0wr7eo9al7nbjhtn69&st=6bg648a8&raw=1	spawn ffmpeg ENOENT
https://www.dropbox.com/scl/fi/kr75kywwlvonk7b2ifja8/LMv86OJG7S1McGO3.mp4?rlkey=curyl48t1crv7okifd9eb4iq8&st=h9uqqfmd&raw=1	spawn ffmpeg ENOENT
https://www.dropbox.com/scl/fi/k70pxvecjw3hro53koxom/LM4DFtgna98yiwc.mp4?rlkey=m4v2v1ckdgrvin0cd4oh0emcf&st=wfds9rei&raw=1	spawn ffmpeg ENOENT
https://www.dropbox.com/scl/fi/utlnjgnzrtqikqyfrikeq/lk4Jgj8FKm9lsFGx.mp4?rlkey=gld8cxl6rqj1ddii4t8edh3n3&st=5enomd05&raw=1	spawn ffmpeg ENOENT
https://www.dropbox.com/scl/fi/hd5p1f69hf1o2dgtdkgw4/lEvJGf298vK821pI.mp4?rlkey=c05a6o7bxisf9ezm26zyun653&st=kdklm4no&raw=1	spawn ffmpeg ENOENT
https://www.dropbox.com/scl/fi/5kxbfc02wkb3q116fv6f6/lEQKERXaybCa2eCI.mp4?rlkey=a7sd9bmroytr2fpc9wrdj2l6p&st=d8l2di27&raw=1	spawn ffmpeg ENOENT
https://www.dropbox.com/scl/fi/zi6o50wx457oo3pb33fhh/Le8lv28IztokVhuN.mp4?rlkey=urpnvsuah9zs09v9qjz0e5hyx&st=rodawina&raw=1	spawn ffmpeg ENOENT
https://www.dropbox.com/scl/fi/b1dafdkg6lrurynss2w0g/ldGXkU16M103-zyE.mp4?rlkey=ywl6l4mdvydp9u8ytdgihp185&st=xxvfxy2l&raw=1	spawn ffmpeg ENOENT
https://www.dropbox.com/scl/fi/am3by23zgkzxlvwx89x06/ldCl_8y2FhGYdsqL.mp4?rlkey=pe2s19v0ejjo2ovu4n0vulqp7&st=zrk2wiwx&raw=1	spawn ffmpeg ENOENT
https://www.dropbox.com/scl/fi/z40yibr6lcz9pn81hv660/lcVS8BDaepionpcI.mp4?rlkey=jxw0cgbbx75esrmwbgx3ihs1t&st=9gpd5d3g&raw=1	spawn ffmpeg ENOENT
https://www.dropbox.com/scl/fi/i6dkphcpggg89g6jji28t/lBr8jKNFDikjXPrM.mp4?rlkey=swy2r7524icttl4uzpgf94oys&st=hwkzqisy&raw=1	spawn ffmpeg ENOENT
https://www.dropbox.com/scl/fi/1i2z7qhu5l4a2jq2hpolc/l1qC2Sxvhdl2hMtc.mp4?rlkey=tqssxtuf9hnu6cjvjpoy72j1k&st=jun0pp7m&raw=1	spawn ffmpeg ENOENT
https://www.dropbox.com/scl/fi/rr9bncwon52kvkyyqkk1m/KzHLKXecattLq7HD.mp4?rlkey=e73xl2f7ecuwohgmr8u21alec&st=g2l5qklk&raw=1	spawn ffmpeg ENOENT
https://www.dropbox.com/scl/fi/mq98yjclsoi6iwdx8hvlo/kzDRYbTC8tNGTwUR.mp4?rlkey=qoms5gfyspdtdexob2cvr1kdh&st=f37foqrf&raw=1	spawn ffmpeg ENOENT
https://www.dropbox.com/scl/fi/ombb1la8uepp2ce2xnbui/kylesteelex_20241222.mp4?rlkey=d56gdz157z9xqvj4mpjtrr6j4&st=xe76w3fg&raw=1	spawn ffmpeg ENOENT
https://www.dropbox.com/scl/fi/xverg4yh6euxvvvazsaen/Kyk8f47Gedkiu-Ra.mp4?rlkey=sc5zy0rvcnh8vi2is223ssuxm&st=y2122ltk&raw=1	spawn ffmpeg ENOENT
https://www.dropbox.com/scl/fi/afdvycd84d53rktyqb2dz/KXQUJcaOFtIFEi7.mp4?rlkey=dtgph4dodvdfn5g5uh4sbhqrd&st=nn5rf2jg&raw=1	spawn ffmpeg ENOENT
https://www.dropbox.com/scl/fi/hyrf7r4ehgvgswv5kt7pf/KW3QUuOMPeRsro_1.mp4?rlkey=nbq0upl7cgtjxun4foi5lwnmm&st=tkw51t67&raw=1	spawn ffmpeg ENOENT
https://www.dropbox.com/scl/fi/txmc9pjyfytzxmtdzrpv5/KVG5U6Vo0EcfU2Wr.mp4?rlkey=m1vm13whc4hhmefn9poxvjakk&st=ln9bn7rw&raw=1	spawn ffmpeg ENOENT
https://www.dropbox.com/scl/fi/nz776tmz27sgq5rtacb2q/KuFTqSsAKfoLC_XC.mp4?rlkey=y20tk6y0zatkln1ajyo8chdsf&st=qtwxqc8v&raw=1	spawn ffmpeg ENOENT
https://www.dropbox.com/scl/fi/rnz1njbyljidt1wfbrv77/kQ0Y7hPp2VJynooW.mp4?rlkey=40mqpnzbw3u9wzfnq0zrkxpvz&st=d1yvsfoj&raw=1	spawn ffmpeg ENOENT
https://www.dropbox.com/scl/fi/lxrmhyq96ykxfj8b7wcdc/KPeZkx7OB2zm1yaB.mp4?rlkey=qgg9ioh3vh2eo9mdc5wflg6xj&st=ropmmso0&raw=1	spawn ffmpeg ENOENT
https://www.dropbox.com/scl/fi/cn6j0bywo3cbfrdi5d241/kMtxneowmkmkFiGh.mp4?rlkey=2o3u75lgy50sxauqp5n0ekhax&st=50iven9l&raw=1	spawn ffmpeg ENOENT
https://www.dropbox.com/scl/fi/b9jiadwsov7uq4d3sx5r2/KlF89ITqkHU8kgy_.mp4?rlkey=bi8jo77hd2e7uzb14rw2blezs&st=gr258fu1&raw=1	spawn ffmpeg ENOENT
https://www.dropbox.com/scl/fi/u708da0a8p7zbxzsvm2ib/KlCA8-t68Rcvaf_w.mp4?rlkey=no8gub0lae57a90cfeko7zqqg&st=5vk5xffz&raw=1	spawn ffmpeg ENOENT
https://www.dropbox.com/scl/fi/77na41o43osmh240o50fx/kIcnkFLVsSQ0tFhj.mp4?rlkey=4bbud0bk6kyiw9po05i77mjel&st=m3qiwd91&raw=1	spawn ffmpeg ENOENT
https://www.dropbox.com/scl/fi/d78oxohbmovpawq99fsw1/kHwP2GJs_d6A8lD9.mp4?rlkey=ab343vlewx17l5qkmqu3tuzkd&st=ziqpk3ut&raw=1	spawn ffmpeg ENOENT
https://www.dropbox.com/scl/fi/f2o5l7tp4384ndhmcgw32/KF68RIOwellNftE0.mp4?rlkey=cnf4vag1jiwqnbkj46z4m2fxe&st=merdv4on&raw=1	spawn ffmpeg ENOENT
https://www.dropbox.com/scl/fi/1q1f9e6q8jphx37r8unwq/kaixmatty-qqb24pspmVHMVGhI.mp4?rlkey=0f2nwbwjl57vmsilprsbpqub9&st=g6uzpmap&raw=1	spawn ffmpeg ENOENT
https://www.dropbox.com/scl/fi/pj2oijg393cxqnh9vq6dd/K8_KYrZFvEnfqVvo.mp4?rlkey=nhyhohnvluz9upi3z85ty6zlg&st=dyd176cp&raw=1	spawn ffmpeg ENOENT
https://www.dropbox.com/scl/fi/cmmnbs8eoxpxwhqg14deq/Jyfp29j8Rta01NAt.mp4?rlkey=ccwtlxyt3uzhfbau6us8pqp8g&st=pqjgptk2&raw=1	spawn ffmpeg ENOENT
https://www.dropbox.com/scl/fi/lk8tw6cg8m8cu3e8diiyj/JXsY4y20-cHMG8NW.mp4?rlkey=jm3kyaywh4685porgjcmn088k&st=a2vz7hcs&raw=1	spawn ffmpeg ENOENT
https://www.dropbox.com/scl/fi/80yb7u5qx4lzlc90m10vv/JVyvD4tRBnVCPFHQ.mp4?rlkey=a5667mvh2zeisnpscdf0tm9ng&st=aqye3aef&raw=1	spawn ffmpeg ENOENT
https://www.dropbox.com/scl/fi/lajmtmc3nmqqx7nqimwbd/JV5xwRdALYyEhs7E.mp4?rlkey=rx9g5xx9gl1ofpryzfvsojzuc&st=yodft0a8&raw=1	spawn ffmpeg ENOENT
https://www.dropbox.com/scl/fi/xtodt67ogbzod7r8jp8rj/jsScCG6axLlrE-A5.mp4?rlkey=tn8ja4f8axp1fiuwvrk1erbjk&st=pcsca6ze&raw=1	spawn ffmpeg ENOENT
https://www.dropbox.com/scl/fi/hyiqslymijrcdeo0qh3in/jrravwUoBGJc-4If.mp4?rlkey=z5g63dcdbwhwf6udehdmbmuio&st=l6nj70ax&raw=1	spawn ffmpeg ENOENT
https://www.dropbox.com/scl/fi/sq2kikprdvbn0yhk01x32/JQ_2UlsF-LpxFL_8.mp4?rlkey=12vug3hzx1gogh6ds2m12urc4&st=kxqxcr6m&raw=1	spawn ffmpeg ENOENT
https://www.dropbox.com/scl/fi/25bhroo5layxkt4243iyl/jpBe6wa1cbNibewe.mp4?rlkey=pbk9x7h0p7faah2s5psz0u4t4&st=il8dl1fs&raw=1	spawn ffmpeg ENOENT
https://www.dropbox.com/scl/fi/puense10r0hjyafujmxls/jNrtZsw9bk1nvt64.mp4?rlkey=lygir1h7ycuy1zd7gi9wkzsan&st=advy86d9&raw=1	spawn ffmpeg ENOENT
https://www.dropbox.com/scl/fi/lzmh2k0oipkx95ivw2rz7/JN1Yms_C9GoZsGzl.mp4?rlkey=dvs4d8av613oc5adzgja57cgg&st=no2y43mj&raw=1	spawn ffmpeg ENOENT
https://www.dropbox.com/scl/fi/9m64im3yaf5qtm41wmxwa/jmlust_20250220.mp4?rlkey=n4fdk0llqzf8p1f5rn6zn8m5n&st=8yh7aufb&raw=1	spawn ffmpeg ENOENT
https://www.dropbox.com/scl/fi/wpp2nfcdkghv6tmajx0wm/jlaoaXA1ys3jMCQR.mp4?rlkey=3zo6ub70g035hlte3vfvgrfzo&st=z3wn6zaa&raw=1	spawn ffmpeg ENOENT
https://www.dropbox.com/scl/fi/ympo5m4laomh9730n7agq/JiXc9MQ1RK-YVOYS.mp4?rlkey=653jrohzqpp3ljfvlpiuly4pb&st=5411xuj6&raw=1	spawn ffmpeg ENOENT
https://www.dropbox.com/scl/fi/e7mlktoeehpizxbj22zou/jIBu8dP1Dci9NSyP.mp4?rlkey=tikkipqmlgtg1osvad5d7316g&st=25t2nhu4&raw=1	spawn ffmpeg ENOENT
https://www.dropbox.com/scl/fi/s367nfmqaolgbhv7ckywt/jG9AJOrQO2TToB-3.mp4?rlkey=m9zjyt1qxg6oqsgdkqmwr2wwa&st=bk37xfov&raw=1	spawn ffmpeg ENOENT
https://www.dropbox.com/scl/fi/62ddi3tt046bayj6y8u8v/jEDsLFpGyJe05xtc.mp4?rlkey=4n2vmy5pogcg6wof6jk3pl3uj&st=9pxc55zx&raw=1	spawn ffmpeg ENOENT
https://www.dropbox.com/scl/fi/lzmcs96yp5yf2g098nywc/jd8lFiWvo8bFTHE5.mp4?rlkey=omproop2ttbjtntjagmm45458&st=xz4vtean&raw=1	spawn ffmpeg ENOENT
https://www.dropbox.com/scl/fi/x62qlp08r13cw4jw9cgrf/JbhLOB7fnlHxJFqb.mp4?rlkey=gf6i82simmz9yqxrd0mqh3g8a&st=4vgljv6u&raw=1	spawn ffmpeg ENOENT
https://www.dropbox.com/scl/fi/y046w0lffrw3y2g3zhbft/JAMr7kJ3d-sdTGrQ.mp4?rlkey=enful9m287h5y0nat1fz6dyjn&st=w82q81ff&raw=1	spawn ffmpeg ENOENT
https://www.dropbox.com/scl/fi/yfofvv485xmdevfl9x0uo/jafm-1-BoyFriendTV.com.mp4?rlkey=qr495acm69expbadmhqz5jlws&st=77pm54zp&raw=1	spawn ffmpeg ENOENT
https://www.dropbox.com/scl/fi/a9b0vv5cw8nvmr0igt8ue/jacckink-M5A_jNSMxLs2jXUG.mp4?rlkey=t2gi9clj161b8h1hgw7r17v79&st=h3smnzfd&raw=1	spawn ffmpeg ENOENT
https://www.dropbox.com/scl/fi/8excd49pje0elaw31xou0/j72HVFoYp2cEj8Ho.mp4?rlkey=7airozva1dtku8wph5wtwgvv3&st=rsst47af&raw=1	spawn ffmpeg ENOENT
https://www.dropbox.com/scl/fi/60v7owevaecwl5pjrv8f0/J8lgD7uLemsf_sJ7.mp4?rlkey=647yvg1vsmgxib4gtr6s4s12q&st=hgs5q2kg&raw=1	spawn ffmpeg ENOENT
https://www.dropbox.com/scl/fi/z50j5zxywbswji5roxyj7/J_KvYfZ2_Z_COdGn.mp4?rlkey=das87x8vm55scwabii8wcojtp&st=gs3s6jce&raw=1	spawn ffmpeg ENOENT
https://www.dropbox.com/scl/fi/8s0xivj2zc944dwu3ohl9/iyDDYU_wBtXnxUdp.mp4?rlkey=nasorv2ufsdtm6ppajves5qqd&st=xuer0zda&raw=1	spawn ffmpeg ENOENT
https://www.dropbox.com/scl/fi/g74f4b44bvvxq45dxv28x/iXMjltdcRgNjsV47.mp4?rlkey=m4x4c2x14hsa4zv4zjdrzitn4&st=4ij8y3fp&raw=1	spawn ffmpeg ENOENT
https://www.dropbox.com/scl/fi/nrdjsmclwz7ddasp7l5no/ivNg-9vmecG9tqnG.mp4?rlkey=yvjbglbf2qiyaga0ohfr9j84n&st=64ib5g20&raw=1	spawn ffmpeg ENOENT
https://www.dropbox.com/scl/fi/jzhqxhhymkd5ijl39tz3f/ITVlTJmgyktj8Ng1.mp4?rlkey=ucxiz7th077l6unq4ipscqrwu&st=pfxaxio5&raw=1	spawn ffmpeg ENOENT
https://www.dropbox.com/scl/fi/bdvmcdm0xgvwfinuiyml8/itsmateomarquez_20250127.mp4?rlkey=e8klneuw1jkeulxpzzg6jzrdm&st=cqrghkqe&raw=1	spawn ffmpeg ENOENT
https://www.dropbox.com/scl/fi/yodjw3t4ivndfumwro37b/iTopUJgUriIpThne.mp4?rlkey=916xc5zyvz2b9vjgkkbs865lz&st=jub477o0&raw=1	spawn ffmpeg ENOENT
https://www.dropbox.com/scl/fi/wmwe8tz8uguc3iwf24wd3/IrGz1NdHC7PKDpIP.mp4?rlkey=boz1opjkzr7z8lz9y3e73ai3j&st=ii6ixx2v&raw=1	spawn ffmpeg ENOENT
https://www.dropbox.com/scl/fi/vlx7x5c04io8encziof9n/IMG_1497.mp4?rlkey=9yklgghm542xb2kn544esqk8i&st=k00rhoen&raw=1	spawn ffmpeg ENOENT
https://www.dropbox.com/scl/fi/9h5jl1s4zhpc0k4nv6w3o/IMG_1494.mp4?rlkey=hh7u5xz8njzo9gk9pf6xnmocj&st=3jsn1xa8&raw=1	spawn ffmpeg ENOENT
https://www.dropbox.com/scl/fi/mr9k9eobw2wne9aahtqhe/IMG_1467.mp4?rlkey=7atzbooi2er30a2nsyj0lkiwh&st=ti8raugy&raw=1	spawn ffmpeg ENOENT
https://www.dropbox.com/scl/fi/qfif6n5oozcix3ueikkxe/IMG_1465.mp4?rlkey=ita48bht1u1jsrk73muzdgbw1&st=r4oblw2x&raw=1	spawn ffmpeg ENOENT
https://www.dropbox.com/scl/fi/dbpb9jrqgn2he22tfe3dj/IMG_1463.mp4?rlkey=5hqn3mhjc8oxamqdo3grdbeub&st=rjrn6ehb&raw=1	spawn ffmpeg ENOENT
https://www.dropbox.com/scl/fi/iik2tgy03v3w7ymnfcvub/IMG_1459.mp4?rlkey=rwphn7s6o3v61i10jmmwcnltz&st=z7quvt1i&raw=1	spawn ffmpeg ENOENT
https://www.dropbox.com/scl/fi/d3cs4mb88i1u9pvvjin4x/IMG_1457.mp4?rlkey=haaerupkpacz05df43rkcjbsu&st=zfuutr5c&raw=1	spawn ffmpeg ENOENT
https://www.dropbox.com/scl/fi/4w8os1knizi46l7ou2ixs/IMG_1456.mp4?rlkey=ve7xk1orygshi168w7m75s5jy&st=o3oobo7z&raw=1	spawn ffmpeg ENOENT
https://www.dropbox.com/scl/fi/pnu4vl10e39fno6j4corn/IMG_1454.mp4?rlkey=zg1m72gpwrt46cjrqbjf14fat&st=3t0b3pft&raw=1	spawn ffmpeg ENOENT
https://www.dropbox.com/scl/fi/48tr9rp9y7zswip9kedj5/IMG_1452.mp4?rlkey=i1gbx14qtm06jwsufgdmp68fb&st=y6hqb4ae&raw=1	spawn ffmpeg ENOENT
https://www.dropbox.com/scl/fi/28ca8krz12tqaang1lwpy/IMG_1449.mp4?rlkey=1hlf1tm8vh1wnblo540b942db&st=vkf1soy3&raw=1	spawn ffmpeg ENOENT
https://www.dropbox.com/scl/fi/wbcz1pempso0b9av0n9vt/IMG_1446.mp4?rlkey=wkbko57ik3j0cr0nyyb0opqwt&st=zqkcebks&raw=1	spawn ffmpeg ENOENT
https://www.dropbox.com/scl/fi/tnnveod2sbfi34ny3e2a3/IMG_1445.mp4?rlkey=uwrevmvgbavbnicv2q5v24ymq&st=lrm40iyp&raw=1	spawn ffmpeg ENOENT
https://www.dropbox.com/scl/fi/4au0rh5c8tsbmu8qnxhk6/IMG_1444.mp4?rlkey=5hqa3cdd972i06pzkfas8pt03&st=hd0pu6kr&raw=1	spawn ffmpeg ENOENT
https://www.dropbox.com/scl/fi/4ihxeu5c75tt8rhx4nyhy/IMG_1443.mp4?rlkey=vqzkkkpd56gswcucq58573trx&st=vip0kalw&raw=1	spawn ffmpeg ENOENT
https://www.dropbox.com/scl/fi/aafw9jr2f7czqoxjr2ffe/IMG_1441.mp4?rlkey=gxoebx6eukgme14op4s6o35eu&st=o9xg84oo&raw=1	spawn ffmpeg ENOENT
https://www.dropbox.com/scl/fi/1fivhnqhc6e8j54r2zq5n/IMG_1440.mp4?rlkey=3pkxbr9n7dc2y74kr67djcmlg&st=yetwa19u&raw=1	spawn ffmpeg ENOENT
https://www.dropbox.com/scl/fi/uds5kj3cbylw8re8hbpos/IMG_1437.mp4?rlkey=kxpk3jr5fv2yqty6fq5u4suro&st=hc8zsp4l&raw=1	spawn ffmpeg ENOENT
https://www.dropbox.com/scl/fi/ffhkbg90ds1snj99g3iml/IMG_1432.mp4?rlkey=7r3fmgwpuacx7vgi4dqktj4op&st=xmdg7ox7&raw=1	spawn ffmpeg ENOENT
https://www.dropbox.com/scl/fi/tbodw68yygssbs0z7m6fc/IMG_1430.mp4?rlkey=prl5tktjfrzgk622gh7fzvctr&st=8tylfwwq&raw=1	spawn ffmpeg ENOENT
https://www.dropbox.com/scl/fi/1y0fjbpbalzhb6yeyz8p6/IMG_1429.mp4?rlkey=cw0skdsyalebl1q1ms3cplb2t&st=ef6apv95&raw=1	spawn ffmpeg ENOENT
https://www.dropbox.com/scl/fi/hfmeb9dtzfjuc5vv9uxpi/IMG_1426.mp4?rlkey=isz7kipki39uvt26llbvw6k6j&st=ck6sk6ut&raw=1	spawn ffmpeg ENOENT
https://www.dropbox.com/scl/fi/fyup9u5eju4xp8bmvfxww/IMG_1425.mp4?rlkey=nqw1d0f5l3wqugem08bff1pcb&st=y5vasep2&raw=1	spawn ffmpeg ENOENT
https://www.dropbox.com/scl/fi/lmf3d6luy9isn1nxm6gfb/IMG_1424.mp4?rlkey=lm431tug7tx1odyiukubnp6f4&st=4p832hop&raw=1	spawn ffmpeg ENOENT
https://www.dropbox.com/scl/fi/qdtnv5ggret7ccuiraffo/IMG_1423.mp4?rlkey=9ko8h8v681f6vf0roggfywp61&st=afn6xgma&raw=1	spawn ffmpeg ENOENT
https://www.dropbox.com/scl/fi/l2pngxjg1zagx451s418v/IMG_1421.mp4?rlkey=3ol795xdzpxttksjjr63b2qtl&st=rafjl3ae&raw=1	spawn ffmpeg ENOENT
https://www.dropbox.com/scl/fi/3jx30sa4jgdlnu0c3g4io/IMG_1416.mp4?rlkey=1rr4nwrpwdh2ooyp2dyy6tvgi&st=cjbsgfps&raw=1	spawn ffmpeg ENOENT
https://www.dropbox.com/scl/fi/gtpsi78a0kyf7lmmmotzc/IMG_1414.mp4?rlkey=zhf1zmsmu324s7in7farjwvwe&st=dquav7dg&raw=1	spawn ffmpeg ENOENT
https://www.dropbox.com/scl/fi/hz631md0wuym58err3df1/IMG_1413.mp4?rlkey=xrd5kuapw5xwv1anjxvau7suy&st=f0xb77uf&raw=1	spawn ffmpeg ENOENT
https://www.dropbox.com/scl/fi/oeirv9j1zywg3x2c7h7yw/IMG_0574.mp4?rlkey=au79991cnh2fhu2mp9gn2pjfy&st=90018eas&raw=1	spawn ffmpeg ENOENT
https://www.dropbox.com/scl/fi/r2bkzcszqhkvy8im79zwf/IMG_0563.mp4?rlkey=6h01w22ankw7icbpblawx51mc&st=f9khnmvy&raw=1	spawn ffmpeg ENOENT
https://www.dropbox.com/scl/fi/h5bda1ffttwt5nfb46mhr/IMG_0562.mp4?rlkey=wj79eu9gxtj4tvp79dlgfajp3&st=cpxpfsw0&raw=1	spawn ffmpeg ENOENT
https://www.dropbox.com/scl/fi/g9d58mdohgqldliqpj4ij/IMG_0553.mp4?rlkey=7ocyq7lmtvi6fj12k5mlufrxr&st=wpz1slnm&raw=1	spawn ffmpeg ENOENT
https://www.dropbox.com/scl/fi/ix68k00lojafi2ehjq6cx/IMG_0545.mp4?rlkey=khmcq2e3rjnz1g0h7fssojyk5&st=yn3jlxyo&raw=1	spawn ffmpeg ENOENT
https://www.dropbox.com/scl/fi/o436w8enqbyedscw9p0k7/IMG_0543.mp4?rlkey=9qmgg998sugvvhgupwwv7bh97&st=jb3pf0ut&raw=1	spawn ffmpeg ENOENT
https://www.dropbox.com/scl/fi/ruq8s24robee9ak52guyf/IMG_0540.mp4?rlkey=75v1txht9t4zwrulya6ryoy4y&st=drmvwo6e&raw=1	spawn ffmpeg ENOENT
https://www.dropbox.com/scl/fi/c825cdat2r0uzobn5mrg6/IMG_0539.mp4?rlkey=3dx1u366l80xlsirz6ibm40m1&st=j2vaz53d&raw=1	spawn ffmpeg ENOENT
https://www.dropbox.com/scl/fi/zatli1tpxlpsyj6odfdyr/IMG_0479.mp4?rlkey=vatcvnv8vjcgd3m83bh6li19t&st=6na1p0zr&raw=1	spawn ffmpeg ENOENT
https://www.dropbox.com/scl/fi/hlzo9vhptrzljxwl9kl63/IMG_0477.mp4?rlkey=yndlt7j3u201nsd0wqu8gjvge&st=c2pck8yj&raw=1	spawn ffmpeg ENOENT
https://www.dropbox.com/scl/fi/i2fjtcp0m1o8zd4e1vs60/IMG_0471.mp4?rlkey=lxdkjwqgovsckkd8jaut0a2wq&st=tmhhrz55&raw=1	spawn ffmpeg ENOENT
https://www.dropbox.com/scl/fi/6cq3fmfvolg5xab5ccwc3/IMG_0463.mp4?rlkey=j0i7kddawwed64dbxeafpqhcw&st=nr7an6d5&raw=1	spawn ffmpeg ENOENT
https://www.dropbox.com/scl/fi/z2aj9tby4qlofkdvxym5a/IMG_0462.mp4?rlkey=fcqss8047y22s03bwqr59lci7&st=5iqx4lsg&raw=1	spawn ffmpeg ENOENT
https://www.dropbox.com/scl/fi/o7d1qt2qmtdc8qikputft/IMG_0460.mp4?rlkey=cpkyu5d4fyu085zfnite587gq&st=jhkzwadn&raw=1	spawn ffmpeg ENOENT
https://www.dropbox.com/scl/fi/zjo74mo56v3qyn20bra2d/IMG_0457.mp4?rlkey=mq0ddgkzi4123j2srgs7ftqew&st=4j4znea3&raw=1	spawn ffmpeg ENOENT
https://www.dropbox.com/scl/fi/qeoygj65v0y7k1pnlgqe7/IMG_0448.mp4?rlkey=9j0zinlu5fsjj6fagrt5k17ow&st=fu7joa8n&raw=1	spawn ffmpeg ENOENT
https://www.dropbox.com/scl/fi/opfllw6v5f1a3acp7moy1/IMG_0444.mp4?rlkey=wii9j29t5m8v89run9uqlcfdw&st=o4shx57i&raw=1	spawn ffmpeg ENOENT
https://www.dropbox.com/scl/fi/wp9n3hwmmvw8y3ru9br6e/IMG_0434.mp4?rlkey=k9cd6f95lealplkk99cmx0c0t&st=eu4rgreq&raw=1	spawn ffmpeg ENOENT
https://www.dropbox.com/scl/fi/lgx4kb3oqbwrfatekmqy6/IMG_0433.mp4?rlkey=xpdegp65pnwjfpvg5frzav75a&st=oj0o95ix&raw=1	spawn ffmpeg ENOENT
https://www.dropbox.com/scl/fi/i4ruiqh6qkeiazio45djm/IMG_0422.mp4?rlkey=gazny9ckh2sw3rf9s6cw01khg&st=ypomg22q&raw=1	spawn ffmpeg ENOENT
https://www.dropbox.com/scl/fi/nzanc2eoh6h0fu5kcqmip/IMG_0418.mp4?rlkey=vaoxs6nryga6ecaxwohggzl2l&st=1pbr6wur&raw=1	spawn ffmpeg ENOENT
https://www.dropbox.com/scl/fi/og5aa3v7200iuod3oi4yp/IMG_0408.mp4?rlkey=19l9caeg9i38bxsm6qn0d0drf&st=m9csogvr&raw=1	spawn ffmpeg ENOENT
https://www.dropbox.com/scl/fi/2ekqv4unf3in1b83nxnm8/IMG_0395.mp4?rlkey=kok0u8epgyaxoab3xfus1omec&st=f7d1ae4m&raw=1	spawn ffmpeg ENOENT
https://www.dropbox.com/scl/fi/u8ffnzcux5cea3ytar9jt/IMG_0394.mp4?rlkey=b6ufpafkrl02jwcof1j4v4nt8&st=avq6ze0u&raw=1	spawn ffmpeg ENOENT
https://www.dropbox.com/scl/fi/9ptxm364zira6zzrxddqu/IMG_0391.mp4?rlkey=gh3vfnwarfvvcpizrsl4ekpxt&st=fa7kf73i&raw=1	spawn ffmpeg ENOENT
https://www.dropbox.com/scl/fi/r2am0xjae4j1g4v603vc8/IMG_0390.mp4?rlkey=7cga17k2untjndi4fq6e22oso&st=gyrenlzv&raw=1	spawn ffmpeg ENOENT
https://www.dropbox.com/scl/fi/kxdo9nszrgtf5sutt4648/IMG_0385.mp4?rlkey=02337y3pi8y0tgrbvfy7y3wuv&st=4iw8rbm6&raw=1	spawn ffmpeg ENOENT
https://www.dropbox.com/scl/fi/a94bx9hs1a2qt5vee0bcn/IMG_0376.mp4?rlkey=60ayt399lnoyfxt7thmrmv0k0&st=nyipwy27&raw=1	spawn ffmpeg ENOENT
https://www.dropbox.com/scl/fi/jvrb8xgu43uw0boh55o3t/IMG_0375.mp4?rlkey=pw30e5jxmj7607wm1f35reuga&st=3eanlaq0&raw=1	spawn ffmpeg ENOENT
https://www.dropbox.com/scl/fi/mycsdbl5pj0qubxlv31cr/IMG_0374.mp4?rlkey=8r8et9m8moh6tmjgbffohsnd0&st=fioci9nn&raw=1	spawn ffmpeg ENOENT
https://www.dropbox.com/scl/fi/zh85b3g3gb3ddbbgqicaf/IMG_0360.mp4?rlkey=n3sucvqv5geezf03eva9fepjb&st=94l1inw4&raw=1	spawn ffmpeg ENOENT
https://www.dropbox.com/scl/fi/mof4wg9bmk79zt6w67bxf/IMG_0356.mp4?rlkey=xlf06b002osx7an73wxy6ucad&st=ok3pslzm&raw=1	spawn ffmpeg ENOENT
https://www.dropbox.com/scl/fi/me0mjas8ouyw5wseg8mx5/IMG_0355.mp4?rlkey=geh9ajjzrz90gevl5jkjupkg8&st=3dh67nii&raw=1	spawn ffmpeg ENOENT
https://www.dropbox.com/scl/fi/iboo0thlkjatib84qhlor/IMG_0354.mp4?rlkey=chbiyy25l53jpedjb97u2oe94&st=6xv4026p&raw=1	spawn ffmpeg ENOENT
https://www.dropbox.com/scl/fi/2jowsdhfv4wgtj7vxp7c7/IMG_0354-3.mp4?rlkey=xvljzosbb3x4u2r8yaoaec63d&st=gbwrq032&raw=1	spawn ffmpeg ENOENT
https://www.dropbox.com/scl/fi/cef782eu98dahd7qy95pf/IMG_0353-2.mp4?rlkey=yebi7mtjmcd40pkfg1ka8ztix&st=pbwvqzh7&raw=1	spawn ffmpeg ENOENT
https://www.dropbox.com/scl/fi/19iqk6z0j3u9epmp26q99/IMG_0351-2.mp4?rlkey=fut0sh50i8oqp7l3q7q561xdp&st=s86am38o&raw=1	spawn ffmpeg ENOENT
https://www.dropbox.com/scl/fi/eh89b2i39ls7abeasnptl/IMG_0350-2.mp4?rlkey=e8wg90w7299cbfs9t0yrz9ofz&st=3ofhhtg9&raw=1	spawn ffmpeg ENOENT
https://www.dropbox.com/scl/fi/7d5wh1hf8xokqgeg8ixp3/IMG_0349.mp4?rlkey=w7kj5kr7zi6yeuhw2hym5k0nw&st=m7sa7414&raw=1	spawn ffmpeg ENOENT
https://www.dropbox.com/scl/fi/bwuj9ohshu6a21k2ryr7v/IMG_0348-2.mp4?rlkey=awwcut6n4joo9a5vy6n98h0vw&st=7bpqmb6y&raw=1	spawn ffmpeg ENOENT
https://www.dropbox.com/scl/fi/kvrb0dloga5ur7gcwsl1v/IMG_0347-2.mp4?rlkey=u8f93u8c4szu3s296hfpo2v9m&st=u43s1qm7&raw=1	spawn ffmpeg ENOENT
https://www.dropbox.com/scl/fi/30ljkec3lia6am3ezqvnz/IMG_0346.mp4?rlkey=8fdkq7f89ib6yoje9lyyduhqx&st=cvu5pgmk&raw=1	spawn ffmpeg ENOENT
https://www.dropbox.com/scl/fi/iovt52lxreuf6kzym7mb8/IMG_0344-2.mp4?rlkey=trcl4bhofbklw09tjz2w5nmzc&st=efjwdbmd&raw=1	spawn ffmpeg ENOENT
https://www.dropbox.com/scl/fi/7m22wzrjaou3hjqm2www6/IMG_0343.mp4?rlkey=7wohcesw88i2iblmjwoucniex&st=6mc6hgyu&raw=1	spawn ffmpeg ENOENT
https://www.dropbox.com/scl/fi/7moonek95ets43zxus7fp/IMG_0343-3.mp4?rlkey=pup3rkgi6j39lt7ravlol15be&st=9tq37ey0&raw=1	spawn ffmpeg ENOENT
https://www.dropbox.com/scl/fi/n0v66trljtf94vrk5ikfg/IMG_0342.mp4?rlkey=t7ogwfjpyi6rigwil8v6sft2h&st=v1o458wf&raw=1	spawn ffmpeg ENOENT
https://www.dropbox.com/scl/fi/n97dx703f71woxfim2j4g/IMG_0341.mp4?rlkey=k61lmj7rueozrf2gwsdpr9qbl&st=1zqlffcf&raw=1	spawn ffmpeg ENOENT
https://www.dropbox.com/scl/fi/j7e9lzrehms6gtxoqg1tz/IMG_0341-2.mp4?rlkey=dp97sm0p5xz86o9jgqj7p6oua&st=ptihhcrw&raw=1	spawn ffmpeg ENOENT
https://www.dropbox.com/scl/fi/5zybfdfveo8j2l4phpodn/IMG_0340.mp4?rlkey=6pfrc01cgdcgsuplx7svcxsfg&st=5wuurewc&raw=1	spawn ffmpeg ENOENT
https://www.dropbox.com/scl/fi/i393nri7971ht53apmmnw/IMG_0339.mp4?rlkey=8ttk5ii5so07lbx9gmftw8yuz&st=engu42ww&raw=1	spawn ffmpeg ENOENT
https://www.dropbox.com/scl/fi/407g8ali8cpcp750bln0v/IMG_0338.mp4?rlkey=dpnqv3n894szk0tvzsaq8ldj9&st=3alx9way&raw=1	spawn ffmpeg ENOENT
https://www.dropbox.com/scl/fi/m45bn06kw00k8ajftsn9g/IMG_0337-2.mp4?rlkey=43idygl84aqenc3jyn4uq61mn&st=s02xj0d6&raw=1	spawn ffmpeg ENOENT
https://www.dropbox.com/scl/fi/1lpasv00vwndz3onyp76n/IMG_0335.mp4?rlkey=8bnm3n8xvvp2xgrs0rdeeztyo&st=fwo64m4x&raw=1	spawn ffmpeg ENOENT
https://www.dropbox.com/scl/fi/41la36bryprbk0nvemkjj/IMG_0335-2.mp4?rlkey=rw2bxof2yic6tr0mufwv4psnr&st=t2garfuw&raw=1	spawn ffmpeg ENOENT
https://www.dropbox.com/scl/fi/fnb95ppwm3hfqpjht357y/IMG_0334.mp4?rlkey=j2x0upalnoywhj0o7vjky3hzv&st=7wddmvwy&raw=1	spawn ffmpeg ENOENT
https://www.dropbox.com/scl/fi/sawtly801ylpahiwoizvu/IMG_0332-2.mp4?rlkey=01gpj831e7f95xtvsv05aee9u&st=gy0rn3s2&raw=1	spawn ffmpeg ENOENT
https://www.dropbox.com/scl/fi/53cxebvsbtmcpdtdxuegs/IMG_0331.mp4?rlkey=9m7p8abw8pww7u37tce754fb2&st=kat8x4ft&raw=1	spawn ffmpeg ENOENT
https://www.dropbox.com/scl/fi/625fuxvkw2otum0jzrcil/IMG_0331-2.mp4?rlkey=vxis21lzeobtppavdex9k1w5n&st=79fgo1lz&raw=1	spawn ffmpeg ENOENT
https://www.dropbox.com/scl/fi/40dpdnt5irfi81s528zxt/IMG_0330.mp4?rlkey=2n1i392ozlf8ozvsdrrc16tv7&st=c91mxugt&raw=1	spawn ffmpeg ENOENT
https://www.dropbox.com/scl/fi/69a5lntaz5nhlb480p3o2/IMG_0328.mp4?rlkey=sm7ynvpmiake29say5hbgh9f1&st=3ek3up5z&raw=1	spawn ffmpeg ENOENT
https://www.dropbox.com/scl/fi/eysec1gsbntxmhca7vf99/IMG_0327.mp4?rlkey=f5b5tj6adubkwet5ij8a7yrdl&st=uo90c6ek&raw=1	spawn ffmpeg ENOENT
https://www.dropbox.com/scl/fi/8p6r45wprrek40x7xzu1q/IMG_0325.mp4?rlkey=hsdjcg6nzo6vfhpptmnc9jf5k&st=i49y63mj&raw=1	spawn ffmpeg ENOENT
https://www.dropbox.com/scl/fi/6h1lzuc1ps5zdcbc73ukc/IMG_0322.mp4?rlkey=67mvvt80zwlv86mxqktmf5mey&st=hwi82qzk&raw=1	spawn ffmpeg ENOENT
https://www.dropbox.com/scl/fi/vx6sbatr30gyz62uilya7/IMG_0322-3.mp4?rlkey=ht6q1bsuvvd2jqdi372z5p03n&st=fyf77yvn&raw=1	spawn ffmpeg ENOENT
https://www.dropbox.com/scl/fi/6864iehlbuq2k7kah6znn/IMG_0321.mp4?rlkey=g0ctj5f66uv16b0f1vm7xwt22&st=6jsedcz6&raw=1	spawn ffmpeg ENOENT
https://www.dropbox.com/scl/fi/1dth825qoubxlh7w5ac45/IMG_0321-4.mp4?rlkey=ec0yfo7ncqqqr5mtmg5bbyrit&st=4xyfi17p&raw=1	spawn ffmpeg ENOENT
https://www.dropbox.com/scl/fi/w6d41rf43utfqymg2tzej/IMG_0321-3.mp4?rlkey=fk8qfyvqcc02x5txg12yokk5h&st=xff7b0gs&raw=1	spawn ffmpeg ENOENT
https://www.dropbox.com/scl/fi/9bfeyzn91khcno10ms5rd/IMG_0320-2.mp4?rlkey=sj25x56ghk5x8k7vf5s0qx5lo&st=arcx3aa3&raw=1	spawn ffmpeg ENOENT
https://www.dropbox.com/scl/fi/ptlut248jb8jpfx0w0kv8/IMG_0319-3.mp4?rlkey=m2ftebr6w5kp0wrezv56o3p7h&st=7t8go46u&raw=1	spawn ffmpeg ENOENT
https://www.dropbox.com/scl/fi/nql1ptvwvja2zh8crydf5/IMG_0319-2.mp4?rlkey=uq4ldj0rwsnynh6sjzfj8yzm3&st=jhjjuh9x&raw=1	spawn ffmpeg ENOENT
https://www.dropbox.com/scl/fi/ue4b7bfex8z9iybtnelwe/IMG_0318-2.mp4?rlkey=4wvsngsbqri2nc2df0e153jwn&st=854xrjnf&raw=1	spawn ffmpeg ENOENT
https://www.dropbox.com/scl/fi/y2xk089qvbyxmd9j9fn9d/IMG_0317.mp4?rlkey=o01a4gnd7uzbqhu5nn86mis2r&st=aan22jga&raw=1	spawn ffmpeg ENOENT
https://www.dropbox.com/scl/fi/mmckkseiimtrjtwmcoq3c/IMG_0317-2.mp4?rlkey=3fharl8ah5kj04w0ufarbgshb&st=dynxgckv&raw=1	spawn ffmpeg ENOENT
https://www.dropbox.com/scl/fi/bjt34zsmr26w8kcf8vru4/IMG_0316.mp4?rlkey=j3fhherji8awe3if0s2w3k6z2&st=9egsdi69&raw=1	spawn ffmpeg ENOENT
https://www.dropbox.com/scl/fi/g8z47aig36djmpd8f4ii4/IMG_0315.mp4?rlkey=fw2azesu84467uye3fj9pah8m&st=aizcbiz1&raw=1	spawn ffmpeg ENOENT
https://www.dropbox.com/scl/fi/q5q1epmotjp8l0od6o1sd/IMG_0314.mp4?rlkey=jh5397krbccvb2sogr8a6pkqn&st=x4uqjnff&raw=1	spawn ffmpeg ENOENT
https://www.dropbox.com/scl/fi/8kil3ho5xcuu0eq81vdje/IMG_0314-2.mp4?rlkey=pdl47gltepsut40pngut5o67a&st=63x1kusb&raw=1	spawn ffmpeg ENOENT
https://www.dropbox.com/scl/fi/js0iqndxyn7l5hqzg5g9y/IMG_0313.mp4?rlkey=ccwy6z3zarj69qmfjkxxsemof&st=ru1pygsb&raw=1	spawn ffmpeg ENOENT
https://www.dropbox.com/scl/fi/uosc3ifw0cbw8xqqgj3s7/IMG_0313-2.mp4?rlkey=a7qvx7n3ucdgwyxbiaauqpj3q&st=5pfsyrzy&raw=1	spawn ffmpeg ENOENT
https://www.dropbox.com/scl/fi/il2wpnfh51k1zxh3p926w/IMG_0312.mp4?rlkey=vusmcgznbttpa1qyc4a7u108a&st=80d9ajyk&raw=1	spawn ffmpeg ENOENT
https://www.dropbox.com/scl/fi/lox4qmgdcp1ecrwoxlqis/IMG_0312-4.mp4?rlkey=lfmd9z950v2fmvsj5pe6u6171&st=l1k5e07q&raw=1	spawn ffmpeg ENOENT
https://www.dropbox.com/scl/fi/t0hvalzf8vzmzyto8usn8/IMG_0310.mp4?rlkey=1mpd0tf4j0a4qounm6tfirb8q&st=4564aimd&raw=1	spawn ffmpeg ENOENT
https://www.dropbox.com/scl/fi/mivoiwin7iy96v1pfvh0l/IMG_0308.mp4?rlkey=catjien6sefrzu0khjimcngi2&st=7og7tqly&raw=1	spawn ffmpeg ENOENT
https://www.dropbox.com/scl/fi/4m3eaz8kcmozlu46jl456/IMG_0306.mp4?rlkey=tzqh1bwgr7qiyy17xl7wnpnm2&st=2zg85h30&raw=1	spawn ffmpeg ENOENT
https://www.dropbox.com/scl/fi/ejupkxht6837q89cva8n7/IMG_0301.mp4?rlkey=ak4omspy1wembiu4b4yfx06wn&st=ljb45p7s&raw=1	spawn ffmpeg ENOENT
https://www.dropbox.com/scl/fi/d1z2w9zb2wgybk4s6zzqm/IMG_0299-2.mp4?rlkey=09qvoov64qndfhvg2xpoc0me8&st=68088x38&raw=1	spawn ffmpeg ENOENT
https://www.dropbox.com/scl/fi/35980gtk5cxhu0lpd6mu8/IMG_0297-2.mp4?rlkey=njgfpunous2t6gger7h4kj516&st=h01blxj5&raw=1	spawn ffmpeg ENOENT
https://www.dropbox.com/scl/fi/0mnfr0dscg7yxr0giy0y3/IMG_0294-2.mp4?rlkey=o7ojr9j3ltgiodohaw6mghw67&st=j7d9bmn8&raw=1	spawn ffmpeg ENOENT
https://www.dropbox.com/scl/fi/n69i9tz1bfc4a9qe2ccoh/IMG_0293-2.mp4?rlkey=s1huouptlnfub7zcf4l1kcvm3&st=zkv9opce&raw=1	spawn ffmpeg ENOENT
https://www.dropbox.com/scl/fi/5cmcum7uuzxkot4sx80he/IMG_0291-2.mp4?rlkey=wu4jv3864egp3za1vmgirv6pq&st=5oe7hvqw&raw=1	spawn ffmpeg ENOENT
https://www.dropbox.com/scl/fi/y8fljol1hw2u1evfaedw5/IMG_0290.mp4?rlkey=8vxmyd2hk3vmz42otv8y7n1hf&st=bze7uu5w&raw=1	spawn ffmpeg ENOENT
https://www.dropbox.com/scl/fi/x9djrzz4qx5s0ocf3up3h/IMG_0290-3.mp4?rlkey=5rhqj7723xlhg70rlzje1jpn4&st=40e41our&raw=1	spawn ffmpeg ENOENT
https://www.dropbox.com/scl/fi/3ufvkdxzozbf8cd818ebn/IMG_0289-2.mp4?rlkey=1mfeubn81rsrvfnxrtebbsldb&st=u0okbrb0&raw=1	spawn ffmpeg ENOENT
https://www.dropbox.com/scl/fi/yzaot1dxbszp6xxeuoaqg/IMG_0288-2.mp4?rlkey=w22ybljcy9udqi2vxqcgujrb1&st=i5m5sium&raw=1	spawn ffmpeg ENOENT
https://www.dropbox.com/scl/fi/qnbupnanrgmuusrrieqm2/IMG_0286-2.mp4?rlkey=0ccvlqkhr7147k0web9yn1832&st=dffsvxsi&raw=1	spawn ffmpeg ENOENT
https://www.dropbox.com/scl/fi/5v8dcx3lfov3mtdzbhmhl/IMG_0284.mp4?rlkey=5fms5f1ptj7j6f0s9sbty0rni&st=umzz3x3l&raw=1	spawn ffmpeg ENOENT
https://www.dropbox.com/scl/fi/2xy3zh0ss494dl8pmxa26/IMG_0284-2.mp4?rlkey=z7v11fmhk9k0cu1yul1hdbi95&st=wb7byu0b&raw=1	spawn ffmpeg ENOENT
https://www.dropbox.com/scl/fi/luveqvdwvu6xz1ak5ujjq/IMG_0282-2.mp4?rlkey=jlnox2be1qnv39cwvf6c672w5&st=dbusx0qc&raw=1	spawn ffmpeg ENOENT
https://www.dropbox.com/scl/fi/mkc9rx8dxawb93x7934se/IMG_0281-2.mp4?rlkey=fi66lvsjbnldexo29gi6zxdt5&st=z4n9nnrq&raw=1	spawn ffmpeg ENOENT
https://www.dropbox.com/scl/fi/rmwr4bimn9je15gg7we44/IMG_0280-2.mp4?rlkey=rlt5v24pt8uc3hmj03q6v5tr9&st=32wytl6s&raw=1	spawn ffmpeg ENOENT
https://www.dropbox.com/scl/fi/22vyvtmssu7ybdcf9zao8/IMG_0279-2.mp4?rlkey=31zlhg4g0oxi0zbpo4i3rr3nz&st=c0bj2inb&raw=1	spawn ffmpeg ENOENT
https://www.dropbox.com/scl/fi/b20y4e8sn4z3y2shn3d7v/IMG_0278-2.mp4?rlkey=jj4y663vtd13mf3phk42rirpo&st=9je0lnt3&raw=1	spawn ffmpeg ENOENT
https://www.dropbox.com/scl/fi/knpew3y9n4xu7lew1asue/IMG_0277.mp4?rlkey=j5yk057znyhf5rb0ycho0ae1z&st=kst3sugd&raw=1	spawn ffmpeg ENOENT
https://www.dropbox.com/scl/fi/3ya1mi9ozm5etn0lrhp2v/IMG_0277-2.mp4?rlkey=sos9hjoj0oj5crl1lm9ej61pz&st=vyd8akz6&raw=1	spawn ffmpeg ENOENT
https://www.dropbox.com/scl/fi/4187npuk5qehzhert6s1d/IMG_0276.mp4?rlkey=l7fdbpsun0qgodd5o2szj5prn&st=64ivyemp&raw=1	spawn ffmpeg ENOENT
https://www.dropbox.com/scl/fi/ivbv3yk32nq9eghkwgc1h/IMG_0276-3.mp4?rlkey=vl3icw0nbwwo7oyyt7ay429uo&st=xr5sfrfg&raw=1	spawn ffmpeg ENOENT
https://www.dropbox.com/scl/fi/vpnv67m5art4mr6w37wq3/IMG_0275-2.mp4?rlkey=qor483e371cvp71vz2sq7q69w&st=fmc8a0vz&raw=1	spawn ffmpeg ENOENT
https://www.dropbox.com/scl/fi/flmv09x01uny7y030ctnq/IMG_0274-2.mp4?rlkey=49oxzi8e6syxr0dg92ylxegip&st=ct8dmec1&raw=1	spawn ffmpeg ENOENT
https://www.dropbox.com/scl/fi/17bjrbc6jjweakie0zxcr/IMG_0273-2.mp4?rlkey=y5e9qanc7wrxzqbvnnkfnicxg&st=8ghqpks0&raw=1	spawn ffmpeg ENOENT
https://www.dropbox.com/scl/fi/wafx4p7wff7qygmt4hgea/IMG_0272-2.mp4?rlkey=ew0bvlofszcw4xy6c7ny97qea&st=lugo1wjn&raw=1	spawn ffmpeg ENOENT
https://www.dropbox.com/scl/fi/qhhyzeru3bfvapqhnqq8r/IMG_0271-3.mp4?rlkey=u503os62fmbdvgdtkiynwe9gu&st=lwo6zg1g&raw=1	spawn ffmpeg ENOENT
https://www.dropbox.com/scl/fi/qnjpr15kwj4zg7irq349o/IMG_0271-2.mp4?rlkey=urbnoi3zozgyxs3enrr1vffkk&st=rn60hglj&raw=1	spawn ffmpeg ENOENT
https://www.dropbox.com/scl/fi/5r6za7b5falvcdiakp8dj/IMG_0270.mp4?rlkey=n6pcjob46s6jw5bof65h81pro&st=j7b90j3s&raw=1	spawn ffmpeg ENOENT
https://www.dropbox.com/scl/fi/l6acbnpnbvux6culh2vww/IMG_0270-4.mp4?rlkey=lp05d8b3owrtpz62zksg6z7l3&st=trsqp7w1&raw=1	spawn ffmpeg ENOENT
https://www.dropbox.com/scl/fi/2tdcgl2zc1falfqtsupb8/IMG_0270-3.mp4?rlkey=io1ygx67m4kntd5r8rj74ucow&st=rtzhxolu&raw=1	spawn ffmpeg ENOENT
https://www.dropbox.com/scl/fi/9pgf1ncqf2b8io8zcf1kz/IMG_0269-2.mp4?rlkey=nme3sulfk800k7vw5b35ayack&st=o32hq394&raw=1	spawn ffmpeg ENOENT
https://www.dropbox.com/scl/fi/d7nqfa8yspyh5tsf5fkhx/IMG_0268-3.mp4?rlkey=w3bxccpnxl51bl5rdn31tmhk9&st=970aziqf&raw=1	spawn ffmpeg ENOENT
https://www.dropbox.com/scl/fi/hbz2duscx4o9v4k7cy0aj/IMG_0268-2.mp4?rlkey=kmo09vu8bjpsha0oeutdc4010&st=etne23em&raw=1	spawn ffmpeg ENOENT
https://www.dropbox.com/scl/fi/xvf2uo02ntdu657m7fuzo/IMG_0267.mp4?rlkey=lf92w5rpltr9kjjka4d5kdvbq&st=homl1llq&raw=1	spawn ffmpeg ENOENT
https://www.dropbox.com/scl/fi/0k4tyhup986o0m78iodq3/IMG_0267-4.mp4?rlkey=3md3wcqysbn0lyoj2f1645h8y&st=5zgu8i1o&raw=1	spawn ffmpeg ENOENT
https://www.dropbox.com/scl/fi/xlme6z66gwo4f9zazje8h/IMG_0267-3.mp4?rlkey=gjunvbujhxbntxjnoiyoal2xa&st=9g014li5&raw=1	spawn ffmpeg ENOENT
https://www.dropbox.com/scl/fi/0u91es62gb9uaegce69wa/IMG_0266.mp4?rlkey=pianx3251pnujc0wlw82wg8ca&st=tu81ogjx&raw=1	spawn ffmpeg ENOENT
https://www.dropbox.com/scl/fi/9s28wo229j2cwe60eyqef/IMG_0266-4.mp4?rlkey=184k7iw7qovn4yjr5wn5rqp1v&st=ae6631k5&raw=1	spawn ffmpeg ENOENT
https://www.dropbox.com/scl/fi/4pavdsmsj5urbwm6sq1ny/IMG_0266-3.mp4?rlkey=p6t3ro4zlaelunfsf1qvo2elm&st=zb1flnjh&raw=1	spawn ffmpeg ENOENT
https://www.dropbox.com/scl/fi/27pzw78itrylknu7ixcxt/IMG_0265.mp4?rlkey=qb2tgla7klj7qvqqkgqf1wyom&st=dnzuhutx&raw=1	spawn ffmpeg ENOENT
https://www.dropbox.com/scl/fi/h5ms9v9r9s24lsyi2htea/IMG_0265-4.mp4?rlkey=viu0zy2iylsucvh45iwnmet0q&st=08ce7aer&raw=1	spawn ffmpeg ENOENT
https://www.dropbox.com/scl/fi/ykjnadiksmdtg5cf4fzdt/IMG_0265-3.mp4?rlkey=pbqt6431o4inxrgvd4pw3v88t&st=et6uxsvg&raw=1	spawn ffmpeg ENOENT
https://www.dropbox.com/scl/fi/wsauosnafgthfy2nipvmo/IMG_0264-2.mp4?rlkey=t99a43c5mte6co4078r5x6bah&st=l01usebh&raw=1	spawn ffmpeg ENOENT
https://www.dropbox.com/scl/fi/vfibhw8dmn17hiim9aodt/IMG_0263-3.mp4?rlkey=5ce3qte537tv4qltuo9dubvx8&st=3q7bk2m7&raw=1	spawn ffmpeg ENOENT
https://www.dropbox.com/scl/fi/3lfrpbt1q34ztra0bibz7/IMG_0263-2.mp4?rlkey=y5p7tphqrxjfk2zuov1j7kcz0&st=5igtawlw&raw=1	spawn ffmpeg ENOENT
https://www.dropbox.com/scl/fi/smkt2gsvyrpzd1fhhrki3/IMG_0262-3.mp4?rlkey=c6n6wtlweotwzpbkx1ybdya20&st=tvktaju8&raw=1	spawn ffmpeg ENOENT
https://www.dropbox.com/scl/fi/d8jos4ro4q9cxc3arvs33/IMG_0262-2.mp4?rlkey=yfgxjf97gsvade5yolokuh3q7&st=tqi58155&raw=1	spawn ffmpeg ENOENT
https://www.dropbox.com/scl/fi/92atoxb95ozqmbv9oeo68/IMG_0261.mp4?rlkey=cf969bf4g3tmdzcq2t1zljkbk&st=f4bw4ruw&raw=1	spawn ffmpeg ENOENT
https://www.dropbox.com/scl/fi/6vsx9qk2dc2u2ximx9vf5/IMG_0261-2.mp4?rlkey=t2knytosdvud0amfcfzxncuav&st=dc1u0eom&raw=1	spawn ffmpeg ENOENT
https://www.dropbox.com/scl/fi/ly5hwhz7i536kvzvz2ifv/IMG_0260-3.mp4?rlkey=phs00tlbhtokawln9aynfttbg&st=l4vc648o&raw=1	spawn ffmpeg ENOENT
https://www.dropbox.com/scl/fi/52qwi81o2vmfsuutztl32/IMG_0260-2.mp4?rlkey=kazr4ccvi8yj1ck1plg6qdbvq&st=y0t8zge5&raw=1	spawn ffmpeg ENOENT
https://www.dropbox.com/scl/fi/cntfdbim0wxvaggww8dec/IMG_0259.mp4?rlkey=mqbxckconv0925x7xkytpr48l&st=9wx4gjcx&raw=1	spawn ffmpeg ENOENT
https://www.dropbox.com/scl/fi/5t13wi1eilao94q7b0t6g/IMG_0259-4.mp4?rlkey=w4vg6cq6avnwubswnrl6xni3s&st=l4uucj1i&raw=1	spawn ffmpeg ENOENT
https://www.dropbox.com/scl/fi/segub6ubkqsfe7bafse9z/IMG_0259-3.mp4?rlkey=gtl6j398jkxig3v5mz8q9l5zc&st=wp9f0wx3&raw=1	spawn ffmpeg ENOENT
https://www.dropbox.com/scl/fi/r6o0q2tx218ym2h516cqm/IMG_0258-3.mp4?rlkey=peu2tkjix6c40dwy292kbryol&st=y7yh721t&raw=1	spawn ffmpeg ENOENT
https://www.dropbox.com/scl/fi/pqonvffmd0bhl88dyygw6/IMG_0258-2.mp4?rlkey=jpeor0d5f20pttr62ftf091wg&st=bn85f98e&raw=1	spawn ffmpeg ENOENT
https://www.dropbox.com/scl/fi/jd6u8u9lgpscgbg88tcp5/IMG_0257-3.mp4?rlkey=ggsfdxh8lwjv8mdz8jyzdzmra&st=jhi9m4ts&raw=1	spawn ffmpeg ENOENT
https://www.dropbox.com/scl/fi/ntzwbtap7va1mb41yue2k/IMG_0256.mp4?rlkey=i4n2r6jvt438rsvcsinzshgfe&st=7qfmeouc&raw=1	spawn ffmpeg ENOENT
https://www.dropbox.com/scl/fi/w0hy8dpl4y3bdhilj9upc/IMG_0256-6.mp4?rlkey=yu4cle65bro1sa87oyo4g0zzo&st=6wkr9iuh&raw=1	spawn ffmpeg ENOENT
https://www.dropbox.com/scl/fi/ly55zou7eqcfegec6bej5/IMG_0256-5.mp4?rlkey=ap6c4ypq61b4tp7nh42g3voup&st=luxk6wr5&raw=1	spawn ffmpeg ENOENT
https://www.dropbox.com/scl/fi/7p8idqliy13kx46zwkd5t/IMG_0256-2.mp4?rlkey=4fwkp0rmxtdkd8lvqj5crqvji&st=wng11xh5&raw=1	spawn ffmpeg ENOENT
https://www.dropbox.com/scl/fi/b69csjiy04e2648924lfb/IMG_0255.mp4?rlkey=erhwwqdslcoxte2o6yb250tj2&st=j91kzq99&raw=1	spawn ffmpeg ENOENT
https://www.dropbox.com/scl/fi/pg8dzudmhjwbaxzmwuuhh/IMG_0255-4.mp4?rlkey=qc7odqtz53k8dax4v781wiexn&st=66jmy42c&raw=1	spawn ffmpeg ENOENT
https://www.dropbox.com/scl/fi/aa35mlvt7l78n5m1bg4vb/IMG_0255-3.mp4?rlkey=22np7djqdhnshi0jgrm2ds2z6&st=1h9ppexn&raw=1	spawn ffmpeg ENOENT
https://www.dropbox.com/scl/fi/984a17nyh7h7fij6h4agq/IMG_0254.mp4?rlkey=3hu8tw02czxsip23y0ncarz16&st=4hmo8p5a&raw=1	spawn ffmpeg ENOENT
https://www.dropbox.com/scl/fi/jrfj3q4h0ttjoq8gkjsg9/IMG_0254-3.mp4?rlkey=m3b2k1q5raqq71wfhuww1fhdf&st=i3kz4odq&raw=1	spawn ffmpeg ENOENT
https://www.dropbox.com/scl/fi/1x1e62zst4hdobeahg2gt/IMG_0253.mp4?rlkey=a41lkkpabedhpzvwknvzue5bi&st=08fd68ha&raw=1	spawn ffmpeg ENOENT
https://www.dropbox.com/scl/fi/vnloufdxrmtdsce9t6fea/IMG_0253-5.mp4?rlkey=3zvrvh9fxrdwu5y85mjjg4fny&st=ivs3jz6h&raw=1	spawn ffmpeg ENOENT
https://www.dropbox.com/scl/fi/v1wpgfan1aqb2c1tinphf/IMG_0253-4.mp4?rlkey=c5h7f0277rfjscmpc2tyq3c38&st=cf47rhhp&raw=1	spawn ffmpeg ENOENT
https://www.dropbox.com/scl/fi/k7pvcstpbdeijplv91ymm/IMG_0253-2.mp4?rlkey=lkbv1tqaxfnv4k815yy0029rp&st=ijk5llva&raw=1	spawn ffmpeg ENOENT
https://www.dropbox.com/scl/fi/6aaw567cit6fs73mqnqma/IMG_0252.mp4?rlkey=axvm8vj9m6ctcjp4fh7ekqj69&st=u0960yl4&raw=1	spawn ffmpeg ENOENT
https://www.dropbox.com/scl/fi/mm0390nm7ncvepwct1ugk/IMG_0251.mp4?rlkey=rm3h9ved9rqyugz1fv1l9hk9h&st=f65fjqi3&raw=1	spawn ffmpeg ENOENT
https://www.dropbox.com/scl/fi/pgegrhspjwxea56u6skid/IMG_0251-4.mp4?rlkey=fcozgcgegln64qrmjgu5ngx9r&st=n9dnvenr&raw=1	spawn ffmpeg ENOENT
https://www.dropbox.com/scl/fi/5guhvnxy7pitw1p89sl0m/IMG_0250.mp4?rlkey=6jf90o77kd3jwcirosdk3lves&st=n85vvmoy&raw=1	spawn ffmpeg ENOENT
https://www.dropbox.com/scl/fi/433y6m2j0brlti1amnpoq/IMG_0250-4.mp4?rlkey=uqyjj3onk66m9o4bz6g7grv70&st=m4ou5gu6&raw=1	spawn ffmpeg ENOENT
https://www.dropbox.com/scl/fi/69ob1k5z64d4znnbjyj8p/IMG_0249.mp4?rlkey=3v35mon45cmj4egny7penw9ag&st=wl9bdk6l&raw=1	spawn ffmpeg ENOENT
https://www.dropbox.com/scl/fi/yiqsq7nfymy1n8qnbne0h/IMG_0249-4.mp4?rlkey=ggf0zwtu7rxrwfdfje5nlpx65&st=vm5zb58r&raw=1	spawn ffmpeg ENOENT
https://www.dropbox.com/scl/fi/195fy8mu0doo8207c0d6z/IMG_0249-2.mp4?rlkey=izfhsb5ukdvucosb3n27939uv&st=owbt0wht&raw=1	spawn ffmpeg ENOENT
https://www.dropbox.com/scl/fi/76b6rnjp8u0mdv6sikwo1/IMG_0248.mp4?rlkey=d713335sne0oxkcibbwddsgsa&st=tl7ht50z&raw=1	spawn ffmpeg ENOENT
https://www.dropbox.com/scl/fi/e7udp25508siiifdsmrhw/IMG_0247.mp4?rlkey=0ifxnud8sqogqlkp6wlyg8613&st=xwjs72cg&raw=1	spawn ffmpeg ENOENT
https://www.dropbox.com/scl/fi/n18obv0bgutya4u4bq7d2/IMG_0247-3.mp4?rlkey=ymb8jg6ymvx02v3mu18y4rydf&st=a9wo36rb&raw=1	spawn ffmpeg ENOENT
https://www.dropbox.com/scl/fi/ltr03u1ry16xm6ab6r0hx/IMG_0246.mp4?rlkey=1frx3tbx9jodbcg9z5qoy9xdr&st=ug3lpemh&raw=1	spawn ffmpeg ENOENT
https://www.dropbox.com/scl/fi/d0gvhkmhg79ptp9sz2kgl/IMG_0246-3.mp4?rlkey=g0bpnpsxuag65bkhyqwb1adyg&st=s6b6bw2c&raw=1	spawn ffmpeg ENOENT
https://www.dropbox.com/scl/fi/538eyio9yrj1g29x5xcm5/IMG_0245.mp4?rlkey=29hua4l5gpid4vx454my58dmd&st=gqpzs3ww&raw=1	spawn ffmpeg ENOENT
https://www.dropbox.com/scl/fi/4hrmeyxphq0g05o5sro1x/IMG_0244.mp4?rlkey=pw559d049qtxehoy36q79ei7p&st=6r5uxvsg&raw=1	spawn ffmpeg ENOENT
https://www.dropbox.com/scl/fi/ijwufpozgkbhxzsd2l43f/IMG_0244-2.mp4?rlkey=vgrc7f17zd9xn30lg2got0x59&st=hsabhqe3&raw=1	spawn ffmpeg ENOENT
https://www.dropbox.com/scl/fi/yfxjgkvp0u7o362hhy7wh/IMG_0243.mp4?rlkey=6sxijj0ltfk0lncdjg55ym5wp&st=7om07hru&raw=1	spawn ffmpeg ENOENT
https://www.dropbox.com/scl/fi/ynyltraz9vgarjn9tg840/IMG_0242.mp4?rlkey=rrirafl73hmj8efywwcevq86y&st=pcojrirn&raw=1	spawn ffmpeg ENOENT
https://www.dropbox.com/scl/fi/keib3zb237lf7njjv7yz6/IMG_0242-5.mp4?rlkey=juqepz5v939lbj241wu01thqo&st=ui1g86rq&raw=1	spawn ffmpeg ENOENT
https://www.dropbox.com/scl/fi/08e84571fakdrw5ho38ap/IMG_0242-2.mp4?rlkey=0fhsxhz5uttq9tdr2sj0znrlo&st=pbqairqg&raw=1	spawn ffmpeg ENOENT
https://www.dropbox.com/scl/fi/i5eok93ifo4pzomp6m5uz/IMG_0241.mp4?rlkey=iru3zxinx91xcvmq36t8a1uzf&st=7bbzyp4m&raw=1	spawn ffmpeg ENOENT
https://www.dropbox.com/scl/fi/uaylcym6lpzxlcwr1jr0u/IMG_0241-4.mp4?rlkey=aazsa5tusvkfketivt1tiez4s&st=2sbgndfc&raw=1	spawn ffmpeg ENOENT
https://www.dropbox.com/scl/fi/8jwdyq8s8i4cbkhozxneq/IMG_0240.mp4?rlkey=3dml5wkxik44exg5yyx4j21xa&st=2urqazgu&raw=1	spawn ffmpeg ENOENT
https://www.dropbox.com/scl/fi/1vw5kxeg4ohtnoglbmpr1/IMG_0240-4.mp4?rlkey=8c31h6ytlkktfjrlir826mpk2&st=1zunq9m0&raw=1	spawn ffmpeg ENOENT
https://www.dropbox.com/scl/fi/vfj3csqax0x6w8r490vbp/IMG_0240-2.mp4?rlkey=zotkvgrcczghv2lv0zs5k5hv0&st=i8enyftg&raw=1	spawn ffmpeg ENOENT
https://www.dropbox.com/scl/fi/u61rajzq6id2drws9sf7l/IMG_0239.mp4?rlkey=oj06fezaoi7p4cwbsyv3x95z7&st=eyhnezj5&raw=1	spawn ffmpeg ENOENT
https://www.dropbox.com/scl/fi/jevq8kbw2vg1o9w21cuib/IMG_0239-5.mp4?rlkey=inqsgzjybkkb4dpboxoz0855c&st=i4bie6ym&raw=1	spawn ffmpeg ENOENT
https://www.dropbox.com/scl/fi/f84kc9styffbz6xj9iipy/IMG_0239-2.mp4?rlkey=nxvl0nauskwheuku53n1rvovf&st=hc6wxg64&raw=1	spawn ffmpeg ENOENT
https://www.dropbox.com/scl/fi/zdur8zacays468i77s45g/IMG_0238.mp4?rlkey=dwbzsih36zmalrc9qnk7s3o3x&st=naoyiu3t&raw=1	spawn ffmpeg ENOENT
https://www.dropbox.com/scl/fi/e4vn2z65x6la3nzm86ftp/IMG_0237.mp4?rlkey=5glqwb0tloqumnnuxy0hdcmim&st=jjfohb18&raw=1	spawn ffmpeg ENOENT
https://www.dropbox.com/scl/fi/hzrie513xlhb29rif3yw2/IMG_0236.mp4?rlkey=fsvpbk8pozysau1cqmljxt2zw&st=e608u8xq&raw=1	spawn ffmpeg ENOENT
https://www.dropbox.com/scl/fi/l94wnnasihbmsm52xio5o/IMG_0236-4.mp4?rlkey=llzvn1fzgpuvenck4wahuxs7r&st=q8zrcpwk&raw=1	spawn ffmpeg ENOENT
https://www.dropbox.com/scl/fi/v2mnythu7xy6ry6fdpztc/IMG_0235.mp4?rlkey=trhv6sat96wkdk0fl0tdda8og&st=rg1obirg&raw=1	spawn ffmpeg ENOENT
https://www.dropbox.com/scl/fi/r74gjg5t0z1sniv5rcaha/IMG_0235-2.mp4?rlkey=e17gkfwulnkm0yvycqbmci6a1&st=xuvqmdxx&raw=1	spawn ffmpeg ENOENT
https://www.dropbox.com/scl/fi/hfdcneqwatrnrindrx37g/IMG_0234-3.mp4?rlkey=gwbeum1avpdsignjac0ynsjh0&st=06gb4adf&raw=1	spawn ffmpeg ENOENT
https://www.dropbox.com/scl/fi/jxdouok6peeqn0t1mqt4g/IMG_0233.mp4?rlkey=o83ct5aew6jw27z0n22jfevh7&st=1p91gtj7&raw=1	spawn ffmpeg ENOENT
https://www.dropbox.com/scl/fi/4it5qp5r500vm8hzf2js6/IMG_0232.mp4?rlkey=iuc8bvs1ulpngfp65i9nph79r&st=ucixgocl&raw=1	spawn ffmpeg ENOENT
https://www.dropbox.com/scl/fi/wy2d1bfnm461hk09dho6e/IMG_0231.mp4?rlkey=xwgh603syolr9f73d1vyougop&st=wv71ud4t&raw=1	spawn ffmpeg ENOENT
https://www.dropbox.com/scl/fi/vsywhhaqfvamq8aqnkvos/IMG_0231-3.mp4?rlkey=xkwnkgolnfrqd6stt10o2bf5p&st=ff97bjr3&raw=1	spawn ffmpeg ENOENT
https://www.dropbox.com/scl/fi/ua29t5lbnscutfst80os7/IMG_0230.mp4?rlkey=eh665jqpeizyata55w32djk2e&st=xj5vzh2n&raw=1	spawn ffmpeg ENOENT
https://www.dropbox.com/scl/fi/69yzlta0kx571lz7664ri/IMG_0230-2.mp4?rlkey=bg35i43nqueq673cpsgm1vggg&st=51r3hwf7&raw=1	spawn ffmpeg ENOENT
https://www.dropbox.com/scl/fi/yk6a179dyg31og1ny8y6s/IMG_0229.mp4?rlkey=oabha350xqoidy4it6nkmpi2o&st=o26fiobs&raw=1	spawn ffmpeg ENOENT
https://www.dropbox.com/scl/fi/oife83k4ismh782xnobar/IMG_0228.mp4?rlkey=5s63fnn7b8zc1svmv8w9c5cg3&st=t8624gpn&raw=1	spawn ffmpeg ENOENT
https://www.dropbox.com/scl/fi/28h8qbdk0xgfep4y3q3bp/IMG_0228-4.mp4?rlkey=utb8fd6pxuzege3grniegeu07&st=z3w50vhx&raw=1	spawn ffmpeg ENOENT
https://www.dropbox.com/scl/fi/c609sdn7txsclz8hg8a00/IMG_0227.mp4?rlkey=w6kdaq30plunagtrm3e8r0669&st=bgcxdwej&raw=1	spawn ffmpeg ENOENT
https://www.dropbox.com/scl/fi/f1fkbm9oatnu9n2ow53ea/IMG_0227-5.mp4?rlkey=ftfx4zvfu0eh9s6jk2jidi9b3&st=2vgqyrzr&raw=1	spawn ffmpeg ENOENT
https://www.dropbox.com/scl/fi/99w8oafghm4letm9l8p3w/IMG_0227-2.mp4?rlkey=au565ric9c10ggu8vsigz47d7&st=4plpkq95&raw=1	spawn ffmpeg ENOENT
https://www.dropbox.com/scl/fi/oyp2zkn4iintco4b6fadd/IMG_0226.mp4?rlkey=cdah6a0b6m5i4s4u6k4um4fmg&st=m3we7auw&raw=1	spawn ffmpeg ENOENT
https://www.dropbox.com/scl/fi/q2a6auho4kll0bcfpfhuc/IMG_0226-3.mp4?rlkey=hjstvviyie3wxuqx5nfx4w0an&st=xbrbnez9&raw=1	spawn ffmpeg ENOENT
https://www.dropbox.com/scl/fi/me0950bm1bnso541myvj9/IMG_0225.mp4?rlkey=kfhlx68y36ukd65clvl88qml7&st=55ay6r6z&raw=1	spawn ffmpeg ENOENT
https://www.dropbox.com/scl/fi/m9brk8wie15n0m7agtx0e/IMG_0225-4.mp4?rlkey=gfpozf3mua1gryknhl5cipdsq&st=8kozy83c&raw=1	spawn ffmpeg ENOENT
https://www.dropbox.com/scl/fi/tvexmhc9tt0lef22n2zb5/IMG_0225-2.mp4?rlkey=7g588plfyqj6brfauv4fh6lr4&st=mx9knez8&raw=1	spawn ffmpeg ENOENT
https://www.dropbox.com/scl/fi/td8saktco6ouf64krlc1s/IMG_0224.mp4?rlkey=gnfdk38kfnp058otaly57v9l4&st=ajy1dwmv&raw=1	spawn ffmpeg ENOENT
https://www.dropbox.com/scl/fi/fkcndakhc4fmil9zknbsl/IMG_0224-4.mp4?rlkey=qsvmu8hm46089zlrmm3612f2u&st=sz8c2bgm&raw=1	spawn ffmpeg ENOENT
https://www.dropbox.com/scl/fi/8mexqe5d3l8unzg7fj4vx/IMG_0224-2.mp4?rlkey=5w2vosbfhs97wy5s7m7s35iz5&st=tut7e01n&raw=1	spawn ffmpeg ENOENT
https://www.dropbox.com/scl/fi/uvs5kmqe7sj669xpdjrby/IMG_0223.mp4?rlkey=tsq019nc485or6qcpyuv74q8u&st=o1rpiey6&raw=1	spawn ffmpeg ENOENT
https://www.dropbox.com/scl/fi/3e4n9m5061rjmyyysuldc/IMG_0222.mp4?rlkey=y1e3gbwiuwf22p8xi922s9t7i&st=pdh9lj9p&raw=1	spawn ffmpeg ENOENT
https://www.dropbox.com/scl/fi/9194fcsvy7wdz9xin9orx/IMG_0222-4.mp4?rlkey=hh0kmss2pniog52n8558ew3pu&st=pcy3i27l&raw=1	spawn ffmpeg ENOENT
https://www.dropbox.com/scl/fi/nvpzgh2pj4h0vh3lbysnw/IMG_0222-2.mp4?rlkey=vhqrrajvdpvi50cyftmjwiyym&st=k132yl3u&raw=1	spawn ffmpeg ENOENT
https://www.dropbox.com/scl/fi/otdl5z70nkwhrsbkcbj4o/IMG_0221.mp4?rlkey=o4z7pywysveeycqzg7yib92p8&st=b396cpdl&raw=1	spawn ffmpeg ENOENT
https://www.dropbox.com/scl/fi/5g0upxoyul72xxp2s562b/IMG_0221-4.mp4?rlkey=11cf0nxed70facjks6uel8v8u&st=sfo46k4x&raw=1	spawn ffmpeg ENOENT
https://www.dropbox.com/scl/fi/sd7mtat7bb8b1vm31rro3/IMG_0220.mp4?rlkey=ph65i2t6d21j743yicn7o4s0w&st=jere6nxn&raw=1	spawn ffmpeg ENOENT
https://www.dropbox.com/scl/fi/fdgtscufj34n7x42qe9hg/IMG_0220-5.mp4?rlkey=36duotrzp9oigtsxmphal0ru0&st=m8d5wlb7&raw=1	spawn ffmpeg ENOENT
https://www.dropbox.com/scl/fi/l84t407dpm470p32auavz/IMG_0220-2.mp4?rlkey=lhm8ekoqu2qb4cpx0e94jufy9&st=4s8d14e0&raw=1	spawn ffmpeg ENOENT
https://www.dropbox.com/scl/fi/nj2jd6zw9y4msrquzdnt5/IMG_0219.mp4?rlkey=qrnejxx0tqqnq4swruvi4so33&st=u7fp5yo4&raw=1	spawn ffmpeg ENOENT
https://www.dropbox.com/scl/fi/3uthh4cikj280kvwauhx4/IMG_0219-4.mp4?rlkey=s3hw7zq2mz5kw47cy4sb1l0yo&st=g3zxtnut&raw=1	spawn ffmpeg ENOENT
https://www.dropbox.com/scl/fi/lzo3wog0621cq6jv5ssuh/IMG_0219-2.mp4?rlkey=gnnia875syydn8vwr63bliyzv&st=4fc26e76&raw=1	spawn ffmpeg ENOENT
https://www.dropbox.com/scl/fi/wf5eh416d2k4f9z3fu7cv/IMG_0218.mp4?rlkey=glebgk6qh2v8hd2xbm4m076j8&st=kwoxruge&raw=1	spawn ffmpeg ENOENT
https://www.dropbox.com/scl/fi/6p2gcmlztju8jazsj4arx/IMG_0218-4.mp4?rlkey=qbrxqlba7v8w8bo5g4x2wvczu&st=48lzrrb2&raw=1	spawn ffmpeg ENOENT
https://www.dropbox.com/scl/fi/ocbq1kcb4a6gf2h9gtlzq/IMG_0217.mp4?rlkey=s2mdw5x3i1qx2nyiastur1mr8&st=2m2dzk2e&raw=1	spawn ffmpeg ENOENT
https://www.dropbox.com/scl/fi/bpaqob25l20iztn6bduxz/IMG_0217-4.mp4?rlkey=a7vqvqpff6aek7q4c4hw0zyto&st=5pexfv85&raw=1	spawn ffmpeg ENOENT
https://www.dropbox.com/scl/fi/ldefgn5562c10s49gir24/IMG_0216.mp4?rlkey=ka967uzhh5sj4a6t8ermhqap2&st=s1tvrsdl&raw=1	spawn ffmpeg ENOENT
https://www.dropbox.com/scl/fi/u1qgrj23c2c647blkluy6/IMG_0215.mp4?rlkey=dqmyt6p6gtziuhtmbs34wnc7y&st=iszgj5av&raw=1	spawn ffmpeg ENOENT
https://www.dropbox.com/scl/fi/403sglb6wiik91venatu2/IMG_0215-4.mp4?rlkey=ii85yqf2fwhhcwduajyjc1d9t&st=bgi1nmob&raw=1	spawn ffmpeg ENOENT
https://www.dropbox.com/scl/fi/ib5ii55qv7a2ybrbhke43/IMG_0214.mp4?rlkey=6uo9m17alna2na4gfr6kxrxzf&st=fn6q40bx&raw=1	spawn ffmpeg ENOENT
https://www.dropbox.com/scl/fi/uhnuhbeq6b06ix8yl7dth/IMG_0214-5.mp4?rlkey=qscm8simmnhixp6705j8ozmlw&st=txfdtl9c&raw=1	spawn ffmpeg ENOENT
https://www.dropbox.com/scl/fi/kn5wtis9n2kyodjghhs08/IMG_0214-2.mp4?rlkey=21vmim7ne64396wp7cd9tgcte&st=j88wq9pm&raw=1	spawn ffmpeg ENOENT
https://www.dropbox.com/scl/fi/qxcfym9vu8bfm0mrovt2y/IMG_0213.mp4?rlkey=02zb0rszgavqhcafv9zppjyp9&st=0dsn4kud&raw=1	spawn ffmpeg ENOENT
https://www.dropbox.com/scl/fi/9utmcpvr56n1rd0po3pig/IMG_0213-4.mp4?rlkey=jztud5say1kc53cpeeskhb4ff&st=gr1j861t&raw=1	spawn ffmpeg ENOENT
https://www.dropbox.com/scl/fi/b2p9filkzeojwkvnof7qg/IMG_0212.mp4?rlkey=a202cnfkg2yjw8bd7vvh8qchy&st=9xiyj1c2&raw=1	spawn ffmpeg ENOENT
https://www.dropbox.com/scl/fi/a45ec6l2nglxtnyloitd3/IMG_0212-3.mp4?rlkey=stl2hrnnepwqlh1lt9mare6px&st=c7kk8cb7&raw=1	spawn ffmpeg ENOENT
https://www.dropbox.com/scl/fi/pgdtoj6l94nywf6a7mhh4/IMG_0212-2.mp4?rlkey=c2e0ibqwnjne8mjhcassuwcqj&st=qjtrl9jp&raw=1	spawn ffmpeg ENOENT
https://www.dropbox.com/scl/fi/nlfvhjjhspi22wmhpxl4k/IMG_0211.mp4?rlkey=hdcct0amoyb05mtuk5vbdkle2&st=6ln2kpgk&raw=1	spawn ffmpeg ENOENT
https://www.dropbox.com/scl/fi/cm08sixpbz7yhvk5yd28n/IMG_0211-4.mp4?rlkey=o7vg4jyvdcwa2sue5f88d37fl&st=6iccocg4&raw=1	spawn ffmpeg ENOENT
https://www.dropbox.com/scl/fi/3ob036txncikc38cf06lz/IMG_0211-2.mp4?rlkey=lcpa2ogzcsf471dpcv991p5j8&st=nfait1xi&raw=1	spawn ffmpeg ENOENT
https://www.dropbox.com/scl/fi/skb05ft1l5469pi2zavi9/IMG_0210.mp4?rlkey=q173bczeh754hbp0uvv51205x&st=9r75doak&raw=1	spawn ffmpeg ENOENT
https://www.dropbox.com/scl/fi/7rz93nqe8h36pg30i34or/IMG_0210-5.mp4?rlkey=zxlz1rreeuwwgietrjtngpd3i&st=mm4eotiz&raw=1	spawn ffmpeg ENOENT
https://www.dropbox.com/scl/fi/pouv2wctf9m5ddlavozww/IMG_0210-2.mp4?rlkey=jweb6bb9z3vlvu1tcpedeeryd&st=dbb0mpxs&raw=1	spawn ffmpeg ENOENT
https://www.dropbox.com/scl/fi/xlxbgd616y2pb2yksc4ej/IMG_0209.mp4?rlkey=d2fq5rt1ktjgldnxf3gfthj61&st=248q7m1c&raw=1	spawn ffmpeg ENOENT
https://www.dropbox.com/scl/fi/lm0y2xhlbkj4zn2j8th85/IMG_0209-4.mp4?rlkey=ukhgvrv5z0w1e2zixpp3gcvu0&st=6j8jrxy7&raw=1	spawn ffmpeg ENOENT
https://www.dropbox.com/scl/fi/zx2ww69x0mxtdsxl0at4t/IMG_0208.mp4?rlkey=bfk8lya2k3dusf3vc77uw1h0y&st=uaebfhsi&raw=1	spawn ffmpeg ENOENT
https://www.dropbox.com/scl/fi/7jmhj8i1x9xhmf2f9vpvn/IMG_0208-4.mp4?rlkey=89tjj1sw809crvap5lsbvzix3&st=fnvo4yrf&raw=1	spawn ffmpeg ENOENT
https://www.dropbox.com/scl/fi/b35f33ce392gnbwkruxia/IMG_0207-3.mp4?rlkey=wge6w52eojjiecaio4iqyg144&st=hyz29htd&raw=1	spawn ffmpeg ENOENT
https://www.dropbox.com/scl/fi/za7qpk9scdee02um1wbzg/IMG_0206.mp4?rlkey=j7cq4x9a7ndwg2x0l1den8dtr&st=n6an41w5&raw=1	spawn ffmpeg ENOENT
https://www.dropbox.com/scl/fi/fdzb4ddds8eg799ai1gsg/IMG_0206-4.mp4?rlkey=lpyxi4n6ukgbuw6dn9rlb6c3j&st=fzmd10zr&raw=1	spawn ffmpeg ENOENT
https://www.dropbox.com/scl/fi/600svwf36fzlam0j5my3j/IMG_0205.mp4?rlkey=j7xd81z6ge3122xfoi74vwaz7&st=aimh891u&raw=1	spawn ffmpeg ENOENT
https://www.dropbox.com/scl/fi/w92adx1icbujrmqjsxuo2/IMG_0205-4.mp4?rlkey=70bk41zls7i3mq8mdthpjt3z9&st=fj45gptd&raw=1	spawn ffmpeg ENOENT
https://www.dropbox.com/scl/fi/ux7napqllugw7gnfo44jo/IMG_0205-2.mp4?rlkey=x3dhxxyok3skygmbs2izlz15c&st=gr6mzero&raw=1	spawn ffmpeg ENOENT
https://www.dropbox.com/scl/fi/6hf4l7vvwfjgw73kjjmh9/IMG_0204.mp4?rlkey=mfoy9d2y9xp1dk5eqiiexnl89&st=ingodsdc&raw=1	spawn ffmpeg ENOENT
https://www.dropbox.com/scl/fi/nyjklkyuqpg8fz169pke6/IMG_0204-3.mp4?rlkey=pj2r0e416a6kcowotnb21qjsp&st=win5iiri&raw=1	spawn ffmpeg ENOENT
https://www.dropbox.com/scl/fi/fnymx8yactbycota65trw/IMG_0203.mp4?rlkey=w38l7xk76g1zrxpmt2mk7aj9w&st=djxgympq&raw=1	spawn ffmpeg ENOENT
https://www.dropbox.com/scl/fi/3x46ilyluiid6n9bll272/IMG_0203-5.mp4?rlkey=0fq432lxj8t7t0bqhswccqjx9&st=1vuzrfjv&raw=1	spawn ffmpeg ENOENT
https://www.dropbox.com/scl/fi/c26qhhjldaq39vn6cgm2x/IMG_0203-2.mp4?rlkey=7sp4ou3gokeyp492ilxza80u9&st=h9dx23ue&raw=1	spawn ffmpeg ENOENT
https://www.dropbox.com/scl/fi/ifylfq0pwdw1e8ehwrzn2/IMG_0202.mp4?rlkey=96tzf653idwvss0bwfheel6zi&st=zjc6qsc2&raw=1	spawn ffmpeg ENOENT
https://www.dropbox.com/scl/fi/lxyr9jb6sbpi6ej4xjo8o/IMG_0202-4.mp4?rlkey=vx6lls08ec7o1d31m2b2a3bet&st=vsqvwsu5&raw=1	spawn ffmpeg ENOENT
https://www.dropbox.com/scl/fi/8o164ao1b3xdk5ytczx63/IMG_0201.mp4?rlkey=h24etgyqki2quats5wsofq8my&st=vlgelvaj&raw=1	spawn ffmpeg ENOENT
https://www.dropbox.com/scl/fi/7icqtqrrsii5qbqfjjzp7/IMG_0201-4.mp4?rlkey=cmwjm4olk9xufiu48pjkz7iv0&st=y0gq1kza&raw=1	spawn ffmpeg ENOENT
https://www.dropbox.com/scl/fi/puf9jo94fjbx6srmt3fl7/IMG_0200.mp4?rlkey=af8hot9jgpn2gzvs33jy95mat&st=fwyfgk44&raw=1	spawn ffmpeg ENOENT
https://www.dropbox.com/scl/fi/7gap7h2s0ea07orp6t4un/IMG_0200-5.mp4?rlkey=4mu5mdg7hmltngp369r8vvb55&st=v1iji4hs&raw=1	spawn ffmpeg ENOENT
https://www.dropbox.com/scl/fi/068ihhfgfb36oue3qqmse/IMG_0200-2.mp4?rlkey=iyinj4uy7c2a24gu3lsscut27&st=c5cbblnk&raw=1	spawn ffmpeg ENOENT
https://www.dropbox.com/scl/fi/gh9xm9t6g664ulbrrwmu2/IMG_0199.mp4?rlkey=ppxr9i1f285xvro6db2klyh6f&st=mfnhmv9e&raw=1	spawn ffmpeg ENOENT
https://www.dropbox.com/scl/fi/5pb1sd7fhpa3436uci372/IMG_0198.mp4?rlkey=u841hdol5ndgmkrug9br8q1u5&st=e1e0lwye&raw=1	spawn ffmpeg ENOENT
https://www.dropbox.com/scl/fi/adnqh595jhr3lr4b9x7jw/IMG_0198-5.mp4?rlkey=nwnoh9a4822ftvk2539v9rade&st=vui37dcm&raw=1	spawn ffmpeg ENOENT
https://www.dropbox.com/scl/fi/qpztx6yn9nifg503bwcl9/IMG_0198-2.mp4?rlkey=va4edqei8fnxuafg5fwd5xuaq&st=2xguf8es&raw=1	spawn ffmpeg ENOENT
https://www.dropbox.com/scl/fi/icf6y3y42ico9lw3xvo4d/IMG_0197.mp4?rlkey=zu0vbpl72b43zx7u82e53oi2g&st=0yt781lz&raw=1	spawn ffmpeg ENOENT
https://www.dropbox.com/scl/fi/z6rvtwc442jgasuu9g8dh/IMG_0197-5.mp4?rlkey=fin6erspp0sa4g7kh7tfhh8d8&st=z4d331bt&raw=1	spawn ffmpeg ENOENT
https://www.dropbox.com/scl/fi/39pezfeg4wnxzr6oln06n/IMG_0197-2.mp4?rlkey=98sehp9x0ye987vvveeomatf7&st=gnij6evk&raw=1	spawn ffmpeg ENOENT
https://www.dropbox.com/scl/fi/5buvmuld2slm6x6bf2x0u/IMG_0196.mp4?rlkey=ib2ruymjet3m5kahzhrr371zv&st=q3jmie72&raw=1	spawn ffmpeg ENOENT
https://www.dropbox.com/scl/fi/wn0bothrmwh7nlbsy6ckf/IMG_0196-4.mp4?rlkey=hcaq0bk3kotdb17etx8wh3p75&st=32ansx6d&raw=1	spawn ffmpeg ENOENT
https://www.dropbox.com/scl/fi/lm7vi0d4gqhi4v4q7shvy/IMG_0195.mp4?rlkey=3fr5x1m6sobrlmgknq482ofcq&st=2amgobpf&raw=1	spawn ffmpeg ENOENT
https://www.dropbox.com/scl/fi/e7pisf8qj2mrmb8yhoth5/IMG_0195-5.mp4?rlkey=54shdkycx3eqxy761uysv62sp&st=niy5qje5&raw=1	spawn ffmpeg ENOENT
https://www.dropbox.com/scl/fi/2oc8a5hrzz8jjrano03s9/IMG_0195-2.mp4?rlkey=7561x4mnhnz6p88u6ify8o8yr&st=vj4pg2rc&raw=1	spawn ffmpeg ENOENT
https://www.dropbox.com/scl/fi/4ehl6q24sstwq4nqwleng/IMG_0194.mp4?rlkey=amp9m7o9komn1cwpml2s5ybzx&st=j273waip&raw=1	spawn ffmpeg ENOENT
https://www.dropbox.com/scl/fi/28rfeyufh5ww6a5tzir28/IMG_0194-3.mp4?rlkey=kvkbpjj83x99jzh36pml3krkr&st=yax138p7&raw=1	spawn ffmpeg ENOENT
https://www.dropbox.com/scl/fi/ngxb2o9bqe5bgur8rvl78/IMG_0194-2.mp4?rlkey=fkgqlbqalsxnuqi58s7xik95h&st=u3zf6aou&raw=1	spawn ffmpeg ENOENT
https://www.dropbox.com/scl/fi/jjxc6zjnnl7ojfbd5dyea/IMG_0193.mp4?rlkey=zg224l3jcyzp9abedj36q0thr&st=7nqspjrc&raw=1	spawn ffmpeg ENOENT
https://www.dropbox.com/scl/fi/foz092dqqtr5kz2oz3piy/IMG_0193-3.mp4?rlkey=ybqfvqtli0xd16gtin11b4zz4&st=am0bacoe&raw=1	spawn ffmpeg ENOENT
https://www.dropbox.com/scl/fi/kamu003d1ko7506j6f4bx/IMG_0192.mp4?rlkey=z02h0tyeb23ngwhjnip6k08ys&st=odh33nlw&raw=1	spawn ffmpeg ENOENT
https://www.dropbox.com/scl/fi/kf3673x0ehp13ytqsbj6s/IMG_0192-5.mp4?rlkey=992am9ei4fwyqeju5uefc26qw&st=suoeeygt&raw=1	spawn ffmpeg ENOENT
https://www.dropbox.com/scl/fi/wo569t3qumk0mhn5f5gtj/IMG_0192-2.mp4?rlkey=rmq5ilsv5tnpxh0txjaxwpbnk&st=nko2ydbb&raw=1	spawn ffmpeg ENOENT
https://www.dropbox.com/scl/fi/xrto3lgqa58u2u5z9l4tz/IMG_0191.mp4?rlkey=550vinl102p5il327gl1gh889&st=pwlwk6ae&raw=1	spawn ffmpeg ENOENT
https://www.dropbox.com/scl/fi/r0is10pk6mb1v9qgij4cb/IMG_0191-3.mp4?rlkey=0hjarllalvgtbaumxpsrmt0as&st=tyg8tx3r&raw=1	spawn ffmpeg ENOENT
https://www.dropbox.com/scl/fi/zv6lct3shkknpt5r93opb/IMG_0190-3.mp4?rlkey=9195mwx05d0h07hex7cqjws10&st=tn9rzui4&raw=1	spawn ffmpeg ENOENT
https://www.dropbox.com/scl/fi/82ufy6cfsye3qhu938yue/IMG_0189.mp4?rlkey=514udnmo7mfawa94bxxdo0a4g&st=0s74877m&raw=1	spawn ffmpeg ENOENT
https://www.dropbox.com/scl/fi/y1yudqkrmvb8t10qima6y/IMG_0189-3.mp4?rlkey=nlwz0axp5t9tj2mtj5sxhzwe4&st=cb2qyafm&raw=1	spawn ffmpeg ENOENT
https://www.dropbox.com/scl/fi/0fbxg2k9hnxx6mxy1vcey/IMG_0188.mp4?rlkey=t8z3rgc8nn7hj00bakyc75w6k&st=7vlkow89&raw=1	spawn ffmpeg ENOENT
https://www.dropbox.com/scl/fi/bqc0lar03ji6wlanw3g6i/IMG_0188-3.mp4?rlkey=41ooge9fh04dndcwxwia5yok9&st=0y3n0s6b&raw=1	spawn ffmpeg ENOENT
https://www.dropbox.com/scl/fi/5c73qgdzdwmvkmzau1kmu/IMG_0187.mp4?rlkey=fq9dx62d6bu79g60mmpwx56bp&st=v3uwjduj&raw=1	spawn ffmpeg ENOENT
https://www.dropbox.com/scl/fi/9ep01ojom14uz2c9dwqcq/IMG_0187-3.mp4?rlkey=o77jokbx7gemzxv3awp7sktse&st=5oce3g4w&raw=1	spawn ffmpeg ENOENT
https://www.dropbox.com/scl/fi/nywtkwp0brmparqzk1skg/IMG_0186.mp4?rlkey=isybgg58y3afafjirrj4bc8ds&st=shxclb25&raw=1	spawn ffmpeg ENOENT
https://www.dropbox.com/scl/fi/fkcw4tsrjuxs4ee135yuo/IMG_0185.mp4?rlkey=mjfkqz08ap5eb5jnb6e6uuzhb&st=m6vs4t0j&raw=1	spawn ffmpeg ENOENT
https://www.dropbox.com/scl/fi/8mojovreuam542442sucf/IMG_0184.mp4?rlkey=9de7pveke35ak8j6clhfonv46&st=8b4gbcb0&raw=1	spawn ffmpeg ENOENT
https://www.dropbox.com/scl/fi/3oru3imh333bts5dkc5ux/IMG_0183.mp4?rlkey=dos2velvijkikm052mj5388la&st=otkb25gf&raw=1	spawn ffmpeg ENOENT
https://www.dropbox.com/scl/fi/8on7kcnfouml4m20zwpd1/IMG_0182.mp4?rlkey=qbta4r21cq1ihh4l567riy3g2&st=sz66gtfu&raw=1	spawn ffmpeg ENOENT
https://www.dropbox.com/scl/fi/dwq713uy8siaejt3ax6r1/IMG_0181.mp4?rlkey=qnvzygju9lbxgso47z67pkd12&st=6w349f7l&raw=1	spawn ffmpeg ENOENT
https://www.dropbox.com/scl/fi/grk7zw9w9dg1e79j88e93/IMG_0180.mp4?rlkey=7xh0ddz8jvxj6hnbxuockvbgx&st=n4xc1bza&raw=1	spawn ffmpeg ENOENT
https://www.dropbox.com/scl/fi/1vqn61r1j38lizjwmn3if/IMG_0180-2.mp4?rlkey=fw8onr98bojj2sklzg6q5hjw3&st=7qi6uwt1&raw=1	spawn ffmpeg ENOENT
https://www.dropbox.com/scl/fi/stpv9ifr78s0ipbes1w0z/IMG_0179.mp4?rlkey=oqcv69ybte5z47n43gv7yf1bh&st=91cynxwu&raw=1	spawn ffmpeg ENOENT
https://www.dropbox.com/scl/fi/xvy6tr8v2ihw13whp1001/IMG_0178.mp4?rlkey=yu8mwn7re9u0rggoptloe9fjr&st=undplnpx&raw=1	spawn ffmpeg ENOENT
https://www.dropbox.com/scl/fi/jk5llv46iunrk7olxmdtg/IMG_0178-2.mp4?rlkey=xl6hozajkxnocpmmo4b68lzhs&st=cazu3no3&raw=1	spawn ffmpeg ENOENT
https://www.dropbox.com/scl/fi/ykp0ms28z102gnl2fbnv0/IMG_0177.mp4?rlkey=k3b1k562f588wl70ksow0on11&st=zepynmmr&raw=1	spawn ffmpeg ENOENT
https://www.dropbox.com/scl/fi/yv23vfy6x1o73nilj1sen/IMG_0176.mp4?rlkey=zhce890hy58ltruxkjeqthfpi&st=8fxg3ov4&raw=1	spawn ffmpeg ENOENT
https://www.dropbox.com/scl/fi/2c4sq97xjo7xmz4fupmkv/IMG_0175.mp4?rlkey=jdyc2t8jl1h5enn3kizdqs67q&st=rzn9gujm&raw=1	spawn ffmpeg ENOENT
https://www.dropbox.com/scl/fi/hrcwm28gapkk4o1j8q00s/IMG_0174.mp4?rlkey=c1ddxibqd5rvtvs6sbtl7cx7u&st=57pksd59&raw=1	spawn ffmpeg ENOENT
https://www.dropbox.com/scl/fi/5udy9tk0i408bold6hvf9/IMG_0172.mp4?rlkey=sjisdrcnatqfxeg1irwjxiit7&st=4uovsm3y&raw=1	spawn ffmpeg ENOENT
https://www.dropbox.com/scl/fi/ye0kt2ocfdbn7250yqlf9/IMG_0170.mp4?rlkey=4farhjei1txhdd3b0pzxqcjql&st=cig6d9av&raw=1	spawn ffmpeg ENOENT
https://www.dropbox.com/scl/fi/nnewfn60ztth8bx0127xw/IMG_0169.mp4?rlkey=js5m0ofbbeaaifihr128xg559&st=9f5x26x1&raw=1	spawn ffmpeg ENOENT
https://www.dropbox.com/scl/fi/hlf39gyfzj2twntbt0ne8/IMG_0168.mp4?rlkey=qd7cxyipwggody4jdbzbwgyrt&st=le53j15r&raw=1	spawn ffmpeg ENOENT
https://www.dropbox.com/scl/fi/3tgzn1bevnqyuxe03y6hd/IMG_0167.mp4?rlkey=lv9hag9tytb5tqylr3c6dux09&st=w96svrlb&raw=1	spawn ffmpeg ENOENT
https://www.dropbox.com/scl/fi/c275j2y9gg0prodr17wzh/IMG_0165.mp4?rlkey=8iigrqg0h6472w5h002dqpgak&st=z5qb7ywm&raw=1	spawn ffmpeg ENOENT
https://www.dropbox.com/scl/fi/gcsarxx22w7g6yuix9anu/IMG_0164.mp4?rlkey=u39fo8ks3a2qdtl2sxv3qsslv&st=dmv83fbk&raw=1	spawn ffmpeg ENOENT
https://www.dropbox.com/scl/fi/gev85fa1izgxcoerqfbb3/IMG_0163.mp4?rlkey=2f40q5ws2lg9rrsts710yrfl7&st=x2bykj9y&raw=1	spawn ffmpeg ENOENT
https://www.dropbox.com/scl/fi/8e4z2v8fhawqmg5emuxh7/IMG_0162.mp4?rlkey=exyslw44dorlojn274o0xx7cp&st=3kj8jjsc&raw=1	spawn ffmpeg ENOENT
https://www.dropbox.com/scl/fi/uwz0pcn4sa1tnwt8cgoqp/IMG_0161.mp4?rlkey=t3u0nfp0937wz132t1579y2kj&st=58b1yhzp&raw=1	spawn ffmpeg ENOENT
https://www.dropbox.com/scl/fi/if6j3j8uoszvevq9zi60j/IMG_0160.mp4?rlkey=sz3aumph9x9g3ltcv0d2f7vgz&st=w9jxxvll&raw=1	spawn ffmpeg ENOENT
https://www.dropbox.com/scl/fi/hraenc2cw5pldw2x1gouk/IMG_0159.mp4?rlkey=qcxx11iozbxkc8cu9x6nw9246&st=a6jvacrv&raw=1	spawn ffmpeg ENOENT
https://www.dropbox.com/scl/fi/ttbcqogcv1157czeeg5tq/IMG_0158.mp4?rlkey=4p4axl33w2zeg2da9fz2z8xts&st=p6fvl9me&raw=1	spawn ffmpeg ENOENT
https://www.dropbox.com/scl/fi/6hap2a6knrf76sddxaquc/IMG_0157.mp4?rlkey=cxmo0bdd38a30opte45xscxvo&st=goblsjig&raw=1	spawn ffmpeg ENOENT
https://www.dropbox.com/scl/fi/0ntc4uvyeiv89cku1d7x5/IMG_0156.mp4?rlkey=zurn8fk6rhid5muas70uqt7eb&st=17qbjyog&raw=1	spawn ffmpeg ENOENT
https://www.dropbox.com/scl/fi/jpna7g5qbyz7g4ukfqugq/IMG_0155.mp4?rlkey=b5wyjxpxomvxyfi8sggs96hy1&st=ctcxtypc&raw=1	spawn ffmpeg ENOENT
https://www.dropbox.com/scl/fi/sxxxus0l03nuxi429z1e1/IMG_0154.mp4?rlkey=rp89dl9am3itnb7lftb7p82rf&st=x388rplh&raw=1	spawn ffmpeg ENOENT
https://www.dropbox.com/scl/fi/oz26k7kvcj0u8822lmjev/IMG_0153.mp4?rlkey=protflanfz3u1cy4x2oxvrb8g&st=2z9qd0u6&raw=1	spawn ffmpeg ENOENT
https://www.dropbox.com/scl/fi/jlvv0on1l172u400v5v97/IMG_0152.mp4?rlkey=mr70ui1e9s6lqea698g0rsyos&st=bn3tp4qk&raw=1	spawn ffmpeg ENOENT
https://www.dropbox.com/scl/fi/3two6jnmdibj3t8crg06g/IMG_0151.mp4?rlkey=mycvmif7wodyx72qkuhihzcxk&st=z6d6huq5&raw=1	spawn ffmpeg ENOENT
https://www.dropbox.com/scl/fi/sqnbm8xk216nnc9tsxdku/IMG_0150.mp4?rlkey=1ubfrpo7yc9tg5mpi414mcas3&st=k50v0kqe&raw=1	spawn ffmpeg ENOENT
https://www.dropbox.com/scl/fi/ih682tj572ihx2hfg0q7w/IMG_0148.mp4?rlkey=ljleoxrao8blrwai9xkew14u9&st=ubgvgqpz&raw=1	spawn ffmpeg ENOENT
https://www.dropbox.com/scl/fi/xp1q0d0tbdkyqhqqbz1d2/IMG_0147.mp4?rlkey=mwhybg66d2gxna6rswoey5ffd&st=onoxv9cg&raw=1	spawn ffmpeg ENOENT
https://www.dropbox.com/scl/fi/keasztu2xudd4x8f42ov7/IMG_0146.mp4?rlkey=rsjx29rh7z52vwq8epx8y2qt2&st=atfni9sp&raw=1	spawn ffmpeg ENOENT
https://www.dropbox.com/scl/fi/9cnxtnx2895hlosfhozhp/IMG_0145.mp4?rlkey=wgl0o8mpt179q45rbvgkslink&st=jkufbzog&raw=1	spawn ffmpeg ENOENT
https://www.dropbox.com/scl/fi/mm13ggj84du2pfzro94ak/IMG_0144.mp4?rlkey=sys5e4m0c2cw0cq82xcek9ctl&st=jdrvdlnh&raw=1	spawn ffmpeg ENOENT
https://www.dropbox.com/scl/fi/zs6f34risjj2e8basxfc6/IMG_0143.mp4?rlkey=1bq4vvlv5dxmya16ke35qcqgg&st=mw2ym5yt&raw=1	spawn ffmpeg ENOENT
https://www.dropbox.com/scl/fi/w0c3yqmla5wio0m5d5vgu/IMG_0142.mp4?rlkey=viy234wy9aihzhl4qdpomp1bl&st=fzdzgajv&raw=1	spawn ffmpeg ENOENT
https://www.dropbox.com/scl/fi/ah5qb6nwegwuy7uwewlge/IMG_0141.mp4?rlkey=mwk2epbs8h7w017y2w3t920bd&st=71ltde2t&raw=1	spawn ffmpeg ENOENT
https://www.dropbox.com/scl/fi/ktbl89gt5aviux7sbv2ks/IMG_0140.mp4?rlkey=ml8f4qofez4ix0j2ou60raj28&st=px526nm4&raw=1	spawn ffmpeg ENOENT
https://www.dropbox.com/scl/fi/nlyyphceglbo9nzl0z63h/IMG_0138.mp4?rlkey=7pc00rwhoalym2xmsst5nw6ud&st=rjjb55kp&raw=1	spawn ffmpeg ENOENT
https://www.dropbox.com/scl/fi/7obm9ieyys8mpbwk3boem/IMG_0137.mp4?rlkey=cd8vuaw4lh6t2d23m5vj5fmsg&st=7i77ou8z&raw=1	spawn ffmpeg ENOENT
https://www.dropbox.com/scl/fi/rk8xegwt50r85865xx8pi/IMG_0135.mp4?rlkey=vvr5btycqzfrn39g9e0fogwtw&st=sanagdej&raw=1	spawn ffmpeg ENOENT
https://www.dropbox.com/scl/fi/13owyzp2hugo9swrkzdny/IMG_0134.mp4?rlkey=w5hxbdpn2wmjk7n7l6g4el2yc&st=6wmzv9wq&raw=1	spawn ffmpeg ENOENT
https://www.dropbox.com/scl/fi/qd3csc3oxnezyfh3p7erv/IMG_0133.mp4?rlkey=ciroamj6y0iyuqhzkixegjuhw&st=gl0m8wfj&raw=1	spawn ffmpeg ENOENT
https://www.dropbox.com/scl/fi/deq6adv2vanwax80ou0zp/IMG_0132.mp4?rlkey=z27krlkdluxc3ensenubaxx9p&st=pa9yz2fi&raw=1	spawn ffmpeg ENOENT
https://www.dropbox.com/scl/fi/ftimd2hzlicpdj94qu2n6/IMG_0131.mp4?rlkey=tckalwpjmrxmzrydn7kfc2y7x&st=a0st8svt&raw=1	spawn ffmpeg ENOENT
https://www.dropbox.com/scl/fi/gb02tuw2ke1q6y1k64726/IMG_0129.mp4?rlkey=5rhounloc4q6wh9371u9du30f&st=687ssbvw&raw=1	spawn ffmpeg ENOENT
https://www.dropbox.com/scl/fi/lp431y0ei9jguo8xvi6ef/IMG_0128.mp4?rlkey=mo6zzspecf01g6wdjd9eqzrsb&st=qezwotu9&raw=1	spawn ffmpeg ENOENT
https://www.dropbox.com/scl/fi/wgsd5otkf7t255hipmaox/IMG_0126.mp4?rlkey=u2r33wdhwraemedi6azh4ipme&st=c3mnzevc&raw=1	spawn ffmpeg ENOENT
https://www.dropbox.com/scl/fi/lc7b954lysg2lbvn8xek7/IMG_0125-2.mp4?rlkey=4ysz1in8mtoprkfo3vtqjiufa&st=yym26z8s&raw=1	spawn ffmpeg ENOENT
https://www.dropbox.com/scl/fi/csebp9g4p4y3vnyfft3yi/IMG_0122.mp4?rlkey=uzxwkojsfcu7y8fwxw9ljs88o&st=dexz3f4z&raw=1	spawn ffmpeg ENOENT
https://www.dropbox.com/scl/fi/yz6i6yw3nvcacoy3ttn14/IMG_0120.mp4?rlkey=80ighooczpff88s72h6nmz174&st=4v9anex8&raw=1	spawn ffmpeg ENOENT
https://www.dropbox.com/scl/fi/sjup4czx7r6xzzf1d9upd/IMG_0119.mp4?rlkey=gv50lf3xt19gow8u7n1pkvdf9&st=lyo14b3v&raw=1	spawn ffmpeg ENOENT
https://www.dropbox.com/scl/fi/xm2lg15ipph0ju0wqgxh8/IMG_0118.mp4?rlkey=nk6e2atszm7trf0144iliad8r&st=hqfd6pho&raw=1	spawn ffmpeg ENOENT
https://www.dropbox.com/scl/fi/05bjqwxvlbgdv0kug6avp/IMG_0117.mp4?rlkey=vmxbgzr3utpgi9zsakjx0329y&st=58au08dc&raw=1	spawn ffmpeg ENOENT
https://www.dropbox.com/scl/fi/1yosnh4pxwimqrq08415f/IMG_0114.mp4?rlkey=nok6fugzj0m1cqd6v7smppq9l&st=tskvoo8h&raw=1	spawn ffmpeg ENOENT
https://www.dropbox.com/scl/fi/3mpm1cnoqkpaomx0cwrmj/IMG_0113.mp4?rlkey=mmlywzifsj4eoywltsx0ai6rt&st=xcsz4h0w&raw=1	spawn ffmpeg ENOENT
https://www.dropbox.com/scl/fi/t1cf1290jdj9pq6ur097x/IMG_0111.mp4?rlkey=s5h86r6db0qnz0yeci20z2qz0&st=7ycea8c2&raw=1	spawn ffmpeg ENOENT
https://www.dropbox.com/scl/fi/n4daiar6upr7vhhah8v9n/IMG_0110.mp4?rlkey=gr7joqw86q3rwo0hxf65nwu1q&st=dj8w1jar&raw=1	spawn ffmpeg ENOENT
https://www.dropbox.com/scl/fi/f9ep3z67tssvvlvbfawdy/IMG_0109.mp4?rlkey=oe2rgalrm2mkhzrc0m9lku5fk&st=iyz36jj4&raw=1	spawn ffmpeg ENOENT
https://www.dropbox.com/scl/fi/mua1i3y6kpbwxntxu5ujq/IMG_0109-2.mp4?rlkey=wwhuykigcldwiu8fk8nnrjkln&st=524aquv6&raw=1	spawn ffmpeg ENOENT
https://www.dropbox.com/scl/fi/78t4ijbd9dsaalntdgunx/IMG_0108.mp4?rlkey=o1dqylcc5wy2pwdi5yopz0a3q&st=uol1u9hm&raw=1	spawn ffmpeg ENOENT
https://www.dropbox.com/scl/fi/chknqiu94z74h0kqsa5lp/IMG_0107.mp4?rlkey=ljumltxjfrc4s878iatnwxvad&st=rb3hit4u&raw=1	spawn ffmpeg ENOENT
https://www.dropbox.com/scl/fi/wrn6v66qvs939b82m0kon/IMG_0106.mp4?rlkey=05zcyqyad9mzesfe5r4bv65ub&st=2wtud5wn&raw=1	spawn ffmpeg ENOENT
https://www.dropbox.com/scl/fi/e62gyehx6094svcuaa1h3/IMG_0105.mp4?rlkey=4ca54yhw13ntkvz81iadxngpb&st=c429v96f&raw=1	spawn ffmpeg ENOENT
https://www.dropbox.com/scl/fi/xjqpr7x83xpjx6q9i3kyl/IMG_0104.mp4?rlkey=kwg4emf16w67n9bfoxcjoh36s&st=m622qf4e&raw=1	spawn ffmpeg ENOENT
https://www.dropbox.com/scl/fi/l6x16zh4ck1360xnmeu5e/IMG_0103.mp4?rlkey=nxkwror23sgur2sstq5ed8vjn&st=z5ajz5w9&raw=1	spawn ffmpeg ENOENT
https://www.dropbox.com/scl/fi/uy8hs1uy1wl60a9nlg680/IMG_0101.mp4?rlkey=7azohapriicb06iccs17e3thj&st=z2jve6wg&raw=1	spawn ffmpeg ENOENT
https://www.dropbox.com/scl/fi/nf2dtc1lvur8xq92dlr7l/IMG_0100.mp4?rlkey=oo0ytzn7bkxsqjfzjwnd3lx9p&st=exws07tr&raw=1	spawn ffmpeg ENOENT
https://www.dropbox.com/scl/fi/kvdl34ihqjyypu56ij0xp/IMG_0099.mp4?rlkey=cc1gp4jy0zatdeggz5il6i7lc&st=vk93m4v7&raw=1	spawn ffmpeg ENOENT
https://www.dropbox.com/scl/fi/9ximti4dx3g52uv5l3bg9/IMG_0098.mp4?rlkey=vb6tm2nwiz7dju1rwgxgqno6o&st=8d50vd5f&raw=1	spawn ffmpeg ENOENT
https://www.dropbox.com/scl/fi/vgvxcbkn5ekm6g1suf8w5/IMG_0098-2.mp4?rlkey=w0tuopms08t9awici43s46sq8&st=x30id7wl&raw=1	spawn ffmpeg ENOENT
https://www.dropbox.com/scl/fi/a6lsyczvcagtqc3lt867x/IMG_0097.mp4?rlkey=gkqwj6gm3qqqk2g7mr7pvft2x&st=h4z2jfqm&raw=1	spawn ffmpeg ENOENT
https://www.dropbox.com/scl/fi/ovx46pvrd4ux9svuhhb1o/IMG_0096.mp4?rlkey=dumugltid7vivz0hlhlqzccme&st=nm7fa6t6&raw=1	spawn ffmpeg ENOENT
https://www.dropbox.com/scl/fi/v2dzcv1l1a3xbcdqvoxs8/IMG_0095.mp4?rlkey=17puqdhmjup4tabkvg2cyq26l&st=jz88y4ln&raw=1	spawn ffmpeg ENOENT
https://www.dropbox.com/scl/fi/2squ31ml8b43gd4val4ee/IMG_0094.mp4?rlkey=4t0dz84scvrvxktnm0ag4m4ob&st=x8o275q7&raw=1	spawn ffmpeg ENOENT
https://www.dropbox.com/scl/fi/vmb1c71mgijfivir2tgtn/IMG_0094-2.mp4?rlkey=je87pt2qq2i8ve1gz8oz8nwbm&st=3nhau18i&raw=1	spawn ffmpeg ENOENT
https://www.dropbox.com/scl/fi/kz6dm7a1310gv1t2yyswp/IMG_0093.mp4?rlkey=ld8jop587wilm0abecg3rfnix&st=rywcwnae&raw=1	spawn ffmpeg ENOENT
https://www.dropbox.com/scl/fi/vm2ad7hdx0wszqhm87amp/IMG_0092.mp4?rlkey=r0xx79krmopgyw6dveelnlnwh&st=c2vw1b8k&raw=1	spawn ffmpeg ENOENT
https://www.dropbox.com/scl/fi/o1gazmr18kjov9qtmfh66/IMG_0092-3.mp4?rlkey=jh3n3c61w0enk8gbp3w03xnb8&st=4spcwcs1&raw=1	spawn ffmpeg ENOENT
https://www.dropbox.com/scl/fi/vg90oq5ykkd8hc14xb7rm/IMG_0092-2.mp4?rlkey=74utb2ttv2ve5ipn9c84swlq9&st=xpbfav26&raw=1	spawn ffmpeg ENOENT
https://www.dropbox.com/scl/fi/sr7fx1l0bbcip7mlra6a4/IMG_0091.mp4?rlkey=ufcd4o90oa2t8hvqos023npcw&st=lcduk3xc&raw=1	spawn ffmpeg ENOENT
https://www.dropbox.com/scl/fi/ct8kb6j6tk4068drg0g5x/IMG_0091-4.mp4?rlkey=dcs3j8ugx4y8irzncehhglmcl&st=hz6ogd37&raw=1	spawn ffmpeg ENOENT
https://www.dropbox.com/scl/fi/zlbpcdtiejtn6mwjimi7r/IMG_0091-3.mp4?rlkey=1m8uzxm05py54ifs7lrfzrbdy&st=lug9rdbh&raw=1	spawn ffmpeg ENOENT
https://www.dropbox.com/scl/fi/a5b5oly5yol244okjnf9g/IMG_0090-4.mp4?rlkey=9ft3x7eslpsdxp0phzda2qjgm&st=414po7i8&raw=1	spawn ffmpeg ENOENT
https://www.dropbox.com/scl/fi/hygb14eprhwtvefm9vaz1/IMG_0090-3.mp4?rlkey=x3se4cx1aydm74ljithkq2rwh&st=y0568a09&raw=1	spawn ffmpeg ENOENT
https://www.dropbox.com/scl/fi/f46c0v3ipo3r81ua49hgj/IMG_0090-2.mp4?rlkey=xeiqoytvpr6n98vf596sgvwv1&st=rveywpuq&raw=1	spawn ffmpeg ENOENT
https://www.dropbox.com/scl/fi/zqzu39l8ujbzco7ena4xr/IMG_0089.mp4?rlkey=87i8smcgkp5v3yz1ii28726g6&st=oi3n7419&raw=1	spawn ffmpeg ENOENT
https://www.dropbox.com/scl/fi/6rwtthr7gwqq3fz2r9p6n/IMG_0089-4.mp4?rlkey=im6qbiz78nl3rdmr2i3ecc06r&st=fr08xz1y&raw=1	spawn ffmpeg ENOENT
https://www.dropbox.com/scl/fi/20o7m9bfg982hvly8exr1/IMG_0089-2.mp4?rlkey=c56mvnarcwjk5kw119rux14ha&st=ejwpf1tw&raw=1	spawn ffmpeg ENOENT
https://www.dropbox.com/scl/fi/2jc3fkv3m7nz0pupfe8cp/IMG_0088.mp4?rlkey=kiyz4f7tfixmkp9ivsvls4tyc&st=sfllmavc&raw=1	spawn ffmpeg ENOENT
https://www.dropbox.com/scl/fi/74a66p77gnnug3zj4bhou/IMG_0088-2.mp4?rlkey=2gqquuavf4u93nr6dgsh45ccp&st=p7ppgp6z&raw=1	spawn ffmpeg ENOENT
https://www.dropbox.com/scl/fi/3nkof230zzajkytbc5i1i/IMG_0087.mp4?rlkey=0wuw4yfnmg5lbjnj9h8h26xgm&st=vvzqjh73&raw=1	spawn ffmpeg ENOENT
https://www.dropbox.com/scl/fi/p44rtcxedhs9gti9dhnqa/IMG_0087-2.mp4?rlkey=f1c3x4fk1b5zxg9tn92mx80r8&st=2bm8b3ih&raw=1	spawn ffmpeg ENOENT
https://www.dropbox.com/scl/fi/jrewa10ufhcldvkioktpf/IMG_0086-2.mp4?rlkey=p0n8f8wppz9ghrhmutosx333w&st=lz2cnumd&raw=1	spawn ffmpeg ENOENT
https://www.dropbox.com/scl/fi/3z2jpv5jsel21sephirf5/IMG_0085.mp4?rlkey=37leevi3j4r1jdp3x3l16kvw9&st=0m7fnfs2&raw=1	spawn ffmpeg ENOENT
https://www.dropbox.com/scl/fi/pvodlnwu7c757ite50buy/IMG_0084.mp4?rlkey=gmrxn0s6g1ivswklq660kgr4f&st=a1do27d4&raw=1	spawn ffmpeg ENOENT
https://www.dropbox.com/scl/fi/p9hsmwp6u0vzpa05ikztu/IMG_0084-2.mp4?rlkey=iufwrof749iwu9513vjidwjms&st=lssg9938&raw=1	spawn ffmpeg ENOENT
https://www.dropbox.com/scl/fi/h8t64mns9txeasj63zgwu/IMG_0083.mp4?rlkey=30v7ty3a8l04o3oir3katgmfa&st=kkhq9kmh&raw=1	spawn ffmpeg ENOENT
https://www.dropbox.com/scl/fi/3d3f4aay4t9aybsrntolu/IMG_0083-2.mp4?rlkey=761j3u8xvjqlaage2z26of26z&st=sp3zyd3t&raw=1	spawn ffmpeg ENOENT
https://www.dropbox.com/scl/fi/pmmuqyd1aks4tkwc3dvor/IMG_0082.mp4?rlkey=ngyw7684vb9pfzznnjqwf54s3&st=mcmhqr69&raw=1	spawn ffmpeg ENOENT
https://www.dropbox.com/scl/fi/tbqi2tkf493b208m4zt8u/IMG_0082-4.mp4?rlkey=6lck0ebf5utgw9jgax7oat1el&st=qfsgriu1&raw=1	spawn ffmpeg ENOENT
https://www.dropbox.com/scl/fi/dkycu4zko0ckzi4b82p02/IMG_0082-2.mp4?rlkey=mrz4w3hdsglvoxst2gy2nuiw7&st=y84gg3e5&raw=1	spawn ffmpeg ENOENT
https://www.dropbox.com/scl/fi/tjfo566afzijggc0lwwcm/IMG_0081.mp4?rlkey=0qpsok86melal1oxz65d2uy3p&st=hl3p92ru&raw=1	spawn ffmpeg ENOENT
https://www.dropbox.com/scl/fi/c1wbx8tg0zdr87oqo4nvk/IMG_0081-3.mp4?rlkey=txucu7r4yy3qt9ljoanll16w9&st=k6gbfx2v&raw=1	spawn ffmpeg ENOENT
https://www.dropbox.com/scl/fi/9y8vsn791vgtywm3xa0h0/IMG_0081-2.mp4?rlkey=akb7ryu0zx4cfin8qun29c7hg&st=e9jya9nb&raw=1	spawn ffmpeg ENOENT
https://www.dropbox.com/scl/fi/wl2z4kcrh74nc1une72n3/IMG_0080.mp4?rlkey=xpzoxh3g0v3bo8qqmkxrh0kqk&st=f8ul3plg&raw=1	spawn ffmpeg ENOENT
https://www.dropbox.com/scl/fi/tbo5ytsr0nbomjfq6d9ia/IMG_0078.mp4?rlkey=0qtwt9xkaj6d67d2xqyq0oxyq&st=q2bndk24&raw=1	spawn ffmpeg ENOENT
https://www.dropbox.com/scl/fi/0l854e8udoe2twidd07z2/IMG_0078-2.mp4?rlkey=kz6do6l2ccsjfs5ln6z2zb1z1&st=x4k80lct&raw=1	spawn ffmpeg ENOENT
https://www.dropbox.com/scl/fi/1q6327jd8lvmw9zxt6bqe/IMG_0077.mp4?rlkey=k80qcjrzvir58gb6vteoplo5f&st=ps9c1zwz&raw=1	spawn ffmpeg ENOENT
https://www.dropbox.com/scl/fi/l35fuy2ww9xxdyqeb4m18/IMG_0077-3.mp4?rlkey=wg6sr55069pphnvtbhsytnvup&st=8h4khg6x&raw=1	spawn ffmpeg ENOENT
https://www.dropbox.com/scl/fi/psspchb9jehanq5h8mglt/IMG_0077-2.mp4?rlkey=g6y9vjubc6rgs5yk065b1706w&st=y5ojnri9&raw=1	spawn ffmpeg ENOENT
https://www.dropbox.com/scl/fi/w1r0rgzzt18q0kcuhug84/IMG_0076.mp4?rlkey=xutxwox3r84z27pmqjnfy6hqe&st=6gxubj6d&raw=1	spawn ffmpeg ENOENT
https://www.dropbox.com/scl/fi/263e0azcgyna72tnfzim2/IMG_0076-3.mp4?rlkey=8v8x4rx01m9a406bn6n11owjc&st=onx4j42v&raw=1	spawn ffmpeg ENOENT
https://www.dropbox.com/scl/fi/ajntursuxkpn21zutigrd/IMG_0075.mp4?rlkey=pvj115pvqvvp3ha1p0vj8a0na&st=vylohe7g&raw=1	spawn ffmpeg ENOENT
https://www.dropbox.com/scl/fi/3e1cepwcuji9xak7d1k0z/IMG_0075-4.mp4?rlkey=2kjfwxh701jvkqp7u13aiubo0&st=xm9d7fwx&raw=1	spawn ffmpeg ENOENT
https://www.dropbox.com/scl/fi/27cn2j3p34nbzxglh69n2/IMG_0075-2.mp4?rlkey=ao0qcnw7clvkhtp4azc09wq3q&st=7lc4g2l3&raw=1	spawn ffmpeg ENOENT
https://www.dropbox.com/scl/fi/9t8bnj61v0v8g7wsy5u8q/IMG_0074.mp4?rlkey=n55jne6qf9o562cjmaa74kjbo&st=mszv05rt&raw=1	spawn ffmpeg ENOENT
https://www.dropbox.com/scl/fi/k1k8qb7afw656rj18e1y1/IMG_0073.mp4?rlkey=89l381p4c44nmabf57q5w0a9e&st=wzk0zs7h&raw=1	spawn ffmpeg ENOENT
https://www.dropbox.com/scl/fi/szzfn4hk6aparasut9ln4/IMG_0072.mp4?rlkey=1cick0s87zirph797858c3qmd&st=ggzqqhh9&raw=1	spawn ffmpeg ENOENT
https://www.dropbox.com/scl/fi/g171n4biz4vc2kcv4rxk2/IMG_0072-3.mp4?rlkey=fm8fpgzjtec7h63depk9f4vtr&st=sa0t7fxq&raw=1	spawn ffmpeg ENOENT
https://www.dropbox.com/scl/fi/fbmzmu3fnzo5hti9ickrh/IMG_0072-2.mp4?rlkey=rjw3d6h7xbwlyl40rjmton20w&st=ft1u70dg&raw=1	spawn ffmpeg ENOENT
https://www.dropbox.com/scl/fi/bn9bphutfftljj1n1x8j0/IMG_0071.mp4?rlkey=ks85nhkesialic2neh0z2b0ej&st=ly79j929&raw=1	spawn ffmpeg ENOENT
https://www.dropbox.com/scl/fi/dpiqs803uvz19wpei9owq/IMG_0071-2.mp4?rlkey=civq8o0jsstypgr1jb3r54l73&st=rhoawifg&raw=1	spawn ffmpeg ENOENT
https://www.dropbox.com/scl/fi/kdop0ajkhwvq9b0gkezzl/IMG_0070.mp4?rlkey=e75ucqf72ufzb9pihfwmhyys7&st=hk22552n&raw=1	spawn ffmpeg ENOENT
https://www.dropbox.com/scl/fi/a06lps0dcb6jx3bdkn9ul/IMG_0070-2.mp4?rlkey=lwg61ww11esvxaz3qz3xvn9ru&st=1rxfe7g8&raw=1	spawn ffmpeg ENOENT
https://www.dropbox.com/scl/fi/b51grw68eep55141e4j7z/IMG_0069.mp4?rlkey=6o3ebslkam6cvvruc5iqh6vd9&st=n9u2wgut&raw=1	spawn ffmpeg ENOENT
https://www.dropbox.com/scl/fi/sgtyp8syj3m0zmhwpubzy/IMG_0069-3.mp4?rlkey=hnidwukxqvah6mclms1s8nyqb&st=2m7uer2i&raw=1	spawn ffmpeg ENOENT
https://www.dropbox.com/scl/fi/ozbd79lqu09a9lci2u9d9/IMG_0069-2.mp4?rlkey=escoc81gbzvgjnleppyr9td7e&st=ttt7dp6m&raw=1	spawn ffmpeg ENOENT
https://www.dropbox.com/scl/fi/3pwzbuw31hbiq5e4esqjf/IMG_0068.mp4?rlkey=9l483t689sh5yixqxfn16uqd0&st=rspwej3f&raw=1	spawn ffmpeg ENOENT
https://www.dropbox.com/scl/fi/v9iobci7oh292yv63uqcb/IMG_0068-4.mp4?rlkey=mem3t5x0wjefehdv59prvgfbw&st=w9eectcb&raw=1	spawn ffmpeg ENOENT
https://www.dropbox.com/scl/fi/jfttuj5vg2dpbzlac2k0s/IMG_0068-2.mp4?rlkey=aoneds1dwlsqyh08j0pf11ujh&st=putdjpee&raw=1	spawn ffmpeg ENOENT
https://www.dropbox.com/scl/fi/djwmsunzx5ve4eua2fcro/IMG_0067.mp4?rlkey=ymtpsb5483hmyfssiierzyfbl&st=yt2lhpgn&raw=1	spawn ffmpeg ENOENT
https://www.dropbox.com/scl/fi/zqtatpk9jshmp4udi3ox6/IMG_0067-3.mp4?rlkey=jskkmy2o0dtevmavxog4o4ruz&st=nrs674nc&raw=1	spawn ffmpeg ENOENT
https://www.dropbox.com/scl/fi/16mbhdrj4xwsu07x0kdml/IMG_0067-2.mp4?rlkey=0kvrn0f4p1hyx0z3ck8k56f7q&st=1ptcf0me&raw=1	spawn ffmpeg ENOENT
https://www.dropbox.com/scl/fi/2nttbww9ca1erp9t19meo/IMG_0066.mp4?rlkey=u9ae9131j2dpgai9fkhnybnwf&st=y40x9ig2&raw=1	spawn ffmpeg ENOENT
https://www.dropbox.com/scl/fi/vza5s3oio74wh369nr87z/IMG_0066-3.mp4?rlkey=y7f28qz7ovcbtobosc8dbxomm&st=bj9j25u0&raw=1	spawn ffmpeg ENOENT
https://www.dropbox.com/scl/fi/6dnd2b67mzwqva2pwrmcr/IMG_0065.mp4?rlkey=9syx2mf2rd5uvi8fguzu1zmma&st=a0vb5pcs&raw=1	spawn ffmpeg ENOENT
https://www.dropbox.com/scl/fi/9i6cgy4s72ke3xrz6p4bv/IMG_0065-4.mp4?rlkey=ra5r7dx0sskuvfb8yuu90ry6n&st=4k04i52k&raw=1	spawn ffmpeg ENOENT
https://www.dropbox.com/scl/fi/k16gt7x73iv4zrwlyf258/IMG_0065-2.mp4?rlkey=751ps925q40vzsx29nouygylp&st=omety9yr&raw=1	spawn ffmpeg ENOENT
https://www.dropbox.com/scl/fi/p0w3gvt1mrw6ejali4etc/IMG_0064.mp4?rlkey=md8gw4hyiirbpm9bzskofwfri&st=dbsidb13&raw=1	spawn ffmpeg ENOENT
https://www.dropbox.com/scl/fi/c5q3wh2yil15p5a4ok7kt/IMG_0064-4.mp4?rlkey=iwzliretyw31z6e3j9pe7astb&st=g5t02j7a&raw=1	spawn ffmpeg ENOENT
https://www.dropbox.com/scl/fi/v04r3mcu27sro81nkn7ua/IMG_0064-3.mp4?rlkey=3tjg5f1wqz93ypi03jk8aqtcp&st=t533k3ib&raw=1	spawn ffmpeg ENOENT
https://www.dropbox.com/scl/fi/bxx8rzejwlwdqt2x98ieo/IMG_0064-2.mp4?rlkey=km3w5ar7dmh4c7wmthqj21f9c&st=3upv731o&raw=1	spawn ffmpeg ENOENT
https://www.dropbox.com/scl/fi/b2ptulstlpd5oahcv9u5a/IMG_0063.mp4?rlkey=s04l76cvw0y6nmemm5508410l&st=bu0iqd3u&raw=1	spawn ffmpeg ENOENT
https://www.dropbox.com/scl/fi/an1xw61cpprblskxp2am5/IMG_0063-4.mp4?rlkey=74yi5ggx5um7tfrcbcglmw00y&st=qxb61p8x&raw=1	spawn ffmpeg ENOENT
https://www.dropbox.com/scl/fi/xe3o14iuzyajx7w2xbtdk/IMG_0063-2.mp4?rlkey=bh3khl4r53sx489e1k1lja2mw&st=vkcklv3a&raw=1	spawn ffmpeg ENOENT
https://www.dropbox.com/scl/fi/7jjqp7xf3od34xx33wgln/IMG_0062.mp4?rlkey=vrjwcv33v8yc53lylutohly37&st=cza3tz7g&raw=1	spawn ffmpeg ENOENT
https://www.dropbox.com/scl/fi/3mneh9prr5yrvonlpq1ma/IMG_0062-4.mp4?rlkey=elnzyal9zpez0wzt83kbsqo22&st=iyb8s82p&raw=1	spawn ffmpeg ENOENT
https://www.dropbox.com/scl/fi/gehdlndwxaq1oholoj7on/IMG_0062-2.mp4?rlkey=oko0m3u2uf2z1yo2j3rossyqt&st=2ayuaoe6&raw=1	spawn ffmpeg ENOENT
https://www.dropbox.com/scl/fi/ql3b1wt0erf4rstuxknm0/IMG_0061.mp4?rlkey=g553gh2yo7kjviug8ymcm0lz0&st=bc0imixk&raw=1	spawn ffmpeg ENOENT
https://www.dropbox.com/scl/fi/oe8le6v2hgsprbndvvbjp/IMG_0061-2.mp4?rlkey=0pfoqrz8fa1arxgbo6rlm6jtx&st=09rg0ln3&raw=1	spawn ffmpeg ENOENT
https://www.dropbox.com/scl/fi/g46b7nwwzxvfvo5v7vuvm/IMG_0060.mp4?rlkey=nnp6c06a56ksh5szqycfr494v&st=c1bvoowa&raw=1	spawn ffmpeg ENOENT
https://www.dropbox.com/scl/fi/czmc5j90lfrrgweakrj7y/IMG_0060-3.mp4?rlkey=iwev32cn69pye0eoqlns5yxan&st=60ec0rbb&raw=1	spawn ffmpeg ENOENT
https://www.dropbox.com/scl/fi/npajtd9uj136qm3wbfj3j/IMG_0059.mp4?rlkey=iuv4lwn9odne7wadrcy7m8s27&st=89aebo5c&raw=1	spawn ffmpeg ENOENT
https://www.dropbox.com/scl/fi/jmyym8ndhyymtdmwonv8u/IMG_0059-4.mp4?rlkey=jzqhi28kgtfour866jbfl0sgy&st=h3m2nldq&raw=1	spawn ffmpeg ENOENT
https://www.dropbox.com/scl/fi/iolwzpmgh0w9p6o735utk/IMG_0059-2.mp4?rlkey=3w9v6w5fcp3k0zf1pyym7uyw4&st=ako8d3gc&raw=1	spawn ffmpeg ENOENT
https://www.dropbox.com/scl/fi/53uzmpfkd3w6eaysodxho/IMG_0058.mp4?rlkey=meqla2ic2j3emeg411e9o6c1b&st=u3dss6b1&raw=1	spawn ffmpeg ENOENT
https://www.dropbox.com/scl/fi/vf0b3xh4hnpq6lqdun34e/IMG_0058-2.mp4?rlkey=x0cu9f56ffcv77ehjd3mbn6lu&st=e2o48lwt&raw=1	spawn ffmpeg ENOENT
https://www.dropbox.com/scl/fi/h9gfalhj6p4o68feksivm/IMG_0057.mp4?rlkey=k63b2ra94p4j6x7fwcm3lpukn&st=jyji4t12&raw=1	spawn ffmpeg ENOENT
https://www.dropbox.com/scl/fi/23rhv6sfa2ud1a2w80z46/IMG_0057-4.mp4?rlkey=f7han7wkgqhw2ity0ghvgcsc9&st=u29ip5bi&raw=1	spawn ffmpeg ENOENT
https://www.dropbox.com/scl/fi/1vuzigi1j79h2xshoj0bv/IMG_0057-2.mp4?rlkey=izju6cnf2erx845olc9mmalnt&st=5df90co3&raw=1	spawn ffmpeg ENOENT
https://www.dropbox.com/scl/fi/jfdb212hc1611hvaw1pxz/IMG_0056.mp4?rlkey=22whurgnoikolewnayggcawxa&st=cp7ro3lv&raw=1	spawn ffmpeg ENOENT
https://www.dropbox.com/scl/fi/erm7p9fuwpy9snt5yt2mi/IMG_0056-4.mp4?rlkey=znktienwau480kt46nmbmoi1p&st=9dmoikdg&raw=1	spawn ffmpeg ENOENT
https://www.dropbox.com/scl/fi/vpu2iavu1po4hkh8hh4w6/IMG_0056-2.mp4?rlkey=neegbmvz7xx4qm4vzvciv191x&st=d8kfwapc&raw=1	spawn ffmpeg ENOENT
https://www.dropbox.com/scl/fi/udnuxc8m612zj2gmpyvn7/IMG_0055.mp4?rlkey=i3neihn1nzpxgql11j30rly19&st=rtp4lpvi&raw=1	spawn ffmpeg ENOENT
https://www.dropbox.com/scl/fi/t2nl115bv4bn3jj27lhzs/IMG_0055-4.mp4?rlkey=dgul2k4b7cxagcgrqvkrf3a0u&st=hz0npwf1&raw=1	spawn ffmpeg ENOENT
https://www.dropbox.com/scl/fi/o8q84vgpzw9m66yncxrem/IMG_0055-2.mp4?rlkey=a9j40an8hcpqjpthd0nq5cccu&st=zmlyfe1m&raw=1	spawn ffmpeg ENOENT
https://www.dropbox.com/scl/fi/heromhnvfmcwp1485hfhn/IMG_0054.mp4?rlkey=mdp216sluq37qj1fq1eplnw7a&st=q3ykpvrs&raw=1	spawn ffmpeg ENOENT
https://www.dropbox.com/scl/fi/k0buxtlxqhicryic44n8f/IMG_0054-4.mp4?rlkey=rr6iw2l13p5pqrugjxz1c17xf&st=sayp7pgl&raw=1	spawn ffmpeg ENOENT
https://www.dropbox.com/scl/fi/dup8a43sxmfc6mxn6tkbf/IMG_0054-2.mp4?rlkey=07atc1qg8v0700a7e3bkfnr2a&st=a8krn0a5&raw=1	spawn ffmpeg ENOENT
https://www.dropbox.com/scl/fi/vuvmv25gqy1920q9djhs4/IMG_0053.mp4?rlkey=4k9cd9wh4eynx1vid3w05mzd1&st=wouzjvf9&raw=1	spawn ffmpeg ENOENT
https://www.dropbox.com/scl/fi/vla9etyc4kdgkvniv8fh2/IMG_0053-4.mp4?rlkey=ht8jfuuptup7vj1za2eaqkvuu&st=pr8dtbaf&raw=1	spawn ffmpeg ENOENT
https://www.dropbox.com/scl/fi/47o3kp8ik03vf1pcioqu5/IMG_0053-2.mp4?rlkey=tjt24a877u0mnbydfnbohctta&st=i4c5hnc4&raw=1	spawn ffmpeg ENOENT
https://www.dropbox.com/scl/fi/9aqcrzwpisil2d7sye54a/IMG_0052.mp4?rlkey=dgbub7rouxfvfdkcnoo7qjs7d&st=1f3z4i2z&raw=1	spawn ffmpeg ENOENT
https://www.dropbox.com/scl/fi/ort41i3xi5c6urnmbw6qc/IMG_0052-3.mp4?rlkey=i6am28xhv3evotuhcnx7j551i&st=o8qhh510&raw=1	spawn ffmpeg ENOENT
https://www.dropbox.com/scl/fi/e4xmbf6pwk1q3swgp1bc7/IMG_0051.mp4?rlkey=n1j52govpesnl3f2nt7t6z5a1&st=kuc95hfo&raw=1	spawn ffmpeg ENOENT
https://www.dropbox.com/scl/fi/ufk62f0z6xoccugs216k3/IMG_0051-2.mp4?rlkey=q8so4jbxfsdj5qphkkl2uffgc&st=rl229xfm&raw=1	spawn ffmpeg ENOENT
https://www.dropbox.com/scl/fi/ue1tiqf67av2uq4n445c3/IMG_0050.mp4?rlkey=e0meli7v0vxausrthko71nr28&st=y06daflu&raw=1	spawn ffmpeg ENOENT
https://www.dropbox.com/scl/fi/7kf3h117vrex1qwkt2651/IMG_0050-3.mp4?rlkey=kiymcb3fnsenrh3lv9zzjhz28&st=kkypof66&raw=1	spawn ffmpeg ENOENT
https://www.dropbox.com/scl/fi/7ccsuldwf5h5hu5fx0l3v/IMG_0049.mp4?rlkey=rdemnyuenswin2qbb7fytxzv5&st=runk8ukb&raw=1	spawn ffmpeg ENOENT
https://www.dropbox.com/scl/fi/76p3ooi9xeprhyahhwr5a/IMG_0049-4.mp4?rlkey=h59m7yimziu241arfaeowkhm6&st=lbqoz0ba&raw=1	spawn ffmpeg ENOENT
https://www.dropbox.com/scl/fi/eqlh9ds9ehjn0l78fpap9/IMG_0049-2.mp4?rlkey=7v85et1637is5v6mli0r29qzy&st=tgg75slg&raw=1	spawn ffmpeg ENOENT
https://www.dropbox.com/scl/fi/sgteyx51vbb5c21fpwj98/IMG_0048.mp4?rlkey=jonvlqr99dg60j1uk4x36oklh&st=y64bzs1a&raw=1	spawn ffmpeg ENOENT
https://www.dropbox.com/scl/fi/qnfbb55zaocsut2sbptj4/IMG_0048-4.mp4?rlkey=vd18ovswn5eci5bvbqlk527xq&st=67cmn6t9&raw=1	spawn ffmpeg ENOENT
https://www.dropbox.com/scl/fi/tahuc0pzvop807o5rkzus/IMG_0048-3.mp4?rlkey=uxxxmxn5lj2levsfczlnuyrix&st=0huyrrqo&raw=1	spawn ffmpeg ENOENT
https://www.dropbox.com/scl/fi/kiietskwtwsmdht5yp7rz/IMG_0048-2.mp4?rlkey=mv4ztbhqnj3pha65w4ra2wbfo&st=vlhpcyio&raw=1	spawn ffmpeg ENOENT
https://www.dropbox.com/scl/fi/yqbceh9fnxaej09fan5dc/IMG_0047.mp4?rlkey=cc6lrshhwyt7cphaws3p0quig&st=joe1xnn9&raw=1	spawn ffmpeg ENOENT
https://www.dropbox.com/scl/fi/7ra0aajco66s6tsxodghe/IMG_0047-2.mp4?rlkey=6uckk8ai0pni79myegujtg90y&st=ws28lfjg&raw=1	spawn ffmpeg ENOENT
https://www.dropbox.com/scl/fi/feelm4jqz81qrkkw0jltt/IMG_0046.mp4?rlkey=46iw8e3rr2dbi2s2y683ls0f8&st=7uaqf99t&raw=1	spawn ffmpeg ENOENT
https://www.dropbox.com/scl/fi/jr15575qj5n2lpjtd5t4z/IMG_0046-4.mp4?rlkey=u8eifv9qd1mti8b1dt8i6vt58&st=m07q4gqo&raw=1	spawn ffmpeg ENOENT
https://www.dropbox.com/scl/fi/v2cownlvflserphxjuaht/IMG_0046-3.mp4?rlkey=7imf2ll6ag1yp06qkmc0wn4fw&st=ic3cllid&raw=1	spawn ffmpeg ENOENT
https://www.dropbox.com/scl/fi/n95k6yi5ox9kwbsi9rkaj/IMG_0045.mp4?rlkey=d6iug1gkb1n7rta74iirfjj13&st=pfjgddg4&raw=1	spawn ffmpeg ENOENT
https://www.dropbox.com/scl/fi/tcvoclu43fszwgwsn1kkv/IMG_0045-4.mp4?rlkey=ryx0wrfwnvyq12e7yrzv7sjj7&st=8v2eapux&raw=1	spawn ffmpeg ENOENT
https://www.dropbox.com/scl/fi/g6v67342wl6vqs8kzzi9m/IMG_0045-3.mp4?rlkey=s9j128dtl3t05rxb5w3qzsjnk&st=qbmq5wyn&raw=1	spawn ffmpeg ENOENT
https://www.dropbox.com/scl/fi/bjdv0dmj3w2ih6e3ccz1n/IMG_0044.mp4?rlkey=967zt95xoe73g32refdqj7r19&st=7ho9fknq&raw=1	spawn ffmpeg ENOENT
https://www.dropbox.com/scl/fi/epat3lodep6serxjmb5c9/IMG_0044-4.mp4?rlkey=qd5n8dnl9to1kstxtmzz5lo92&st=giy9l3rp&raw=1	spawn ffmpeg ENOENT
https://www.dropbox.com/scl/fi/j90m0ux6z53tjspcf4mlu/IMG_0044-2.mp4?rlkey=duuvfutdmn7joo98e6vm0rz50&st=uags3cln&raw=1	spawn ffmpeg ENOENT
https://www.dropbox.com/scl/fi/9y6wi7fshu4q8jgpks3b3/IMG_0043-2.mp4?rlkey=755mbpbun5rprf9x3u1van5q5&st=v2f33ew0&raw=1	spawn ffmpeg ENOENT
https://www.dropbox.com/scl/fi/r3mb6bmiax1c9xzy0bu1l/IMG_0042.mp4?rlkey=whfyahlzb7g52bwmki5zgmhze&st=0seju4lc&raw=1	spawn ffmpeg ENOENT
https://www.dropbox.com/scl/fi/hk6xzz069okqg45emw5jc/IMG_0042-2.mp4?rlkey=a79yj2k1odqn1wuxs51mca7y2&st=396kesdn&raw=1	spawn ffmpeg ENOENT
https://www.dropbox.com/scl/fi/31ah5zqg1h45uv0sol7ge/IMG_0041.mp4?rlkey=sxrfbgsg3tnjh3ank9b3r75yh&st=c69qxrf9&raw=1	spawn ffmpeg ENOENT
https://www.dropbox.com/scl/fi/54ua3y1zz68afcivqtxyt/IMG_0041-4.mp4?rlkey=it79kjgvhq3c9v1irvaaxj455&st=mjv70tcq&raw=1	spawn ffmpeg ENOENT
https://www.dropbox.com/scl/fi/9cia30df5cre3vch39h2a/IMG_0041-2.mp4?rlkey=2ak38eozysznwddl7bdpo0dyi&st=aks5npqg&raw=1	spawn ffmpeg ENOENT
https://www.dropbox.com/scl/fi/1pkmzeiupueguc0hypgz2/IMG_0040.mp4?rlkey=0tzk8snoswtknucv94n11wv5h&st=iuxhu3li&raw=1	spawn ffmpeg ENOENT
https://www.dropbox.com/scl/fi/jwgl4crjmhk1aqh0h4l1j/IMG_0040-2.mp4?rlkey=cdjaxpjwm4x7ab1myrsgdx66a&st=jijigm3j&raw=1	spawn ffmpeg ENOENT
https://www.dropbox.com/scl/fi/s2jky3i47rvgx6t36yn2f/IMG_0039.mp4?rlkey=vm79rdvw1ktqtz5mdtlvc15bm&st=m59z15r5&raw=1	spawn ffmpeg ENOENT
https://www.dropbox.com/scl/fi/ewo8q6jsi84vekwfqau06/IMG_0038.mp4?rlkey=77scfctoxdglpyd7pvqz3ucin&st=544gtf6s&raw=1	spawn ffmpeg ENOENT
https://www.dropbox.com/scl/fi/7ljo1fnanbjs6q3ad3juz/IMG_0038-2.mp4?rlkey=4tgwb9yuszlkt3o2g62a63weu&st=l7qj6c5i&raw=1	spawn ffmpeg ENOENT
https://www.dropbox.com/scl/fi/6c33gn5pva96ocgjr3uoe/IMG_0037.mp4?rlkey=4v9pggxl7wd2bh0y93llpf95r&st=q7e6rk90&raw=1	spawn ffmpeg ENOENT
https://www.dropbox.com/scl/fi/njvik9cf29h90vlaoxjhw/IMG_0037-3.mp4?rlkey=3eo9sek3s9hjxoi4494qope4r&st=dvqls4fn&raw=1	spawn ffmpeg ENOENT
https://www.dropbox.com/scl/fi/8kgxfku7isewkvmx2gnr0/IMG_0037-2.mp4?rlkey=sdubayvyhi8msnzfs8el9j0tq&st=o7u2tcu5&raw=1	spawn ffmpeg ENOENT
https://www.dropbox.com/scl/fi/kqnc53hws435xi4sbn22k/IMG_0036.mp4?rlkey=y2h9ffzw5k1745dpiop29dben&st=3s63klf4&raw=1	spawn ffmpeg ENOENT
https://www.dropbox.com/scl/fi/5pstpx1svzlm1lypin9ra/IMG_0036-5.mp4?rlkey=wn03eb9ekvb28en4anv8eb5jj&st=8s0xtaf9&raw=1	spawn ffmpeg ENOENT
https://www.dropbox.com/scl/fi/g3o1zwebika7h66h72v3p/IMG_0036-4.mp4?rlkey=zyqgdce8dfqgn6fnfroky00ik&st=afw8wou4&raw=1	spawn ffmpeg ENOENT
https://www.dropbox.com/scl/fi/tl4tjvj0fnyim5rphowip/IMG_0036-3.mp4?rlkey=r7qrigcjrtonqt0swgkq3npv7&st=cegzkhgo&raw=1	spawn ffmpeg ENOENT
https://www.dropbox.com/scl/fi/2uhg8jjxczuyykx6439s6/IMG_0036-2.mp4?rlkey=uexd6rq2b33m44bvlf3ipz4kl&st=sufkh6q6&raw=1	spawn ffmpeg ENOENT
https://www.dropbox.com/scl/fi/qopgpbk0zhvu4e0fe2bnq/IMG_0035.mp4?rlkey=ro4wvpvwjp0fjzq9vs8lpjmpq&st=xliyhql6&raw=1	spawn ffmpeg ENOENT
https://www.dropbox.com/scl/fi/zzlgjm280tzld7vg2cjxj/IMG_0034.mp4?rlkey=uz9u0lwsyzto87t8tvjn5arax&st=f4mtl4l9&raw=1	spawn ffmpeg ENOENT
https://www.dropbox.com/scl/fi/j3r2swzad3kepq8xtl96r/IMG_0034-2.mp4?rlkey=2atxbuwcnv7fupc9wvaob1hd2&st=4o547jbj&raw=1	spawn ffmpeg ENOENT
https://www.dropbox.com/scl/fi/ju4r7bw906kf49hp726iy/IMG_0033.mp4?rlkey=62kzr835sc159u07lk403wctv&st=npqyhguz&raw=1	spawn ffmpeg ENOENT
https://www.dropbox.com/scl/fi/gm7focwb6fzpan8uk0a6x/IMG_0033-3.mp4?rlkey=3fvq1bbwfg8nhj3gnssbnou9s&st=19b6mlnl&raw=1	spawn ffmpeg ENOENT
https://www.dropbox.com/scl/fi/2bgjxq0cm3r1dnb5zvnx3/IMG_0032.mp4?rlkey=7l9yz5ku5y6hg502dd1qytuff&st=9n350oex&raw=1	spawn ffmpeg ENOENT
https://www.dropbox.com/scl/fi/sixxhmqtai9h82ebuaxf2/IMG_0032-3.mp4?rlkey=fvhzcez3c8znkn8mpyc0pg8o3&st=ly1j6zpc&raw=1	spawn ffmpeg ENOENT
https://www.dropbox.com/scl/fi/ufcq5wfvgjn7hwxyt63bn/IMG_0031.mp4?rlkey=c4e7re1zlq18ign28gev4vx4l&st=thjfeobj&raw=1	spawn ffmpeg ENOENT
https://www.dropbox.com/scl/fi/usphvqqvwb8wifgf270lr/IMG_0031-3.mp4?rlkey=lga6jhoaicgf79du8vsnxwil4&st=ar209x9t&raw=1	spawn ffmpeg ENOENT
https://www.dropbox.com/scl/fi/4vbw2qmniopioprwrr1by/IMG_0030.mp4?rlkey=glbb48mrq3a62h9w666viujzy&st=9admh1k3&raw=1	spawn ffmpeg ENOENT
https://www.dropbox.com/scl/fi/87dfimk4uu9vt7us267lu/IMG_0029.mp4?rlkey=7eyix0yo42ighi0moilpuqqcv&st=mqlbbyxz&raw=1	spawn ffmpeg ENOENT
https://www.dropbox.com/scl/fi/9c35urnl2g6k8amkzjn5b/IMG_0029-4.mp4?rlkey=dd24dn9uuukrs9e05j1bnns2a&st=yw1fhwsw&raw=1	spawn ffmpeg ENOENT
https://www.dropbox.com/scl/fi/u54gk11j7n0tdnbzfz804/IMG_0029-2.mp4?rlkey=keqd42klmnzffb6h81148zz0f&st=8pm3k3qs&raw=1	spawn ffmpeg ENOENT
https://www.dropbox.com/scl/fi/fjx5mj7ytqwr2o7qxhkb1/IMG_0028.mp4?rlkey=0t7ft6bhcsidnkzj73v2g7f4g&st=bjszc7le&raw=1	spawn ffmpeg ENOENT
https://www.dropbox.com/scl/fi/dku7mkab95ilhmjyehwp6/IMG_0028-2.mp4?rlkey=c9cjesdrkgu5t807f3ee3y89p&st=99d8uavt&raw=1	spawn ffmpeg ENOENT
https://www.dropbox.com/scl/fi/qqwz0g0ujc41p5wbjmwpb/IMG_0027.mp4?rlkey=qrqduwwa2uoed1m11x1uu9v1l&st=ukdtts4m&raw=1	spawn ffmpeg ENOENT
https://www.dropbox.com/scl/fi/ptmiuj1onby7oceq2uzu4/IMG_0027-4.mp4?rlkey=i46xokzkpogto5fop251pm2q4&st=6mec3n2o&raw=1	spawn ffmpeg ENOENT
https://www.dropbox.com/scl/fi/55bonop4c87f0yz6t72f0/IMG_0027-3.mp4?rlkey=jbs4q5tvyvs8fzqqmjhxcqkuv&st=d8mht5tu&raw=1	spawn ffmpeg ENOENT
https://www.dropbox.com/scl/fi/8x1c18j2ye8wc3l1gwwpb/IMG_0027-2.mp4?rlkey=nfx8m9qrx9wguezun9b14hli8&st=3aygl32l&raw=1	spawn ffmpeg ENOENT
https://www.dropbox.com/scl/fi/se8364tqolyc83ic3jjus/IMG_0026.mp4?rlkey=95bd13l96ona5gz1vjs2wbzmd&st=md4ifzxb&raw=1	spawn ffmpeg ENOENT
https://www.dropbox.com/scl/fi/xtdrodc4fdouibipbt5lo/IMG_0026-2.mp4?rlkey=0zjy0vyjimc38p0pzbxlldd8n&st=99l4o25x&raw=1	spawn ffmpeg ENOENT
https://www.dropbox.com/scl/fi/bzig3qtmhc83ex7gi46bb/IMG_0025.mp4?rlkey=7kgaz3i8xsp70d21byukl8pbl&st=uht4ok7w&raw=1	spawn ffmpeg ENOENT
https://www.dropbox.com/scl/fi/j8rsxo75wdcvi961xk9pt/IMG_0025-2.mp4?rlkey=ri6pp7x1aaue0whtdlq6x9f5j&st=todetac3&raw=1	spawn ffmpeg ENOENT
https://www.dropbox.com/scl/fi/ljpw1uhu9a4tjkolgfzx1/IMG_0024.mp4?rlkey=d5279p0vij27anxpm49x1r1l8&st=t4dd72op&raw=1	spawn ffmpeg ENOENT
https://www.dropbox.com/scl/fi/h54lpnfuoa339abykjcp5/IMG_0023.mp4?rlkey=x330y0wksudkcefuwexono2uj&st=r74vzl9c&raw=1	spawn ffmpeg ENOENT
https://www.dropbox.com/scl/fi/v79bjvm3ral9kwbyxa562/IMG_0022.mp4?rlkey=b4dgvdvm9bkz7zw16gi2o87z0&st=l72oa0kl&raw=1	spawn ffmpeg ENOENT
https://www.dropbox.com/scl/fi/xhb0yu80a0deaxyjnxzh5/IMG_0021.mp4?rlkey=1o1jf5p9kxvji6zej5h7618dx&st=2r7cw6jw&raw=1	spawn ffmpeg ENOENT
https://www.dropbox.com/scl/fi/xxeebk6u7udcculf3lc6v/IMG_0021-3.mp4?rlkey=pjm2c90phgpmoqaovhxkejpep&st=o6g4pnuz&raw=1	spawn ffmpeg ENOENT
https://www.dropbox.com/scl/fi/waidowpplz7yna5c2cpru/IMG_0021-2.mp4?rlkey=yxd6qwbfzskoa3kp18alt9eps&st=to4vb7zd&raw=1	spawn ffmpeg ENOENT
https://www.dropbox.com/scl/fi/yh26ludqp2vu34s1jahzj/IMG_0020.mp4?rlkey=z3d0wnouiz1q3b1iekls4qpuw&st=taiyebas&raw=1	spawn ffmpeg ENOENT
https://www.dropbox.com/scl/fi/rvxolw523e0ankya3vx90/IMG_0019.mp4?rlkey=ax6lq0nf0ljcyv43is32odsgn&st=ket28zlh&raw=1	spawn ffmpeg ENOENT
https://www.dropbox.com/scl/fi/dn84c1k7yzxhpkl59dbiu/IMG_0019-4.mp4?rlkey=vzepwmdk6xmexstfw6zwfl6so&st=ec219sg4&raw=1	spawn ffmpeg ENOENT
https://www.dropbox.com/scl/fi/d5qgbzoxzx7x4dl3npt64/IMG_0019-2.mp4?rlkey=ikabsr9yfpj657mitykuc0cys&st=qjgqrilf&raw=1	spawn ffmpeg ENOENT
https://www.dropbox.com/scl/fi/a4izu301rtj5pseygwy1v/IMG_0018.mp4?rlkey=ua0sy5s2dyc0xc8mnft4pj8jn&st=fjl2zper&raw=1	spawn ffmpeg ENOENT
https://www.dropbox.com/scl/fi/qkk03x58lpo9gsd3snc72/IMG_0017.mp4?rlkey=jhctrax83oz4e9vq6qfntppid&st=fiueg0jr&raw=1	spawn ffmpeg ENOENT
https://www.dropbox.com/scl/fi/4rblug9yu6s1eto3ycahx/IMG_0017-3.mp4?rlkey=3ff5tykc2gb7pg2gc4m46y1st&st=tsmpnb23&raw=1	spawn ffmpeg ENOENT
https://www.dropbox.com/scl/fi/m29imzcnh4q3923we4ajs/IMG_0016.mp4?rlkey=5ne2bj44nd5saq7jjvnvr2sqi&st=3j61ymw6&raw=1	spawn ffmpeg ENOENT
https://www.dropbox.com/scl/fi/5bdizmgcbz9mm37pr1rnv/IMG_0016-2.mp4?rlkey=4znhtb5mn5ddtga2t8388mj7w&st=nzlie6ei&raw=1	spawn ffmpeg ENOENT
https://www.dropbox.com/scl/fi/4xv057gnkunrk075esj0o/IMG_0015.mp4?rlkey=fplhqi6jjkvzrcrhho4wtzu19&st=v82e77p0&raw=1	spawn ffmpeg ENOENT
https://www.dropbox.com/scl/fi/3i332oim0n66hbfilybuk/IMG_0015-4.mp4?rlkey=ld5042aa3qos21l0qsz3gyjnz&st=oudamism&raw=1	spawn ffmpeg ENOENT
https://www.dropbox.com/scl/fi/wbjnv1o7qoh2zvmpde668/IMG_0015-2.mp4?rlkey=7olt5t45dfyko4wi2njvm9uom&st=ecdbhnv7&raw=1	spawn ffmpeg ENOENT
https://www.dropbox.com/scl/fi/c3s2npzyy1fq4w1smxdsg/IMG_0014.mp4?rlkey=4eikts7o66vt12jh37g4ipfqm&st=440reety&raw=1	spawn ffmpeg ENOENT
https://www.dropbox.com/scl/fi/2zf5zn3tscitvs2w8asrc/IMG_0014-2.mp4?rlkey=tf2fqe4q0y5hlo9tfh5lax727&st=mf559plc&raw=1	spawn ffmpeg ENOENT
https://www.dropbox.com/scl/fi/2z4dncwlv0g45rydn5md9/IMG_0013.mp4?rlkey=lbuyvw6hdi25tcfpcdt92grty&st=h43fg7f1&raw=1	spawn ffmpeg ENOENT
https://www.dropbox.com/scl/fi/5raive9lcmgkazl3vqdwr/IMG_0013-2.mp4?rlkey=uqooqyqgbzzfdyz62bwdxw8z4&st=dhn7nl55&raw=1	spawn ffmpeg ENOENT
https://www.dropbox.com/scl/fi/d4m11lkopujkn1jv0vc7e/IMG_0012.mp4?rlkey=9u4fkvgmdof4ti35h2urwgnp8&st=6gcdhrn2&raw=1	spawn ffmpeg ENOENT
https://www.dropbox.com/scl/fi/mesin9tfju0kerx5pmo06/IMG_0012-2.mp4?rlkey=d449kgqec0ij0f994kfgd8el4&st=fkfdhzy2&raw=1	spawn ffmpeg ENOENT
https://www.dropbox.com/scl/fi/6yrj6vxqhvybrv8cuiyyk/IMG_0011.mp4?rlkey=ysq2p9hyqrhobz734lw3my2s7&st=f4y3v1lg&raw=1	spawn ffmpeg ENOENT
https://www.dropbox.com/scl/fi/id2wqrt03km3157j65ill/IMG_0011-3.mp4?rlkey=h3vxcb3qin7dce2vzz6cwxae2&st=5k78eeuf&raw=1	spawn ffmpeg ENOENT
https://www.dropbox.com/scl/fi/42upgmsgng6na8cdb1r1k/IMG_0011-2.mp4?rlkey=9ewzwjt8eckikdtdud9mxv1b9&st=oo26o5ri&raw=1	spawn ffmpeg ENOENT
https://www.dropbox.com/scl/fi/kmrkxw7ffjzybzsqy4idt/IMG_0010.mp4?rlkey=b1rvb8t1j5umhzsmbkx94e7ys&st=lnale38k&raw=1	spawn ffmpeg ENOENT
https://www.dropbox.com/scl/fi/7a5od9llyeek46us1d4m2/IMG_0010-2.mp4?rlkey=a2yecgv5ghic683v2xplojys1&st=rp645j7t&raw=1	spawn ffmpeg ENOENT
https://www.dropbox.com/scl/fi/ax45339x61v8wg1jnczra/IMG_0009.mp4?rlkey=qfv0wh4ybze3kmpcepvjd6q0w&st=c8oszls2&raw=1	spawn ffmpeg ENOENT
https://www.dropbox.com/scl/fi/3hx1krihufoc2ac28amni/IMG_0009-3.mp4?rlkey=cb9crbn7q9tqwmn9ymidmnty7&st=l3uq9v53&raw=1	spawn ffmpeg ENOENT
https://www.dropbox.com/scl/fi/qukurlnufq2yfd1idor4d/IMG_0009-2.mp4?rlkey=hbo2q32w9otu29g6jgm8rkrqc&st=08lzwes8&raw=1	spawn ffmpeg ENOENT
https://www.dropbox.com/scl/fi/ykvozold9tnd2hhrufy6q/IMG_0008.mp4?rlkey=jzq3mpwd3xiq3sjirh18aa497&st=0ypflr91&raw=1	spawn ffmpeg ENOENT
https://www.dropbox.com/scl/fi/wgivrpjs19y1x7mo83fi7/IMG_0008-2.mp4?rlkey=e3qhnlolxpjwoip9wiz91dkmi&st=haoygr5j&raw=1	spawn ffmpeg ENOENT
https://www.dropbox.com/scl/fi/8oa7t2contue4crx09kta/IMG_0007.mp4?rlkey=uzsjzs0cj3ial3jki8hx96dfm&st=ruuoffze&raw=1	spawn ffmpeg ENOENT
https://www.dropbox.com/scl/fi/u1m8562fhyu94lrmx169o/IMG_0007-4.mp4?rlkey=h855whqadugn1aajl1udh1oto&st=awc088z5&raw=1	spawn ffmpeg ENOENT
https://www.dropbox.com/scl/fi/jcwybci0pw3x013m14yaa/IMG_0007-2.mp4?rlkey=btldyed2hnh8odzpwy6i61m0z&st=1uff1gex&raw=1	spawn ffmpeg ENOENT
https://www.dropbox.com/scl/fi/xqa4hj6s8czoooh8zwk3u/IMG_0006.mp4?rlkey=on5emqtbig8t4ajwp40im2fsu&st=qavofva8&raw=1	spawn ffmpeg ENOENT
https://www.dropbox.com/scl/fi/mipter6hatgnjd6p7w9uy/IMG_0005.mp4?rlkey=vwejilbjzn6jn1jpxxwt9hm5o&st=on5qd9et&raw=1	spawn ffmpeg ENOENT
https://www.dropbox.com/scl/fi/cc0go5s62v46t0ioonxqk/IMG_0005-3.mp4?rlkey=fz50sg7ajnz9grfsgwbk9qtsj&st=mb5843f4&raw=1	spawn ffmpeg ENOENT
https://www.dropbox.com/scl/fi/a5mwplb24u8j4lsxfps1t/IMG_0005-2.mp4?rlkey=yobxeeatkt7fb3freuqh893h0&st=a6y999dr&raw=1	spawn ffmpeg ENOENT
https://www.dropbox.com/scl/fi/k39tvyuj0kstmt477b369/IMG_0004.mp4?rlkey=gg3ibejpnhznxwowwm7psr0yy&st=cq71pmpm&raw=1	spawn ffmpeg ENOENT
https://www.dropbox.com/scl/fi/njaj9uo2b51gyknczut54/IMG_0004-5.mp4?rlkey=x96tuboa9t1pwnw0kkjob0kup&st=gdjbsy6g&raw=1	spawn ffmpeg ENOENT
https://www.dropbox.com/scl/fi/xxcubhz1gfdw4x278pria/IMG_0004-4.mp4?rlkey=un1tv5nkc7nvjj94nehl28b0r&st=c8dfb73q&raw=1	spawn ffmpeg ENOENT
https://www.dropbox.com/scl/fi/c6b6f6caloljtoo8fivb3/IMG_0004-2.mp4?rlkey=3z45kq8rjre6v1m3vwniy2yhv&st=reklrj5t&raw=1	spawn ffmpeg ENOENT
https://www.dropbox.com/scl/fi/opo7wtd4m1gqqfb60k3hz/IMG_0003.mp4?rlkey=5ydoj686672dzszkhok7kha40&st=gctn7213&raw=1	spawn ffmpeg ENOENT
https://www.dropbox.com/scl/fi/bfdq41k3kw4537vorbda4/IMG_0003-3.mp4?rlkey=w4atsuqgq6hpmqraem0vfpoqh&st=l7jrx5ni&raw=1	spawn ffmpeg ENOENT
https://www.dropbox.com/scl/fi/1xtv4exv2jy2zf9899o03/IMG_0002-2.mp4?rlkey=lmjsjsay53ayela722u3d8trw&st=ctaj6mtd&raw=1	spawn ffmpeg ENOENT
https://www.dropbox.com/scl/fi/r66wdn5udaenyuc8bmw16/IMG_0001.mp4?rlkey=jf58z3os23gsuq27ruua0w8kj&st=o5hdv8pd&raw=1	spawn ffmpeg ENOENT
https://www.dropbox.com/scl/fi/uyu5sjiq3koqf94bsvw9e/IMG_0001-3.mp4?rlkey=ahd30rmi9zeloep19k5ez1vro&st=ofbxr0ic&raw=1	spawn ffmpeg ENOENT
https://www.dropbox.com/scl/fi/bw2wnyyijumozkfxn05kk/IMG_0001-2.mp4?rlkey=zug2yg4n8644uj03oxru6ip00&st=jcujn5vj&raw=1	spawn ffmpeg ENOENT
https://www.dropbox.com/scl/fi/4v0c10h5qsjcm445dj1px/ILSDSTt3GK8L42VJ.mp4?rlkey=bq7uyar41o87kwd191a9fhla9&st=4evpg9oy&raw=1	spawn ffmpeg ENOENT
https://www.dropbox.com/scl/fi/xv13gpxmh86r1hm5ydfsp/Iiev5IjC-B4A7W2B.mp4?rlkey=2oxpiyj5diueqauqdv02xtnro&st=qit5017h&raw=1	spawn ffmpeg ENOENT
https://www.dropbox.com/scl/fi/g4bymmty68pco5x5hxz77/iieNIg_53pYPLaqB.mp4?rlkey=pmvjvb0z2stj198koey969khw&st=k91rhorl&raw=1	spawn ffmpeg ENOENT
https://www.dropbox.com/scl/fi/sbdw2xtu1idr32hjaexh1/iHOPU2gUTdoyiFEM.mp4?rlkey=1po3uuvagpjz29t7415xdkame&st=a86gwume&raw=1	spawn ffmpeg ENOENT
https://www.dropbox.com/scl/fi/bz3vvqrt5agqtkr438z2q/iHcVCy4s49QF8171.mp4?rlkey=ibrrxu04a9n55mh61yjisn7w9&st=j69nybhx&raw=1	spawn ffmpeg ENOENT
https://www.dropbox.com/scl/fi/21gp1vjsonjnhdczhe666/IEmJn595AK1x4iGW.mp4?rlkey=o4axhco0t6wub7536fk2cxjbx&st=wnwj2v94&raw=1	spawn ffmpeg ENOENT
https://www.dropbox.com/scl/fi/f7u9qcj7rkumejtewg2ai/iE5Q7g_Ik5-fOaWY.mp4?rlkey=a34887s8lrv2hqq3ho4cif5rw&st=snn8tq60&raw=1	spawn ffmpeg ENOENT
https://www.dropbox.com/scl/fi/1vtf8hm5v5lh6ph1eb32t/IbgAHVgrEAu-KsmC.mp4?rlkey=vev3c3vh7pzvbbtaw1edq0jgg&st=x88cnhwj&raw=1	spawn ffmpeg ENOENT
https://www.dropbox.com/scl/fi/n0ekbrw5e7mt3mb7qkxts/IB1WAK_PM0WPL1iv.mp4?rlkey=bbha1mzrsamoij3a7qgud9t6l&st=340v0wiw&raw=1	spawn ffmpeg ENOENT
https://www.dropbox.com/scl/fi/qva4bxy4ewt364jfm99b9/I7BtDaskmgqat117.mp4?rlkey=mvosors5m2cf96amktcu01pke&st=7sihel1w&raw=1	spawn ffmpeg ENOENT
https://www.dropbox.com/scl/fi/5wkn6edomdlwg7177084w/I0FbahpiENb1jcat-2.mp4?rlkey=2l25psnbl5r6w732eqkyufqaq&st=6fwvsa1m&raw=1	spawn ffmpeg ENOENT
https://www.dropbox.com/scl/fi/6s7pk6a9czmv4wut556sl/I-VcpsfIOZmLYeJp.mp4?rlkey=z2gdu49at7noflu9ed0fymt3s&st=1srsb7nd&raw=1	spawn ffmpeg ENOENT
https://www.dropbox.com/scl/fi/x6uyqg816t0dzrvtcn66h/i-mNaNPW4raWnPGu.mp4?rlkey=4sdgspgrk921e008jq3dkay41&st=sdfd6yhy&raw=1	spawn ffmpeg ENOENT
https://www.dropbox.com/scl/fi/d52zoetk2k5uan2v9uinn/I-I97Vw60pEZg30b.mp4?rlkey=uw72v5bqhzp86gf8dmhrsa08s&st=t56k9j1s&raw=1	spawn ffmpeg ENOENT
https://www.dropbox.com/scl/fi/lqjnfaa6z308szt9ipd17/I_8P05v1aEse9eDK.mp4?rlkey=hgj9lagva8yjr1o2ubghqexzu&st=kuu6yjh7&raw=1	spawn ffmpeg ENOENT
https://www.dropbox.com/scl/fi/ux8rkrvj44srf0spo79cn/I_3H4n3hldNxE5o5.mp4?rlkey=nxfe780u6peyin1anfz2nfkm6&st=ty84dmrk&raw=1	spawn ffmpeg ENOENT
https://www.dropbox.com/scl/fi/ka5lu8ahx7dvhooyqoste/I-literary-fucking-the-nature-_-Massive-kink-cumshot-_-Johann-Wood.mp4?rlkey=519cjjwjezyz36p0q843gx0is&st=dnnrpyg5&raw=1	spawn ffmpeg ENOENT
https://www.dropbox.com/scl/fi/cowioudl4tnxsyuh9tzk6/hzU5Aqnhls0cfSe6.mp4?rlkey=cpqyxcj46vcxoke7rk11o9cgf&st=k94t5eyw&raw=1	spawn ffmpeg ENOENT
https://www.dropbox.com/scl/fi/wdxgtq64qyq7rp4p6totv/hXxbT1cyW92AkdNe.mp4?rlkey=45w9n44smeunz5z3t9h6fsoxh&st=6f8bl4fd&raw=1	spawn ffmpeg ENOENT
https://www.dropbox.com/scl/fi/pc06nbt18wair3lddiq3y/hUtC-UVuipS5D7at.mp4?rlkey=7adpm0r3e5lr7mkx3zqio11u6&st=e2aj51os&raw=1	spawn ffmpeg ENOENT
https://www.dropbox.com/scl/fi/z61ivvu2orbz66k0i49iw/hungfilipino-dWUysNJzbSlq63xj.mp4?rlkey=ipkto6msysz4uozz65vqb2ya7&st=tn5cs23w&raw=1	spawn ffmpeg ENOENT
https://www.dropbox.com/scl/fi/llrc3o5gunouk9ja5mabv/hungfilipino-1928658331981209910-01.mp4?rlkey=oyugar7wg47u5m9f64oye2sp7&st=tloszqcx&raw=1	spawn ffmpeg ENOENT
https://www.dropbox.com/scl/fi/ed6f9t411t8jsopw9z2fd/HubMQn8Kzt2sA-Uc.mp4?rlkey=ldfvzs7bbi3fvey96vjdn7ofx&st=z5c5iql4&raw=1	spawn ffmpeg ENOENT
https://www.dropbox.com/scl/fi/8wokmz5i6mrr34wnqdb1y/Hsxx0B9ZTJiG46ga.mp4?rlkey=t8ylaq8793ujzia9k8n9szh2n&st=dw8wf2qf&raw=1	spawn ffmpeg ENOENT
https://www.dropbox.com/scl/fi/lpjz5qd42g3kupmzbtaza/HquL5Ymu-LzS-cew.mp4?rlkey=uzv0qiy4vjirp8e0k1067o777&st=1a6ojrh7&raw=1	spawn ffmpeg ENOENT
https://www.dropbox.com/scl/fi/2iilwf82xts40cqp5aieu/HpmN2fZEq0-b5EuU.mp4?rlkey=3mkuoih6s86m6p4pqhduxkjkh&st=h6yxjua7&raw=1	spawn ffmpeg ENOENT
https://www.dropbox.com/scl/fi/n01eibdnvyrizsgupl9rd/hoosierxdaddy_20250523.mp4?rlkey=1b43750zn8799g180slqv5cgn&st=2riqu5vv&raw=1	spawn ffmpeg ENOENT
https://www.dropbox.com/scl/fi/0omofq7pj7zluhrzc27ea/hoosierxdaddy_20250517.mp4?rlkey=9u7ztnin6u5vsec6oxtm51y63&st=omvvh3vf&raw=1	spawn ffmpeg ENOENT
https://www.dropbox.com/scl/fi/0mhe58dsbytjx87fl14na/hoosierxdaddy_20250511.mp4?rlkey=awpw0y9hpb5cnlobxdo7rdpq8&st=r4mz6elq&raw=1	spawn ffmpeg ENOENT
https://www.dropbox.com/scl/fi/sq3oxnzftiikulmdujwcy/hoosierxdaddy_20250509.mp4?rlkey=1ml7ytf4oaadmle2w77urs79q&st=yg61jara&raw=1	spawn ffmpeg ENOENT
https://www.dropbox.com/scl/fi/52fl152lxz1q6km1suip3/hoosierxdaddy_20250427.mp4?rlkey=ui1pzb6bo662jwvp08t9crh2v&st=39p3dnag&raw=1	spawn ffmpeg ENOENT
https://www.dropbox.com/scl/fi/1he1ms8vipezgqjdy9ixz/hoosierxdaddy_20250416.mp4?rlkey=1d65w0paodp5rxktjx1x84xbj&st=aseun259&raw=1	spawn ffmpeg ENOENT
https://www.dropbox.com/scl/fi/y47swl016j6buxpt7d0fn/hoosierxdaddy_20250404.mp4?rlkey=6dts0krbyrhkluck0p6ap0poc&st=6yn3ylkp&raw=1	spawn ffmpeg ENOENT
https://www.dropbox.com/scl/fi/foud7u15rdvyvecdhnftm/hoosierxdaddy_20250321.mp4?rlkey=cdfy3p6ii96o0qil2ib92ntat&st=ne0dgqda&raw=1	spawn ffmpeg ENOENT
https://www.dropbox.com/scl/fi/7sekyaqg64ygocc7ju3ye/hoosierxdaddy_20250316.mp4?rlkey=3bosumgwxhd0qgr8t0f9vztii&st=3j8fxluw&raw=1	spawn ffmpeg ENOENT
https://www.dropbox.com/scl/fi/9cj7rplqo5zvxr41q51xi/hoosierxdaddy_20241224.mp4?rlkey=q3ftnnpa96gdm7wni6tc20rn2&st=3x442quw&raw=1	spawn ffmpeg ENOENT
https://www.dropbox.com/scl/fi/notojyo2q0vh4cqvifq07/hoosierxdaddy_20241221.mp4?rlkey=te26jx3q0rm8qkxab1q9oo9l0&st=xqgji7og&raw=1	spawn ffmpeg ENOENT
https://www.dropbox.com/scl/fi/529bdap1jw8ml3n8exqid/hoosierxdaddy_20241216.mp4?rlkey=aa1nbfhzotztb4lh7bwbd19ri&st=zhkp4ywv&raw=1	spawn ffmpeg ENOENT
https://www.dropbox.com/scl/fi/gzku3asocivakmehcwelf/hoosierxdaddy_20241130.mp4?rlkey=6k69shmwtfo3u366pq3tvvqdj&st=lzql7f0u&raw=1	spawn ffmpeg ENOENT
https://www.dropbox.com/scl/fi/4ssu2lkireabl1dl78j5s/hoosierxdaddy_20241126.mp4?rlkey=9zny007nnr7p9vx1fxwppqts6&st=gjm89tzz&raw=1	spawn ffmpeg ENOENT
https://www.dropbox.com/scl/fi/yd1o6mq7g62u61p4602aq/hoosierxdaddy_20241111.mp4?rlkey=ms0s2xso0xdh9mrznfpb69pie&st=rggm5lh9&raw=1	spawn ffmpeg ENOENT
https://www.dropbox.com/scl/fi/6df497cbfb8nn1moiige1/hoosierx_daddy-WNm9uv3VJ0gv-slv.mp4?rlkey=g35kad6tmg7hwh7ebhtwvon2m&st=ri5e5m2v&raw=1	spawn ffmpeg ENOENT
https://www.dropbox.com/scl/fi/2hjyroyr1t895k7ntikjp/hoosierx_daddy-E0gvw3UdyCE913Qv.mp4?rlkey=6cqfcishcopocrt5loalq2am6&st=7mx9fzjq&raw=1	spawn ffmpeg ENOENT
https://www.dropbox.com/scl/fi/j16bmiectt2ad5gc179gw/hoosierx_daddy-8x9le3ugRZ3VzfRv.mp4?rlkey=vzwpblawh89v3p4vvlcl09so2&st=yofu4pfc&raw=1	spawn ffmpeg ENOENT
https://www.dropbox.com/scl/fi/okdwamxu0pfx2uivk46mq/hnURkJY_G9XjBLjl.mp4?rlkey=jn7rsggbi8iwo1o1pe55rpbru&st=3ws59623&raw=1	spawn ffmpeg ENOENT
https://www.dropbox.com/scl/fi/bcmzp9oufx8xwvjpd9zyr/hMu62eBj8Q5xYdsn.mp4?rlkey=8ji7tbvjfosoyppi62gh10x4w&st=lvufrewy&raw=1	spawn ffmpeg ENOENT
https://www.dropbox.com/scl/fi/be59b6yy14swq0tvevk3e/hmMD5Ri8x6h_ouOL.mp4?rlkey=svccuwr58m5hg0hktn5zj2an1&st=t4ywkypq&raw=1	spawn ffmpeg ENOENT
https://www.dropbox.com/scl/fi/g9xlir3gfj3ww484xx9oa/hM1gOqp3rtQrL2sE.mp4?rlkey=5p9oy6pi9qhepveckj13uyyj3&st=s4hv7yw9&raw=1	spawn ffmpeg ENOENT
https://www.dropbox.com/scl/fi/yq8ah82jvjxodsw64huia/hloxiqYrksPcEFTi.mp4?rlkey=efxkvj9xs8moxskcc7mwwuari&st=cwn2e0zp&raw=1	spawn ffmpeg ENOENT
https://www.dropbox.com/scl/fi/4ucqolv1jzpa45o5tjybj/hJ-SPO8EYKcoE6Ox.mp4?rlkey=c4kuav7abd95fg8al7aflev1p&st=4owlppqc&raw=1	spawn ffmpeg ENOENT
https://www.dropbox.com/scl/fi/6a4a7lgxtyizfome8l4dn/Hgsl84AXsu2JtxrH.mp4?rlkey=35inrmrbvy3g0y9dgipy9pczh&st=12skky9r&raw=1	spawn ffmpeg ENOENT
https://www.dropbox.com/scl/fi/hacs1eo8yst4gqoe2ydqe/HeFiA2m09HExE7JP.mp4?rlkey=plcpwadauomc7czod556njeq2&st=zpqas2bb&raw=1	spawn ffmpeg ENOENT
https://www.dropbox.com/scl/fi/az7u4gev3sxrozftblf2g/Hdw-7m5nZ7I1zsj5.mp4?rlkey=48tfo9j3zj9dyli3e4et9arqh&st=vrnbud71&raw=1	spawn ffmpeg ENOENT
https://www.dropbox.com/scl/fi/oma1pv8pwvpexvutri1rx/HdnfWf1VixjGn8B1.mp4?rlkey=nbqova9p80bofmum8yeiqkwdz&st=oxadqmae&raw=1	spawn ffmpeg ENOENT
https://www.dropbox.com/scl/fi/8hqqztpvzbocndo8pv4gr/HCbZ33nG8c_tZxz1.mp4?rlkey=1a1vpx62nd2coqoi0bzsv3g86&st=qcfbxtjp&raw=1	spawn ffmpeg ENOENT
https://www.dropbox.com/scl/fi/wysa8t2ytw32lfzqkp9u2/h9QKg0JgRbVfuYjg.mp4?rlkey=xx8x356zo8ywmp6mqxsbgdhba&st=7ggibc4w&raw=1	spawn ffmpeg ENOENT
https://www.dropbox.com/scl/fi/mhl1zm1dzbi71o434ju4v/H9BeL16xwnnyxo6b.mp4?rlkey=unhtrdl3nsl69shazhry6g6av&st=t20m572u&raw=1	spawn ffmpeg ENOENT
https://www.dropbox.com/scl/fi/aypqqdv0ha070cthotzmk/H6wGSss4GDge3NE5.mp4?rlkey=v372r8lxbcu1z8evmy7o0z0hd&st=tizzrx97&raw=1	spawn ffmpeg ENOENT
https://www.dropbox.com/scl/fi/1vscin28bu4duebxs2nuh/H1Zsp5WIUDDg1XqL.mp4?rlkey=pk39trs4o9oou0fes7ztcndev&st=fxvr7gm1&raw=1	spawn ffmpeg ENOENT
https://www.dropbox.com/scl/fi/te0et28upy0zbm760xskg/gZyCkCD__DIDlaVR.mp4?rlkey=w16e9x2mhi6hn4fbgm08zk995&st=d4o8bahh&raw=1	spawn ffmpeg ENOENT
https://www.dropbox.com/scl/fi/uf1k539alzieal7qo7109/GyYKCW07Yb5QK97P.mp4?rlkey=7lxt77kfovhxufzux6lu1wpmv&st=lh7dqeya&raw=1	spawn ffmpeg ENOENT
https://www.dropbox.com/scl/fi/xp9dt248wnt8zi5zzpnpq/gyv9_oKukf3Y-JAd.mp4?rlkey=ixu66tlfxz1lmlbxxjb1n2sdp&st=d0thvfdt&raw=1	spawn ffmpeg ENOENT
https://www.dropbox.com/scl/fi/wk81xzxhagnqbm2s5w5wf/gymzaddyvenom_20241216.mp4?rlkey=md0gtye8xes4bv2lceonc2s83&st=p9ifcykl&raw=1	spawn ffmpeg ENOENT
https://www.dropbox.com/scl/fi/cxxhw6rw7td3gm52jw35t/gy7fyaFZUc8tBM99.mp4?rlkey=9dha2xyl7k5vf0bocqcvesebd&st=233frfud&raw=1	spawn ffmpeg ENOENT
https://www.dropbox.com/scl/fi/mxkj43ney01dur68294ja/GqBgvJ52CnIEOjgf.mp4?rlkey=ad48eysaqu2f0dykddcis1pln&st=2zgzhnmi&raw=1	spawn ffmpeg ENOENT
https://www.dropbox.com/scl/fi/0kngh5p5cc5h9u5un6seb/gPWMn8qf-VjTmvnO.mp4?rlkey=aq4hivxprn9evhaeofjvj9hv9&st=hv4iflqz&raw=1	spawn ffmpeg ENOENT
https://www.dropbox.com/scl/fi/yt6gzx157c29nn8d47gi0/globalbttm_20250523.mp4?rlkey=0vrzbo0sgryl6i1volldqv80w&st=qpv4jct1&raw=1	spawn ffmpeg ENOENT
https://www.dropbox.com/scl/fi/jh68916ptr0lz9kkg40o1/GkuqRXACK0zXK_R9.mp4?rlkey=ih5pul9jt4cd692kpzm33ku3j&st=bbhbqfv7&raw=1	spawn ffmpeg ENOENT
https://www.dropbox.com/scl/fi/blhyltvevheen7kbx69yh/gk53zjKpG7yS5rAZ.mp4?rlkey=bzhqa36hwiqpvv3isc19xcr7g&st=kvty71nd&raw=1	spawn ffmpeg ENOENT
https://www.dropbox.com/scl/fi/0h9v81v7vveewvtoorjca/gjjXF9bjwRaNGFkT.mp4?rlkey=8bc3jy3utv7ax1hqn4uimh9ux&st=mk0ej4m1&raw=1	spawn ffmpeg ENOENT
https://www.dropbox.com/scl/fi/mmpip6kygb9qaaty2zmec/GJEyfsfnv-JhwPcu.mp4?rlkey=lnen7jc87yxsoolyu4q6xlgzt&st=5maeehbe&raw=1	spawn ffmpeg ENOENT
https://www.dropbox.com/scl/fi/j0xgs2fyruw9uuvj600ed/gFiUoXn4crWZB3LK.mp4?rlkey=fi00r9nzhyegfpn1syfx3ppjj&st=d65jyq6a&raw=1	spawn ffmpeg ENOENT
https://www.dropbox.com/scl/fi/7bsf7113cmocklm7wuo1b/gF1Xy8aO7tQEVCL.mp4?rlkey=26zwrscrz6f8fdmq8n93xx3s4&st=35tuitxs&raw=1	spawn ffmpeg ENOENT
https://www.dropbox.com/scl/fi/ac2mt7kldsjms5j66335w/gdq9H5TC6Tn4Bqxz.mp4?rlkey=5e09dh3gt4bocbzbjcxmem2lx&st=urznozv8&raw=1	spawn ffmpeg ENOENT
https://www.dropbox.com/scl/fi/9t3vd3u7lubnn8r83iw3s/GCpkEMNWIUtVj5n3.mp4?rlkey=980aef9raw49ic0yy60c4jovz&st=atclnwvj&raw=1	spawn ffmpeg ENOENT
https://www.dropbox.com/scl/fi/n9iggazp97acornku9p0u/gb1tXRFMEIF6IhLM.mp4?rlkey=apk2v1bqdsx19kv1zi3z0j9v9&st=86nubswi&raw=1	spawn ffmpeg ENOENT
https://www.dropbox.com/scl/fi/zvxij92tp9i3t27vxg4jc/gaymencum-Y8ry7Xf8IwIxKBg8.mp4?rlkey=w57w55diquzmshiypu48azjri&st=9krew2xz&raw=1	spawn ffmpeg ENOENT
https://www.dropbox.com/scl/fi/cwisnqivneas6yrokqlid/gaymencum-xwCPNHy7adeji9o4.mp4?rlkey=r9xt08v8wlok2ni95rxjhvh6x&st=gh46jbet&raw=1	spawn ffmpeg ENOENT
https://www.dropbox.com/scl/fi/sqlu9g5xec7svbjcqoy95/gaymencum-lwLtubF8_5u5cRSI.mp4?rlkey=9soou3ipxzsu81jt4bj72spj2&st=f9nex4jo&raw=1	spawn ffmpeg ENOENT
https://www.dropbox.com/scl/fi/pixc315e6qe8k5cwz6ify/gaymencum-ipmDzm2Bk9Jf63OT.mp4?rlkey=ewjl83etxxtln4rni0b1k4kko&st=wglnjlfc&raw=1	spawn ffmpeg ENOENT
https://www.dropbox.com/scl/fi/gzxl7q3e5g3hrh9zlordm/gaymencum-Bc_xzy9Y_Kbq8DrP.mp4?rlkey=yr1hnpc0jp383fl2pgivoy261&st=4j0e4rc9&raw=1	spawn ffmpeg ENOENT
https://www.dropbox.com/scl/fi/t8x39qu0uweydg9w4wd0y/gaymencum-aNRdyNicXbue_UqA.mp4?rlkey=c9o9iixhh6xuit6fn42t1djly&st=0zo0m93q&raw=1	spawn ffmpeg ENOENT
https://www.dropbox.com/scl/fi/yi9nx3d1jahjzcvgpb6xv/gaymencum-1943189092755296550-01.mp4?rlkey=ihgeipllbo63x1a8hsidwvofa&st=7et4t7sp&raw=1	spawn ffmpeg ENOENT
https://www.dropbox.com/scl/fi/nv9755qgjiqe6zoeg7ame/gaymencum-1929225839054385558-01.mp4?rlkey=cnvjvvgnanr8wclns0cn9632y&st=ypcoyf8b&raw=1	spawn ffmpeg ENOENT
https://www.dropbox.com/scl/fi/0d5t0nbedt8yzg8za26x8/gaymencum-1927399620151259396-01.mp4?rlkey=3jdsdcjfqmia2icrl8861zlzl&st=u4xip43u&raw=1	spawn ffmpeg ENOENT
https://www.dropbox.com/scl/fi/9yky3sa9j30pt18iw1ls7/gaymencum-1927398798071894372-01.mp4?rlkey=r7iea7j99hdeoja0q112u23s6&st=5aiqpb5i&raw=1	spawn ffmpeg ENOENT
https://www.dropbox.com/scl/fi/6liycg0safslyiwv1m1bo/gaymencum-1927397705493500277-01.mp4?rlkey=xh7uaitym9baovm9osxl1ob4s&st=q2ogiryp&raw=1	spawn ffmpeg ENOENT
https://www.dropbox.com/scl/fi/m0dcgs6o3t9d893nhx8ro/gaymencum-1830028878821409095-01.mp4?rlkey=ah4za9a15nh7x2jy5j1z00ema&st=1sn9j08j&raw=1	spawn ffmpeg ENOENT
https://www.dropbox.com/scl/fi/m9zivzy449essdoxcd6te/gaymencum-07qsUbhKvfYJ2ySp.mp4?rlkey=mkj4tvcrbg7dlkq1nnojyezvr&st=wbravf0z&raw=1	spawn ffmpeg ENOENT
https://www.dropbox.com/scl/fi/p19rpebuuaopqu2zke128/gaymencum_20241225.mp4?rlkey=9p41fu7svlje7jbfde5084ovw&st=q6nuw39h&raw=1	spawn ffmpeg ENOENT
https://www.dropbox.com/scl/fi/dd3dlqlp3g9f4yo4c1fw3/gaymencum_20241214.mp4?rlkey=pilvtpmd9e83flnmz4a51oait&st=ppvr7z61&raw=1	spawn ffmpeg ENOENT
https://www.dropbox.com/scl/fi/eehj6pmb4q4m0uofh43a4/gaymencum_20241129.mp4?rlkey=i3qojyb900dx4wwnb3ggqkmh1&st=nqo3w677&raw=1	spawn ffmpeg ENOENT
https://www.dropbox.com/scl/fi/80w3g6byr5ik1x6y0lbck/gaymencum_20241128.mp4?rlkey=d5hoi7p8p0pwn0sgmaz60uvsr&st=167e5pyo&raw=1	spawn ffmpeg ENOENT
https://www.dropbox.com/scl/fi/kudshsngl6xnnyhkaw824/gaymencum-2025-05-25T132300.mp4?rlkey=8ifvorfwacwzugtq1z1007h94&st=40es8g19&raw=1	spawn ffmpeg ENOENT
https://www.dropbox.com/scl/fi/w3fee4c75ej417xkz56rh/G440MFEHiZXmXhd2.mp4?rlkey=1amlazwcm1p2xl04f52uhw3bn&st=5k657rbc&raw=1	spawn ffmpeg ENOENT
https://www.dropbox.com/scl/fi/xw0gxn1sxz5zhgxxi8xky/g8Bfyvx-2-W0X9AP.mp4?rlkey=a4w2eiqldoit8562mo7iizizb&st=y2haocr1&raw=1	spawn ffmpeg ENOENT
https://www.dropbox.com/scl/fi/fhkeieqy6ceuqw5rl4ba3/G5zDwJEHIui_XmG_.mp4?rlkey=6268zxfodiiuz4ffw4q22c4z1&st=8w4fqe4e&raw=1	spawn ffmpeg ENOENT
https://www.dropbox.com/scl/fi/kv8qud1pvpc77e5j9jdc1/g4Bf0Cj8GqVIXOp1.mp4?rlkey=y6gsbxlrcqr67l172y8tsnpk2&st=pk1e5sqy&raw=1	spawn ffmpeg ENOENT
https://www.dropbox.com/scl/fi/cjf2azxjtpr3mhl26auk5/fxvGXT2m3xubp8CL.mp4?rlkey=xtgn2r521kmebj3y4xu3mk0km&st=x5yn2hwi&raw=1	spawn ffmpeg ENOENT
https://www.dropbox.com/scl/fi/h8as6avcar162o1mg6if6/FXB3GI1-3o8D5HEu.mp4?rlkey=e77hrfwfj2l2hr1h8fi9hc76o&st=1dlfwmnm&raw=1	spawn ffmpeg ENOENT
https://www.dropbox.com/scl/fi/80gw7suso79h3fp2m6qvp/FVoqWYe4io_CCp3s.mp4?rlkey=w8xs6tqfvne35h9frbdv5va04&st=dtbdmmni&raw=1	spawn ffmpeg ENOENT
https://www.dropbox.com/scl/fi/uybj9v5zabsbm5cngo7t9/FvJTaL7dWrK3J1ND.mp4?rlkey=xl19jrc7k919b0zelqion7r44&st=2uorcwdi&raw=1	spawn ffmpeg ENOENT
https://www.dropbox.com/scl/fi/pvzid8q4kztolf2vipzus/funinwv_20250511.mp4?rlkey=y2eh18a7ad6r20wdw2am3iog3&st=nib8zuz2&raw=1	spawn ffmpeg ENOENT
https://www.dropbox.com/scl/fi/6llxmjghw7dz1r9mcpwjk/funinwv_20250511-1.mp4?rlkey=vs7r307fef0aavp704gi6wzee&st=8iseqvwh&raw=1	spawn ffmpeg ENOENT
https://www.dropbox.com/scl/fi/k8s7n9bg9q6okcll370a3/Fullononechicago-Fullononechica1-Twitter-Profile-_-Sotwe-195.mp4?rlkey=ltciu9v2k1olj75yqoh96h8xt&st=gq7c3z5k&raw=1	spawn ffmpeg ENOENT
https://www.dropbox.com/scl/fi/rbshvlno0gyzkqu2ri4qu/Fullononechicago-Fullononechica1-Twitter-Profile-_-Sotwe-189.mp4?rlkey=szpwku0c8l6kzqd2n21rgtan8&st=m8jcdzdd&raw=1	spawn ffmpeg ENOENT
https://www.dropbox.com/scl/fi/k5brkk6mf07a1j7p43i10/Fullononechicago-Fullononechica1-Twitter-Profile-_-Sotwe-184.mp4?rlkey=ph3jd7g7j1pi7dtj7ri00vicy&st=x5a97gfz&raw=1	spawn ffmpeg ENOENT
https://www.dropbox.com/scl/fi/ic8u5rbejwgopkgw7ytl4/Fullononechicago-Fullononechica1-Twitter-Profile-_-Sotwe-178.mp4?rlkey=cnc57ipv44arkwdw2wqx0jo9z&st=khu9sxdu&raw=1	spawn ffmpeg ENOENT
https://www.dropbox.com/scl/fi/7eg6ty3b5daloitlrfx5j/Fullononechicago-Fullononechica1-Twitter-Profile-_-Sotwe-177.mp4?rlkey=p1bp5pu0oavbk5ehjexjocjok&st=9l2oe3aq&raw=1	spawn ffmpeg ENOENT
https://www.dropbox.com/scl/fi/gey4ibg8mgvj43a3fexdm/Fullononechicago-Fullononechica1-Twitter-Profile-_-Sotwe-176.mp4?rlkey=0gd47jswrbi36kh055ml0e0jj&st=ucna26fl&raw=1	spawn ffmpeg ENOENT
https://www.dropbox.com/scl/fi/clpeh59h34vmj99hgu0tr/Fullononechicago-Fullononechica1-Twitter-Profile-_-Sotwe-175.mp4?rlkey=fl2flqe603dxyl75quaqj5yde&st=xbmfzjny&raw=1	spawn ffmpeg ENOENT
https://www.dropbox.com/scl/fi/qqbpjn7ubtq0itqkfqb00/Fullononechicago-Fullononechica1-Twitter-Profile-_-Sotwe-171.mp4?rlkey=m53yk5si55wt2twrh1xe7jx4u&st=vpuzp37v&raw=1	spawn ffmpeg ENOENT
https://www.dropbox.com/scl/fi/t9hxwn9ddnwd5g5cxfeux/Fullononechicago-Fullononechica1-Twitter-Profile-_-Sotwe-170.mp4?rlkey=ed9i6shhr46kvphcyfbg0mmho&st=agb8pex8&raw=1	spawn ffmpeg ENOENT
https://www.dropbox.com/scl/fi/dyw0wq5cso00ks8zybnht/Fullononechicago-Fullononechica1-Twitter-Profile-_-Sotwe-167.mp4?rlkey=drgiv45664lkzya0ovbgj8duo&st=ovuha3hj&raw=1	spawn ffmpeg ENOENT
https://www.dropbox.com/scl/fi/ufrszkn9xbmb060wxjqod/Fullononechicago-Fullononechica1-Twitter-Profile-_-Sotwe-160.mp4?rlkey=frtxonrfgo6jyfdyq7stuzil6&st=5euzxwew&raw=1	spawn ffmpeg ENOENT
https://www.dropbox.com/scl/fi/vyvv2wgs5xevc5x3txf5y/Fullononechicago-Fullononechica1-Twitter-Profile-_-Sotwe-159.mp4?rlkey=6p78zsqz9z784v63q5f4rffw5&st=cv2s2x6f&raw=1	spawn ffmpeg ENOENT
https://www.dropbox.com/scl/fi/kipw9s2g6q42g8pro08a8/Fullononechicago-Fullononechica1-Twitter-Profile-_-Sotwe-158.mp4?rlkey=cekk6mphfux839g897q271cus&st=6bkkfcoj&raw=1	spawn ffmpeg ENOENT
https://www.dropbox.com/scl/fi/typrjxp634738ihnywg6l/Fullononechicago-Fullononechica1-Twitter-Profile-_-Sotwe-157.mp4?rlkey=9oxaejaw3lf2a9ywc2youyusm&st=iupc42jt&raw=1	spawn ffmpeg ENOENT
https://www.dropbox.com/scl/fi/d3wwy0n0o7hf7wycwnfbf/Fullononechicago-Fullononechica1-Twitter-Profile-_-Sotwe-155.mp4?rlkey=qeqxku06zc9aatohqr5133ndn&st=a53d405y&raw=1	spawn ffmpeg ENOENT
https://www.dropbox.com/scl/fi/1wrg6kr39lfkhm6akjv8u/Fullononechicago-Fullononechica1-Twitter-Profile-_-Sotwe-153.mp4?rlkey=199tge8qolawz38pvucvr5i8o&st=i8r94rhi&raw=1	spawn ffmpeg ENOENT
https://www.dropbox.com/scl/fi/cnlxthcrso0mldng7bf8z/Fullononechicago-Fullononechica1-Twitter-Profile-_-Sotwe-152.mp4?rlkey=n2chbs89qb3h1xtpg8n03re62&st=akhgc8r1&raw=1	spawn ffmpeg ENOENT
https://www.dropbox.com/scl/fi/yec8umy158p9hlyatzlyj/Fullononechicago-Fullononechica1-Twitter-Profile-_-Sotwe-151.mp4?rlkey=vz8u7bhecq32sj19f8sixb4kg&st=bptttdhr&raw=1	spawn ffmpeg ENOENT
https://www.dropbox.com/scl/fi/oo59eiy2rl5288ec1m646/Fullononechicago-Fullononechica1-Twitter-Profile-_-Sotwe-150.mp4?rlkey=9vonqp3poyscrtefe6ugclz7m&st=wgs4xu9j&raw=1	spawn ffmpeg ENOENT
https://www.dropbox.com/scl/fi/zvgxzbd3ipfoh926kroua/Fullononechicago-Fullononechica1-Twitter-Profile-_-Sotwe-148.mp4?rlkey=00dsx5sa6z64sqmipwyg7aclo&st=orbr71an&raw=1	spawn ffmpeg ENOENT
https://www.dropbox.com/scl/fi/1nxo1bd0v18tes3o0at61/Fullononechicago-Fullononechica1-Twitter-Profile-_-Sotwe-147.mp4?rlkey=eg98h837mb5rjmsvt5juu7crc&st=pkesh2vm&raw=1	spawn ffmpeg ENOENT
https://www.dropbox.com/scl/fi/e0ozxat85jfc8m83l5ndq/Fullononechicago-Fullononechica1-Twitter-Profile-_-Sotwe-146.mp4?rlkey=evy62j5kiah6d2paix3af0k8n&st=mz9q8alq&raw=1	spawn ffmpeg ENOENT
https://www.dropbox.com/scl/fi/fa4or37ry2uvz42yoanzv/Fullononechicago-Fullononechica1-Twitter-Profile-_-Sotwe-145.mp4?rlkey=qt7h8cdaacesm6gi2pcsmckxr&st=3t2tt8da&raw=1	spawn ffmpeg ENOENT
https://www.dropbox.com/scl/fi/m071hnc5giv2ct0dagt0s/Fullononechicago-Fullononechica1-Twitter-Profile-_-Sotwe-143.mp4?rlkey=axny5m8d16kfjm5wrm6u2gk68&st=hdzvczn0&raw=1	spawn ffmpeg ENOENT
https://www.dropbox.com/scl/fi/1m4nxjt7ya3scxravkfth/Fullononechicago-Fullononechica1-Twitter-Profile-_-Sotwe-138.mp4?rlkey=u2q1t0tgmtf9wrp4fnbruf0h3&st=budby6ma&raw=1	spawn ffmpeg ENOENT
https://www.dropbox.com/scl/fi/8iehdrqby804ocvu1am3a/Fullononechicago-Fullononechica1-Twitter-Profile-_-Sotwe-133.mp4?rlkey=ptekkb2y9wg57johazxigkelu&st=g9wzt5o2&raw=1	spawn ffmpeg ENOENT
https://www.dropbox.com/scl/fi/m2wokfebn4w2oy9vwyo0t/Fullononechicago-Fullononechica1-Twitter-Profile-_-Sotwe-130.mp4?rlkey=dq46d6y3p6lxb9u6j1eqt6ohf&st=lla5u0o4&raw=1	spawn ffmpeg ENOENT
https://www.dropbox.com/scl/fi/g4u5pjnwup8nkv4mgcn9t/Fullononechicago-Fullononechica1-Twitter-Profile-_-Sotwe-127.mp4?rlkey=iti4z1yzogtknn35rr1gyxh4v&st=l7pm2deo&raw=1	spawn ffmpeg ENOENT
https://www.dropbox.com/scl/fi/s6efl1g0a3ca6jgn4fuyf/Fullononechicago-Fullononechica1-Twitter-Profile-_-Sotwe-124.mp4?rlkey=5asc9buniz3bv5gy84035p8tm&st=6bv3goze&raw=1	spawn ffmpeg ENOENT
https://www.dropbox.com/scl/fi/be0camleroz7ac3h88iyf/Fullononechicago-Fullononechica1-Twitter-Profile-_-Sotwe-123.mp4?rlkey=gj3u9uf87doszldhl8ygah7ke&st=w7vf0n2l&raw=1	spawn ffmpeg ENOENT
https://www.dropbox.com/scl/fi/b1ih8sf8cq1zovzen7hx7/Fullononechicago-Fullononechica1-Twitter-Profile-_-Sotwe-122.mp4?rlkey=em3s296hooofo9f8uuqwhzoqr&st=hwpw2ica&raw=1	spawn ffmpeg ENOENT
https://www.dropbox.com/scl/fi/0d6re4y6llnnie71fihzx/Fullononechicago-Fullononechica1-Twitter-Profile-_-Sotwe-121.mp4?rlkey=3jj42jjvjweeyo3pxneifd56n&st=x6lq96ew&raw=1	spawn ffmpeg ENOENT
https://www.dropbox.com/scl/fi/4mqe7xc0x3p51hasp29xr/Fullononechicago-Fullononechica1-Twitter-Profile-_-Sotwe-118.mp4?rlkey=5tj9s5epsnz7u5g18fd70co5z&st=d61pfjh4&raw=1	spawn ffmpeg ENOENT
https://www.dropbox.com/scl/fi/n5x847th80k2kb0qffp28/Fullononechicago-Fullononechica1-Twitter-Profile-_-Sotwe-115.mp4?rlkey=fhcdh6p5js76hs6w38qc383py&st=cwik7sma&raw=1	spawn ffmpeg ENOENT
https://www.dropbox.com/scl/fi/n3g18knnigjyytwh5c0ms/Fullononechicago-Fullononechica1-Twitter-Profile-_-Sotwe-113.mp4?rlkey=fepiqpjp5ojdcstjk3msagu1e&st=lbc2jvik&raw=1	spawn ffmpeg ENOENT
https://www.dropbox.com/scl/fi/q2vsl03rnyb38iquzledm/Fullononechicago-Fullononechica1-Twitter-Profile-_-Sotwe-112.mp4?rlkey=qvqubvukusjliyptf9ddaj66w&st=f2sht6bd&raw=1	spawn ffmpeg ENOENT
https://www.dropbox.com/scl/fi/mu3dnslpeu0f009yz94pq/Fullononechicago-Fullononechica1-Twitter-Profile-_-Sotwe-108.mp4?rlkey=z7c7m9cmuamrs53je1n6aqfsg&st=wf9gmxrn&raw=1	spawn ffmpeg ENOENT
https://www.dropbox.com/scl/fi/2nmfsds3veah8214hfpit/Fullononechicago-Fullononechica1-Twitter-Profile-_-Sotwe-104.mp4?rlkey=4vzrlph1wywrmcy5yyrtvz5uy&st=dp2rqbsc&raw=1	spawn ffmpeg ENOENT
https://www.dropbox.com/scl/fi/jy6e243jiskked9ve1wcv/Fullononechicago-Fullononechica1-Twitter-Profile-_-Sotwe-102.mp4?rlkey=mka93dp3yct6tgv2zkf73sf6i&st=nw5f3a09&raw=1	spawn ffmpeg ENOENT
https://www.dropbox.com/scl/fi/yli6bmjpgfhoi4vtcvpf5/Fullononechicago-Fullononechica1-Twitter-Profile-_-Sotwe-101.mp4?rlkey=ry293s2ts5b60pkzlg950ko9p&st=cuc99cr9&raw=1	spawn ffmpeg ENOENT
https://www.dropbox.com/scl/fi/ldg4xmf6gvip4nsyzsmbo/Fullononechicago-Fullononechica1-Twitter-Profile-_-Sotwe-100.mp4?rlkey=soyhmpr0lzkfehwn9ltgmv37j&st=el206jnr&raw=1	spawn ffmpeg ENOENT
https://www.dropbox.com/scl/fi/54cvkh20idqramthv3j5a/Fullononechicago-Fullononechica1-Twitter-Profile-_-Sotwe-99.mp4?rlkey=7lxnpyvydtq2i1te19xdjf76e&st=u6tnoueh&raw=1	spawn ffmpeg ENOENT
https://www.dropbox.com/scl/fi/hweg79tqwo5ob1c1uhk4e/Fullononechicago-Fullononechica1-Twitter-Profile-_-Sotwe-95.mp4?rlkey=ft0iwdefo5t91wenbvmarzc6r&st=qmameia3&raw=1	spawn ffmpeg ENOENT
https://www.dropbox.com/scl/fi/foropc0vts5g5uzqthjr5/Fullononechicago-Fullononechica1-Twitter-Profile-_-Sotwe-94.mp4?rlkey=nwzghefyxpzmpygm87kz9o2bk&st=6llu2m3f&raw=1	spawn ffmpeg ENOENT
https://www.dropbox.com/scl/fi/z5682z2m0e9omulpjz7yr/Fullononechicago-Fullononechica1-Twitter-Profile-_-Sotwe-92.mp4?rlkey=0ftjh37gyk6py2a4gmhiwwx5b&st=6c94ad7r&raw=1	spawn ffmpeg ENOENT
https://www.dropbox.com/scl/fi/r4f6fhxwqxes5342hdbpb/Fullononechicago-Fullononechica1-Twitter-Profile-_-Sotwe-91.mp4?rlkey=h3p1rnx1ajwgu5dhqsg7to3wq&st=vvbl74y5&raw=1	spawn ffmpeg ENOENT
https://www.dropbox.com/scl/fi/q7c78bud847elr3hk8kt0/Fullononechicago-Fullononechica1-Twitter-Profile-_-Sotwe-90.mp4?rlkey=q0thy93yh9p9z5xzksekkasum&st=7md4vbxi&raw=1	spawn ffmpeg ENOENT
https://www.dropbox.com/scl/fi/5dsfbibwdh755j0mibj2i/Fullononechicago-Fullononechica1-Twitter-Profile-_-Sotwe-89.mp4?rlkey=3casshj5kdpnknyvaz20zjb2h&st=nrxh1c2a&raw=1	spawn ffmpeg ENOENT
https://www.dropbox.com/scl/fi/cbu6mwr6fp6hnck3uab65/Fullononechicago-Fullononechica1-Twitter-Profile-_-Sotwe-88.mp4?rlkey=rqavpy8jembz4uk25jg4v0usw&st=0j8wnhzi&raw=1	spawn ffmpeg ENOENT
https://www.dropbox.com/scl/fi/r95byq3kxke0yprhb93kx/Fullononechicago-Fullononechica1-Twitter-Profile-_-Sotwe-85.mp4?rlkey=j5wxwio3od4tjq9iym36dakbn&st=0bzzgmau&raw=1	spawn ffmpeg ENOENT
https://www.dropbox.com/scl/fi/b216woa0ysma3hdbhofvp/Fullononechicago-Fullononechica1-Twitter-Profile-_-Sotwe-84.mp4?rlkey=0l3pyihfik8o4z0uv5sp4glo0&st=zza7nmrd&raw=1	spawn ffmpeg ENOENT
https://www.dropbox.com/scl/fi/lal515vsng5zwi7d7vzyc/Fullononechicago-Fullononechica1-Twitter-Profile-_-Sotwe-81.mp4?rlkey=h2c413gawhsdp5vkyrz3bw8tf&st=r7m81yrn&raw=1	spawn ffmpeg ENOENT
https://www.dropbox.com/scl/fi/e8q04xdj8fipjwzei6vli/Fullononechicago-Fullononechica1-Twitter-Profile-_-Sotwe-80.mp4?rlkey=vcx65wu1ky1b7kpfy6m8ot9pt&st=f83im3bk&raw=1	spawn ffmpeg ENOENT
https://www.dropbox.com/scl/fi/cis9tpeny5e3xpt4beata/Fullononechicago-Fullononechica1-Twitter-Profile-_-Sotwe-78.mp4?rlkey=leckghyaz7hk2myow7j1cnr94&st=eknwpjhb&raw=1	spawn ffmpeg ENOENT
https://www.dropbox.com/scl/fi/9chv5heoqxoiq9daau3kh/Fullononechicago-Fullononechica1-Twitter-Profile-_-Sotwe-77.mp4?rlkey=fzumm4lgdziydf1gbkxbpzqou&st=i529139f&raw=1	spawn ffmpeg ENOENT
https://www.dropbox.com/scl/fi/bqeh5con9cyys4e6dky7l/Fullononechicago-Fullononechica1-Twitter-Profile-_-Sotwe-76.mp4?rlkey=ewi313gonbxxxslclyl8toi29&st=jmys4apy&raw=1	spawn ffmpeg ENOENT
https://www.dropbox.com/scl/fi/asx0r9raa67eqtp0z408s/Fullononechicago-Fullononechica1-Twitter-Profile-_-Sotwe-71.mp4?rlkey=kbk3tzw7m5a01l3elxwp0yke7&st=2bjm4fa5&raw=1	spawn ffmpeg ENOENT
https://www.dropbox.com/scl/fi/ihk4r343z9920ed1617ea/Fullononechicago-Fullononechica1-Twitter-Profile-_-Sotwe-69.mp4?rlkey=13aqll0fvc5fcdbmf95853hgd&st=163x2su7&raw=1	spawn ffmpeg ENOENT
https://www.dropbox.com/scl/fi/ufqmxqmtitod8ocxqbbos/Fullononechicago-Fullononechica1-Twitter-Profile-_-Sotwe-65.mp4?rlkey=f1n53jxqgpyr8p8qkhmtemwix&st=ddvlql0e&raw=1	spawn ffmpeg ENOENT
https://www.dropbox.com/scl/fi/u7w0go1nhmkh22823ju07/Fullononechicago-Fullononechica1-Twitter-Profile-_-Sotwe-64.mp4?rlkey=f90ey51fyi6esra93g5o2488m&st=ess5y9cm&raw=1	spawn ffmpeg ENOENT
https://www.dropbox.com/scl/fi/e1dzyf889j1phxzumtd4g/Fullononechicago-Fullononechica1-Twitter-Profile-_-Sotwe-63.mp4?rlkey=spqxg1f6ea7odgis6dojycwuu&st=14v1smwy&raw=1	spawn ffmpeg ENOENT
https://www.dropbox.com/scl/fi/gf4nszolpc2of76hif3wi/Fullononechicago-Fullononechica1-Twitter-Profile-_-Sotwe-62.mp4?rlkey=eoitzxfyv67q3372hekcsyrip&st=19281v9i&raw=1	spawn ffmpeg ENOENT
https://www.dropbox.com/scl/fi/f0vb6j4dzbcy8t62uprcm/Fullononechicago-Fullononechica1-Twitter-Profile-_-Sotwe-61.mp4?rlkey=mdhcfhqecz3b05f8j9ia2ongb&st=9vej0wek&raw=1	spawn ffmpeg ENOENT
https://www.dropbox.com/scl/fi/mcf8j6fd3jm39trmzcsih/Fullononechicago-Fullononechica1-Twitter-Profile-_-Sotwe-58.mp4?rlkey=u0h2flxxlwr2nktfpvhftfgfy&st=yzk0a7f1&raw=1	spawn ffmpeg ENOENT
https://www.dropbox.com/scl/fi/36s9z9eev9s7z5ow0oliw/Fullononechicago-Fullononechica1-Twitter-Profile-_-Sotwe-55.mp4?rlkey=brwesm68an4tb20ay4tjgrsfq&st=nareftdc&raw=1	spawn ffmpeg ENOENT
https://www.dropbox.com/scl/fi/1zga26wafuzjkx5b3kkpg/Fullononechicago-Fullononechica1-Twitter-Profile-_-Sotwe-54.mp4?rlkey=8b4p022vsroerav8uox97ne7r&st=dffxsjic&raw=1	spawn ffmpeg ENOENT
https://www.dropbox.com/scl/fi/veethczb7vsozn4vutngx/Fullononechicago-Fullononechica1-Twitter-Profile-_-Sotwe-53.mp4?rlkey=y0spzqwmwrxigsyfwu4max3r5&st=btzs53sm&raw=1	spawn ffmpeg ENOENT
https://www.dropbox.com/scl/fi/nyrsnw9xox019cfifwhz6/Fullononechicago-Fullononechica1-Twitter-Profile-_-Sotwe-47.mp4?rlkey=ly9kxujsl8ywt9rc7qotf9g4o&st=fhruls42&raw=1	spawn ffmpeg ENOENT
https://www.dropbox.com/scl/fi/4pljhx6jj2nzbpf7qnnp7/Fullononechicago-Fullononechica1-Twitter-Profile-_-Sotwe-45.mp4?rlkey=mjn74s10ehhy1okf1yfd10wdg&st=5u5j76u0&raw=1	spawn ffmpeg ENOENT
https://www.dropbox.com/scl/fi/xcm8om6xuc1mxjpiyuz9q/Fullononechicago-Fullononechica1-Twitter-Profile-_-Sotwe-42.mp4?rlkey=hhlkt0ig3xj91yh3cbh94g3ic&st=hfaxb50v&raw=1	spawn ffmpeg ENOENT
https://www.dropbox.com/scl/fi/x6v05t7gk7kf5nuv0z10u/Fullononechicago-Fullononechica1-Twitter-Profile-_-Sotwe-40.mp4?rlkey=qoqw43l7a5cxcbmycy8ace36r&st=b7sirj87&raw=1	spawn ffmpeg ENOENT
https://www.dropbox.com/scl/fi/2z4fchmj50zcysv836ubl/Fullononechicago-Fullononechica1-Twitter-Profile-_-Sotwe-36.mp4?rlkey=d0bo7ohpmptkh3hzgp7twrqsd&st=wkz2mmkv&raw=1	spawn ffmpeg ENOENT
https://www.dropbox.com/scl/fi/hgop6ynp3k02c3zg4jiug/Fullononechicago-Fullononechica1-Twitter-Profile-_-Sotwe-33.mp4?rlkey=kbmxw2zxgd2daqxipnuqd8zeh&st=8zgygd9d&raw=1	spawn ffmpeg ENOENT
https://www.dropbox.com/scl/fi/3nqwr2q1j8ogbddkj3e89/Fullononechicago-Fullononechica1-Twitter-Profile-_-Sotwe-32.mp4?rlkey=vd8sdo6l0dubb62cz2hkf34f6&st=e2za6t5u&raw=1	spawn ffmpeg ENOENT
https://www.dropbox.com/scl/fi/fmoxldfq272vncpb0glft/Fullononechicago-Fullononechica1-Twitter-Profile-_-Sotwe-29.mp4?rlkey=ksht6jsd2lq4pd9o5e1usjez0&st=c82o6bxi&raw=1	spawn ffmpeg ENOENT
https://www.dropbox.com/scl/fi/ssof1qn7dfqavte2j0wh6/Fullononechicago-Fullononechica1-Twitter-Profile-_-Sotwe-26.mp4?rlkey=kl3womnshbgo8pprkym2ibdip&st=lpnusbj9&raw=1	spawn ffmpeg ENOENT
https://www.dropbox.com/scl/fi/95eln98agcka5veo53ioy/Fullononechicago-Fullononechica1-Twitter-Profile-_-Sotwe-22.mp4?rlkey=4idp58iumysmoejdth4ehxjvt&st=hrxpu2yz&raw=1	spawn ffmpeg ENOENT
https://www.dropbox.com/scl/fi/tw9oh2ja2kktz250sjarq/Fullononechicago-Fullononechica1-Twitter-Profile-_-Sotwe-20.mp4?rlkey=rzv21aqq93ruxphao88mmr8wr&st=hmzjl3f5&raw=1	spawn ffmpeg ENOENT
https://www.dropbox.com/scl/fi/evkj77fwr3xckd3cb0h8d/Fullononechicago-Fullononechica1-Twitter-Profile-_-Sotwe-16.mp4?rlkey=lkph3ais175ijdg8p0opsoeso&st=ewrhk6o2&raw=1	spawn ffmpeg ENOENT
https://www.dropbox.com/scl/fi/krovbki3vj9y9gjt365q0/Fullononechicago-Fullononechica1-Twitter-Profile-_-Sotwe-15.mp4?rlkey=1u5uxv81z2bc0ysctotl6cjgi&st=5mjkce48&raw=1	spawn ffmpeg ENOENT
https://www.dropbox.com/scl/fi/b6sjdz4d5a5y3zuqapl9o/Fullononechicago-Fullononechica1-Twitter-Profile-_-Sotwe-13.mp4?rlkey=zv4lndkxr2tk601pcg2bg7743&st=l0nrwtpg&raw=1	spawn ffmpeg ENOENT
https://www.dropbox.com/scl/fi/9rdzwgdvqnebe4cnkldt4/Fullononechicago-Fullononechica1-Twitter-Profile-_-Sotwe-12.mp4?rlkey=fpqmh87mz48mgpzdas36qt2ow&st=o55zq219&raw=1	spawn ffmpeg ENOENT
https://www.dropbox.com/scl/fi/uab31b431p5jtyv0oa81y/Fullononechicago-Fullononechica1-Twitter-Profile-_-Sotwe-6.mp4?rlkey=0goyk3ktym82sp6kds772n8te&st=4jzlskyf&raw=1	spawn ffmpeg ENOENT
https://www.dropbox.com/scl/fi/3tulobwf9cdpe9jqtyvpk/Fullononechicago-Fullononechica1-Twitter-Profile-_-Sotwe-2.mp4?rlkey=7i3cvpr7h4nu1znx3ecdxsr5a&st=uhjl0kqw&raw=1	spawn ffmpeg ENOENT
https://www.dropbox.com/scl/fi/n07bd4kz4wpmt6jwnyal1/Fullononechicago-Fullononechica1-Twitter-Profile-_-Sotwe-1.mp4?rlkey=9fq4nl5xmbgsj0it04bq6ibt9&st=i1mhdx2j&raw=1	spawn ffmpeg ENOENT
https://www.dropbox.com/scl/fi/p0qy43gmrho085qmxntno/FUH1FGdpwdHtbL89.mp4?rlkey=gjqk0t07gtrnm1sqriciouhtw&st=hxoq8be1&raw=1	spawn ffmpeg ENOENT
https://www.dropbox.com/scl/fi/2s4fipg2gh9ktkvx85rn0/FrAwg3J5FwhCaSNk.mp4?rlkey=i2yz35se3t0zwfaywraeu31y6&st=u1vmfh5v&raw=1	spawn ffmpeg ENOENT
https://www.dropbox.com/scl/fi/eaxwx5ygn0rtyvkfp6m5s/fniKWwgtHPrjfUaL.mp4?rlkey=gdix589zjaat7mjqjm10wc80s&st=15slp05v&raw=1	spawn ffmpeg ENOENT
https://www.dropbox.com/scl/fi/u3ltil9bkmo2nyun6axyk/FNf3jky4EqLGeC_X.mp4?rlkey=te849v8cdmxzvygttnxpecapm&st=cs59p77l&raw=1	spawn ffmpeg ENOENT
https://www.dropbox.com/scl/fi/8kwnfnqfzdf662tg2w7id/fmq0n8tBwIcQ_xUQ.mp4?rlkey=q7p5tkdl39zx4u6rcykeoi1y1&st=um32scs4&raw=1	spawn ffmpeg ENOENT
https://www.dropbox.com/scl/fi/3silxlrj2tvovuk5wji1e/fmnpGAa2PZXlElfJ.mp4?rlkey=06aamp98ioeqw6f91okmbeyqy&st=aerwynaz&raw=1	spawn ffmpeg ENOENT
https://www.dropbox.com/scl/fi/ayl8kta4ktja0xjmbdibf/fmbo1dHtIhjM7Y6E.mp4?rlkey=gktldfbmpjyt1z6e3wueu6qu8&st=d56n99sh&raw=1	spawn ffmpeg ENOENT
https://www.dropbox.com/scl/fi/sv7tpa1ofe4lfkxjpjamx/fine_daddies-wIt3YMtSmNHHzUiw.mp4?rlkey=g7xv1frxii9vlur8htqpjhaqa&st=y7a7kg1e&raw=1	spawn ffmpeg ENOENT
https://www.dropbox.com/scl/fi/3ue120fx88whklrhvbpiu/Fg5W-HCkU6x-5ORn.mp4?rlkey=db3srn00peeps50fh1eabacln&st=9rseccmy&raw=1	spawn ffmpeg ENOENT
https://www.dropbox.com/scl/fi/i1f482u8soukz9z4jacd9/FeChAsSSNhTyBr5v.mp4?rlkey=6o68jtx80x0k703dtbbd3cqx2&st=ewfm4fl5&raw=1	spawn ffmpeg ENOENT
https://www.dropbox.com/scl/fi/ilo0pempcsoje4lcqzhxs/fEaDTBkbIRejA8_5.mp4?rlkey=dsb6j0iscq2ib4e5qhw0m4xju&st=dufl7skh&raw=1	spawn ffmpeg ENOENT
https://www.dropbox.com/scl/fi/qjkivttdpabfzpe85hi38/fbmxergZDdU8abNE.mp4?rlkey=krljhjq7xqazcbgsh21fk2fbq&st=bfwpz51e&raw=1	spawn ffmpeg ENOENT
https://www.dropbox.com/scl/fi/1fr27ah4fx2nd0e95zsyu/Fat-Cock-Shooting-Cum-www.yesdownloader.com.mp4?rlkey=ny8deyc8kk46097t2p4wmv3ih&st=v4hfoh19&raw=1	spawn ffmpeg ENOENT
https://www.dropbox.com/scl/fi/37glge0nhigscmjym22dq/fabidivani-daKi1p_HZtn-Fsh6.mp4?rlkey=avqlyedmeb5wkmhedgq9obi4o&st=l08kb6up&raw=1	spawn ffmpeg ENOENT
https://www.dropbox.com/scl/fi/35tibkw26brtn49j63dyo/f3XDFvn5TifF3vkV.mp4?rlkey=bpn076p8fo7v5c3wxawazjunc&st=e9ek9d4t&raw=1	spawn ffmpeg ENOENT
https://www.dropbox.com/scl/fi/2hp76uzhypr6jfinsw64f/F3kKCiwkmo6ImKR2.mp4?rlkey=8sshjci6jfzv7ybivkaodhlri&st=bcpwyk50&raw=1	spawn ffmpeg ENOENT
https://www.dropbox.com/scl/fi/8jx03g1396kyqf7t60wgv/f2MbLirMLQ287eaR.mp4?rlkey=n994sas19gmh2gqhucq66i9tl&st=ejh19nb5&raw=1	spawn ffmpeg ENOENT
https://www.dropbox.com/scl/fi/aofjkj9yg7pt8kg7scgdl/F1vfZbIVGpzSpeLo.mp4?rlkey=ixkrgohrbfiekhddkp32mla94&st=i74bbu1k&raw=1	spawn ffmpeg ENOENT
https://www.dropbox.com/scl/fi/czwmp8gsyid4d7t7198fe/f0zxt85Nmu85crEa.mp4?rlkey=ejvtelhf64qtvgqgvdj87hsz5&st=ncm4lzmp&raw=1	spawn ffmpeg ENOENT
https://www.dropbox.com/scl/fi/newzrrjux9dfikmlasywj/f0HLtRaUGohHQFRe.mp4?rlkey=86k2js4xvt3s3g2g4psa1vdd9&st=d8s19zxw&raw=1	spawn ffmpeg ENOENT
https://www.dropbox.com/scl/fi/h5idlgpazif1utog180hm/F-6AY9ZBUvpI6D_3.mp4?rlkey=54r75bcc6m1meeyqkphewg0hf&st=9aklaceb&raw=1	spawn ffmpeg ENOENT
https://www.dropbox.com/scl/fi/75c8ho4wtzfjhmkpui0k0/F_XeY53j6L4ypN3r.mp4?rlkey=1p1a9tlozhxv19s6c4b3a3rag&st=vq185fec&raw=1	spawn ffmpeg ENOENT
https://www.dropbox.com/scl/fi/3ctceufg3wmozoam2fba5/F_V7msgGrUv7Ig6.mp4?rlkey=dutay8nouppbdqieeelnr8u6y&st=7affgl15&raw=1	spawn ffmpeg ENOENT
https://www.dropbox.com/scl/fi/m0ftku5k4w6566qi7m81n/ezBmsHn2YR_Irpek.mp4?rlkey=07lfw1xu8k670dobed58tsjum&st=74ls54m1&raw=1	spawn ffmpeg ENOENT
https://www.dropbox.com/scl/fi/q62f5jewn6xenhnim3zaj/EyTMdjKfdqJLW48d.mp4?rlkey=3pyseusirob0tupqxhleha51p&st=m6vq7zgc&raw=1	spawn ffmpeg ENOENT
https://www.dropbox.com/scl/fi/mn1dhfeqcpu3z07h2oiij/eyiIhadDbz1qvNLD.mp4?rlkey=alyfm5p4cu0fja9ezroj3gtji&st=f8ot2edz&raw=1	spawn ffmpeg ENOENT
https://www.dropbox.com/scl/fi/xj54hu06nnu31346vbvd5/Ev6cDIGvruNXsU5n.mp4?rlkey=kvruoe35nyk8y18w8jiimmdub&st=gm4aci44&raw=1	spawn ffmpeg ENOENT
https://www.dropbox.com/scl/fi/c841b4h78xok3rs22gbfn/eTJt2Usq-BM5MzBZ.mp4?rlkey=fcgsepe0plw7usi5u720dumq5&st=rdb9f9qg&raw=1	spawn ffmpeg ENOENT
https://www.dropbox.com/scl/fi/gyteql1aymqyyd102znxw/ESnOIsEZefOip9os.mp4?rlkey=dttr2lxs5gu9b6q46vm7gc96j&st=9nxwhea6&raw=1	spawn ffmpeg ENOENT
https://www.dropbox.com/scl/fi/sa4axiqnp4h7zybzu413h/esKqR34U7d0CGZ0Z.mp4?rlkey=p95spkwgaaq33h8i65akcu32t&st=kh2rkcll&raw=1	spawn ffmpeg ENOENT
https://www.dropbox.com/scl/fi/89l8pyj7xqfoy1zhtz0sn/EQoIybgPeSkWcAS3.mp4?rlkey=6899svguuzq3f4dpm8bxbqvif&st=ovgavjj8&raw=1	spawn ffmpeg ENOENT
https://www.dropbox.com/scl/fi/85ievl47z5imzjbja3dkd/eps77uz-IvSB99v6.mp4?rlkey=abohfwnyohgw0883gnmzo7ons&st=s9gff7sq&raw=1	spawn ffmpeg ENOENT
https://www.dropbox.com/scl/fi/sm81sr1zinezyyphkrr3s/EpAXZgyB1riX9N1B.mp4?rlkey=uxzt6sgwnmh8kypdyrp1ga12m&st=ejd9yk4j&raw=1	spawn ffmpeg ENOENT
https://www.dropbox.com/scl/fi/hujercqm07uidk9mxw57d/Eox2iJq_CV_XX8_A.mp4?rlkey=8o7stmtmmh8c7c8plas3eb0hh&st=zrng6w91&raw=1	spawn ffmpeg ENOENT
https://www.dropbox.com/scl/fi/6cyho6ecopodkohx92mzo/ej1VYDmI11HNWM6d.mp4?rlkey=nxo4xkpj9k6qxvdk5tztffbzq&st=ww2fdvop&raw=1	spawn ffmpeg ENOENT
https://www.dropbox.com/scl/fi/bzz7b1z59hh8n446obfvb/eJ0ExABgwRHlbKvk.mp4?rlkey=pte9jcg5c7fzrig53e3ftqo1o&st=a0u5ooc3&raw=1	spawn ffmpeg ENOENT
https://www.dropbox.com/scl/fi/il6g4h6c1zk42gqlqhqq9/edward_jafm97-1929994934024605959-01.mp4?rlkey=cz3nn0zb3h05ybi9yp9qjaz8a&st=f6lgtiq2&raw=1	spawn ffmpeg ENOENT
https://www.dropbox.com/scl/fi/rggj81pp9kjf8otv6j2d6/edward_jafm97-7I8MKc0dGwMTekki.mp4?rlkey=ytdkwliyyqr39jgfaqtxrbmde&st=pa54y55j&raw=1	spawn ffmpeg ENOENT
https://www.dropbox.com/scl/fi/t92lwpw3n2bcsglp7hpc9/edqLwsuCGrOou52o-2.mp4?rlkey=gfqw566kz0un8meo4ohag48i8&st=zqfi1fzn&raw=1	spawn ffmpeg ENOENT
https://www.dropbox.com/scl/fi/eegy3t3fe9f5z28gfj9jd/edgerxnyc_20250322.mp4?rlkey=3t1y994ejki2vb6xk77oub5g0&st=8jlzdtfu&raw=1	spawn ffmpeg ENOENT
https://www.dropbox.com/scl/fi/tjc9kg5elrcx9p9lygmhb/EaVZyZj1zz67lA6w.mp4?rlkey=ctbq4r65yel5q98jzi8xxxc29&st=l0khcflv&raw=1	spawn ffmpeg ENOENT
https://www.dropbox.com/scl/fi/zze2dscjenlt5cdm4pkfp/eau5pU19EIhSqQbZ.mp4?rlkey=us7byh5miaa4l0ihz7jqiifh3&st=uhdcyhl5&raw=1	spawn ffmpeg ENOENT
https://www.dropbox.com/scl/fi/d4n3ozob1dsdkgrarr58f/e07FvHdR2IJ0qbdV.mp4?rlkey=ws0tb3pw9b2bfinyyx8vhetgz&st=ql1hwhh0&raw=1	spawn ffmpeg ENOENT
https://www.dropbox.com/scl/fi/4bfx5gqfnp7vj1vyos8dq/e6Qc2gTAdkwSlgk1.mp4?rlkey=qej344ojz5qf1alf4a4z1svb3&st=x9q0yfiv&raw=1	spawn ffmpeg ENOENT
https://www.dropbox.com/scl/fi/v7y5uw0j3dy5rooyuond2/E3LV2hhINSK4U5zA.mp4?rlkey=q9m0c1cpoqw2ni5azm8243r0y&st=9mtvkmu3&raw=1	spawn ffmpeg ENOENT
https://www.dropbox.com/scl/fi/fmyj3qwnn0cpgu0ezl2s2/e-sE_Ryse70mTgW9.mp4?rlkey=9nx3bsxbawig5fzfmm6n7ee56&st=zfp87pyx&raw=1	spawn ffmpeg ENOENT
https://www.dropbox.com/scl/fi/cdmr47eqklrord7heenyq/DzJ46j2mZDxFeP4u.mp4?rlkey=bia2w70cl1qfarkina8lcp74n&st=il5cdwgk&raw=1	spawn ffmpeg ENOENT
https://www.dropbox.com/scl/fi/4gy0yzbphp8tawowotihe/DysCPJQ6vlXW3Xhw.mp4?rlkey=bixwackvqpdtewyni39vdgof9&st=qm63x5h6&raw=1	spawn ffmpeg ENOENT
https://www.dropbox.com/scl/fi/wqm8606jz6sszte87jvgx/DyHT4_SX-9JI6Ugb.mp4?rlkey=vgof931iubxy88xljyqqirl6g&st=fnv2y29z&raw=1	spawn ffmpeg ENOENT
https://www.dropbox.com/scl/fi/1qw1iwr44uafhxir7hisl/DvNW6GStaguIIvMp.mp4?rlkey=w9203jtcfypdp94z23f8eg61p&st=9rhkd1vb&raw=1	spawn ffmpeg ENOENT
https://www.dropbox.com/scl/fi/jvrosawoxrthjiq0t4rgm/dvBkHozqr3qzImY3.mp4?rlkey=832wp5ndi3y7tbml197obgkyw&st=ue52kna6&raw=1	spawn ffmpeg ENOENT
https://www.dropbox.com/scl/fi/y9254172bpamuksr4hx4z/DQhlSlP7JnTyOiTK.mp4?rlkey=a7wjgxb8rfmtr2bu62xm2woe0&st=mxc0qcz6&raw=1	spawn ffmpeg ENOENT
https://www.dropbox.com/scl/fi/ziipxx4s318ci22mm413s/DoINazzggIqrcbSQ.mp4?rlkey=pj5cdb8ia2bpa89y4qjgtgd9w&st=60fc8gnq&raw=1	spawn ffmpeg ENOENT
https://www.dropbox.com/scl/fi/kdmamt28g1584b1rwpe5b/DLMindset-Qo4JiTmZcYXTHRne.mp4?rlkey=r1b0r1ih2reqvnsnxsyuxjc4v&st=y7sfuo1y&raw=1	spawn ffmpeg ENOENT
https://www.dropbox.com/scl/fi/69m9memdljvg70yz02dmf/DLMindset-l1ip0-W0T_4Qoqrf.mp4?rlkey=593rutc0s8s1bxmw4i30r699o&st=cj9kgeeq&raw=1	spawn ffmpeg ENOENT
https://www.dropbox.com/scl/fi/dpbehix9l0nenme86vchl/districtcub_20250418.mp4?rlkey=z3f4buaids8lmotkbuve4e1bu&st=fx8pgy7a&raw=1	spawn ffmpeg ENOENT
https://www.dropbox.com/scl/fi/rd7tha2u4icdpdzlzk61t/dipSLxpD1WqPbUp5.mp4?rlkey=3tfsvybjjev5jixqs78opxw04&st=laihfe7m&raw=1	spawn ffmpeg ENOENT
https://www.dropbox.com/scl/fi/q34udcnujgh85y0p5gu92/Di6MgINMrdELQAbM.mp4?rlkey=b17peml857u1abubvla1mksb0&st=exim0t3g&raw=1	spawn ffmpeg ENOENT
https://www.dropbox.com/scl/fi/7y607ttwu4yooxgllcti8/dEPcG8OwOV-q1Q2L.mp4?rlkey=apiszv1vbnso09cutzzw219gi&st=uaf6sm3l&raw=1	spawn ffmpeg ENOENT
https://www.dropbox.com/scl/fi/mllxtwgzlye3ly75775hh/dEinqS0txzI8_R03.mp4?rlkey=em3lfkka4gf7sqegro8ux43t4&st=jbqnp2v2&raw=1	spawn ffmpeg ENOENT
https://www.dropbox.com/scl/fi/3odvrme5ejkmdod3zs1rs/DC5Scc_X8KBx5hRM.mp4?rlkey=nwo1832sa0f08swnluh1th68r&st=2xyllojd&raw=1	spawn ffmpeg ENOENT
https://www.dropbox.com/scl/fi/e7b4oaah3egit555lisbq/DarkHoungan-HedQpPZCEV_FQhrO.mp4?rlkey=sxszbpeb54jndyjd8hswtvmkm&st=kn6ake94&raw=1	spawn ffmpeg ENOENT
https://www.dropbox.com/scl/fi/aqgl1798eu4cuv5ht0kg0/Daddy-Tied-up-with-Vibrator-on-Cock-SlugsOfCumGuy-Pornhub-Gay.mp4?rlkey=91ai80b87kq7ifvoba8ur02lg&st=usrhokdd&raw=1	spawn ffmpeg ENOENT
https://www.dropbox.com/scl/fi/9s3wt9f9btp8mqnh9pujj/D95QwQWQmcXGOjBv.mp4?rlkey=zqlzc7uuhrm8gges9xx7j0yve&st=l3qvk4gr&raw=1	spawn ffmpeg ENOENT
https://www.dropbox.com/scl/fi/gh1biymrb1j3hzye1crl4/d7zrlpxdw6ksdvII.mp4?rlkey=7ol4o64aef8s2dp2domava24h&st=20zv8az1&raw=1	spawn ffmpeg ENOENT
https://www.dropbox.com/scl/fi/ozsvf284bekpvy0fu0rfa/d3xAHDUm7agN63zl.mp4?rlkey=j7u9izmxmhh5timgp2bv0qpri&st=fa9a25wz&raw=1	spawn ffmpeg ENOENT
https://www.dropbox.com/scl/fi/s409shn2bccd63v115dj6/d_2PvRhm25bgFGeX.mp4?rlkey=x8gsuviyechttvi1xga5d19il&st=q1r6lzpn&raw=1	spawn ffmpeg ENOENT
https://www.dropbox.com/scl/fi/j2gj7gkuweko11hx2oxfv/cZGlriLeobv0k7wm.mp4?rlkey=vuq0jx89dt6b439dcxm1u1tf1&st=vnzk8qj6&raw=1	spawn ffmpeg ENOENT
https://www.dropbox.com/scl/fi/yjrv2asfbdxjo0bwfipc0/CYxMLJAMtv_Hu338.mp4?rlkey=6njcdqhtso982ora4byqq10i7&st=stbz8bqk&raw=1	spawn ffmpeg ENOENT
https://www.dropbox.com/scl/fi/nnahjnoa2ijj12e944rey/CYvUvJ4E9FOJAp_a.mp4?rlkey=exjqaewmg2go5v6a2wzrvsh8z&st=wi9t22p9&raw=1	spawn ffmpeg ENOENT
https://www.dropbox.com/scl/fi/o027kokf4i5mue6iuv4dk/cum_world_fr-iOIjCxl6ZZgNER9I.mp4?rlkey=346kb5knr5cm53owfou19ppqi&st=97ynbbgt&raw=1	spawn ffmpeg ENOENT
https://www.dropbox.com/scl/fi/02a0a7kl4erxvwzjl4nvr/cum_world_fr-1929781097228853585-01.mp4?rlkey=acphd4lsuv9elaqyfqyf25goh&st=2r1751ve&raw=1	spawn ffmpeg ENOENT
https://www.dropbox.com/scl/fi/8ukozq99uu0wsa0ce7bhm/cum_world_fr-1926884190756204735-01.mp4?rlkey=aa9qquswklv7uqhi7jzo2mtxa&st=j8lfxhnf&raw=1	spawn ffmpeg ENOENT
https://www.dropbox.com/scl/fi/6p0n9cv8x5kvlkueqc5zo/cum_world_fr-2025-05-24T020609.mp4?rlkey=k9a0szq4ogsnofdr4bu9g1rmt&st=3rr30sc1&raw=1	spawn ffmpeg ENOENT
https://www.dropbox.com/scl/fi/1hhs6lcxeg1otd5v0qr5j/ctQfqOe6If8hEQ2v.mp4?rlkey=sufea7umy2lrqzfak8xag6fwk&st=r6vxtpoq&raw=1	spawn ffmpeg ENOENT
https://www.dropbox.com/scl/fi/xk4keioyr9kazwsy8uk3d/CrgJdyDGffxEerkY.mp4?rlkey=xn1eoquuvj9uxz4u3tw9fva7y&st=8kj9511w&raw=1	spawn ffmpeg ENOENT
https://www.dropbox.com/scl/fi/9y1unbkuxjijfxhzchpbu/crFvvgYMX4OYYXyk.mp4?rlkey=ikgw270vbm3r8simddmysrqt7&st=p0gxh0sz&raw=1	spawn ffmpeg ENOENT
https://www.dropbox.com/scl/fi/embpl295yr71iz3orlkcp/cQQZsx2xBDeVNH7i.mp4?rlkey=nqo11xtmcc2w42puknvm0q41c&st=hy9plv6s&raw=1	spawn ffmpeg ENOENT
https://www.dropbox.com/scl/fi/l8un6waaca5m7hmu9f2wj/cockbusterxx-1944736880748093767-01.mp4?rlkey=q5zdjbnobgrbnuyi1xo0k1r81&st=zk1awmj1&raw=1	spawn ffmpeg ENOENT
https://www.dropbox.com/scl/fi/cze3gg2q2sp5q41q57orv/CkXbrw51sH49_a3v.mp4?rlkey=9clqwpzau0jfnam4f13hqv6zv&st=31h66jrs&raw=1	spawn ffmpeg ENOENT
https://www.dropbox.com/scl/fi/f4bpx8n9ehc4mwe62wlqx/cKNfgoIXqRI8YfBH.mp4?rlkey=rkxcody27vcri6zz40gay09ws&st=d1o1nwx1&raw=1	spawn ffmpeg ENOENT
https://www.dropbox.com/scl/fi/45gvbxctyraclvw4i5r02/Ckh_g0kCoRtHBUHi.mp4?rlkey=xfo5erwzcnrbzhxi3jyscsgod&st=zlptup8r&raw=1	spawn ffmpeg ENOENT
https://www.dropbox.com/scl/fi/spg49ar87tlilwipaiuyh/cKgXRk2oGj25TXPo.mp4?rlkey=kfcbhikeybc6i1bg4i9bnmauq&st=kbedbgsb&raw=1	spawn ffmpeg ENOENT
https://www.dropbox.com/scl/fi/jdnmqe6dzqos7mtejbd7t/cjYllMTcsHdqrz-h.mp4?rlkey=1ll8mc9yd1e26hub6pe5y7lfa&st=hswf54kg&raw=1	spawn ffmpeg ENOENT
https://www.dropbox.com/scl/fi/5gafg16mzfbh3b8dn4hq5/CiKtD4h4kr0hJwrJ.mp4?rlkey=6ictnz5eoe4rw79u0xdr4l9zh&st=gxvwodfl&raw=1	spawn ffmpeg ENOENT
https://www.dropbox.com/scl/fi/3chxwcmelq8fg65uc9hil/CgMrVDsy3X6ymLU0.mp4?rlkey=2ic9itdyyosk392w8amdsf8br&st=zzyu0p52&raw=1	spawn ffmpeg ENOENT
https://www.dropbox.com/scl/fi/yehd1he2caluk5ca5x5af/Cf5PQYyCrxPjjhQD.mp4?rlkey=0apg80ydu2dra8xlgxy1y0qrw&st=y4w5cs34&raw=1	spawn ffmpeg ENOENT
https://www.dropbox.com/scl/fi/ehlmues1dy3n90x9zyqcb/CcZalI2nmUuu9ddj.mp4?rlkey=jja83sgly77kusajwr8lx05y2&st=j1tqv94q&raw=1	spawn ffmpeg ENOENT
https://www.dropbox.com/scl/fi/db36c2jkmm4l4gdvwtc0h/cAYvg_FZy1p5t_VQ.mp4?rlkey=sok80adkwgov3ofzpv9glwwxl&st=szuz7s8w&raw=1	spawn ffmpeg ENOENT
https://www.dropbox.com/scl/fi/fur0wlqxexzy2ldl77x1k/carjackingdude_20250222.mp4?rlkey=le0bwmj0ow77b7mgmtljnfyn9&st=jhe6ogrt&raw=1	spawn ffmpeg ENOENT
https://www.dropbox.com/scl/fi/zlgcq2f1ypn0a7szym02i/CARAMEL-BIG-DICK-CaramelBigDickz-Twitter-Profile-_-Sotwe-20.mp4?rlkey=rx3725nsnimcqmzmi2zisb7qb&st=highebuu&raw=1	spawn ffmpeg ENOENT
https://www.dropbox.com/scl/fi/wo8weu49jsteq7pz9cnjw/CARAMEL-BIG-DICK-CaramelBigDickz-Twitter-Profile-_-Sotwe-18.mp4?rlkey=jyp5jar1xxp46erfq0zjzilqf&st=dtxi35yl&raw=1	spawn ffmpeg ENOENT
https://www.dropbox.com/scl/fi/g958ms84mm4syjpdveyfg/CARAMEL-BIG-DICK-CaramelBigDickz-Twitter-Profile-_-Sotwe-17.mp4?rlkey=1izpdlvg10bwlf0xe2nkp6f3a&st=02xey230&raw=1	spawn ffmpeg ENOENT
https://www.dropbox.com/scl/fi/q71niowifelozwuanvtdd/CARAMEL-BIG-DICK-CaramelBigDickz-Twitter-Profile-_-Sotwe-15.mp4?rlkey=mzm59dsi39v6xjf3tya2v0yut&st=ntfqz7k0&raw=1	spawn ffmpeg ENOENT
https://www.dropbox.com/scl/fi/uu0vrqzo3ht0ylk800w62/CARAMEL-BIG-DICK-CaramelBigDickz-Twitter-Profile-_-Sotwe-12.mp4?rlkey=ghze90cg9k8druwerpzbqi84g&st=8q2ewzzf&raw=1	spawn ffmpeg ENOENT
https://www.dropbox.com/scl/fi/ef7skn2t3jk3t2c19rjmc/CARAMEL-BIG-DICK-CaramelBigDickz-Twitter-Profile-_-Sotwe-11.mp4?rlkey=4hmh5sl9uwlood3wpvqw5s8eg&st=uwlgf0td&raw=1	spawn ffmpeg ENOENT
https://www.dropbox.com/scl/fi/0dot2kfohq010d7iob9go/CARAMEL-BIG-DICK-CaramelBigDickz-Twitter-Profile-_-Sotwe-10.mp4?rlkey=heqfoye41zrhaeo677luxclp5&st=pdumjvwi&raw=1	spawn ffmpeg ENOENT
https://www.dropbox.com/scl/fi/4vaqxr4ob84mmnj6gdryy/CARAMEL-BIG-DICK-CaramelBigDickz-Twitter-Profile-_-Sotwe-9.mp4?rlkey=yuidwzwc912xqcpu6zkvezj3c&st=1re6uaz3&raw=1	spawn ffmpeg ENOENT
https://www.dropbox.com/scl/fi/0f6qo0zqt0l6olyjl1bag/CARAMEL-BIG-DICK-CaramelBigDickz-Twitter-Profile-_-Sotwe-7.mp4?rlkey=v5uj4uy40ub9xglgigg3z98au&st=m0gzrt4k&raw=1	spawn ffmpeg ENOENT
https://www.dropbox.com/scl/fi/xdnagdx63vt0ypkp253gt/CARAMEL-BIG-DICK-CaramelBigDickz-Twitter-Profile-_-Sotwe-6.mp4?rlkey=3ge5mzii4dsvyx99o0cw4neph&st=tjkfyrfq&raw=1	spawn ffmpeg ENOENT
https://www.dropbox.com/scl/fi/sxm8v8hhi8ezuzhl0ltrk/CARAMEL-BIG-DICK-CaramelBigDickz-Twitter-Profile-_-Sotwe-3.mp4?rlkey=qrqcy5tr94vg48bk3fsrpwwgh&st=0zh91b5m&raw=1	spawn ffmpeg ENOENT
https://www.dropbox.com/scl/fi/des35iuwmiijlsbl47e0w/CARAMEL-BIG-DICK-CaramelBigDickz-Twitter-Profile-_-Sotwe-2.mp4?rlkey=r0egpdr8zzx7zv2fbthh0ithx&st=fw6ldjgq&raw=1	spawn ffmpeg ENOENT
https://www.dropbox.com/scl/fi/9gwar796kgzcyushnz4fg/CARAMEL-BIG-DICK-CaramelBigDickz-Twitter-Profile-_-Sotwe-1.mp4?rlkey=5l1mh5kih6rjy4ue8f20lmkj1&st=xkqhcjmo&raw=1	spawn ffmpeg ENOENT
https://www.dropbox.com/scl/fi/ovib3okhqoj9oh7p8l297/C9HN0waJTrcgCYKY.mp4?rlkey=myb01gopj6mkqxfl7ltc75gqw&st=dt5f1wmk&raw=1	spawn ffmpeg ENOENT
https://www.dropbox.com/scl/fi/j8rgjg5ek777lecpvfswn/c6aUP73KT9aLFFYh.mp4?rlkey=a9yaz19gdbdsfw2ascmafsuhv&st=y9zvci2u&raw=1	spawn ffmpeg ENOENT
https://www.dropbox.com/scl/fi/he5wot4glshi0itt9bve6/c4I6ADGsxFlezVKW.mp4?rlkey=xg39frtvwnkmkyo7jlyzygsvj&st=67lndmxe&raw=1	spawn ffmpeg ENOENT
https://www.dropbox.com/scl/fi/a2z00rp6faeqydnitmu9z/Bx_NmlubUPlWjpDe.mp4?rlkey=5xcjcj7ihqwcryhtdk2pkbulo&st=h0f17m9b&raw=1	spawn ffmpeg ENOENT
https://www.dropbox.com/scl/fi/jnehoq3sfw32ou2h0i0yh/BwVVUoOUwRpd0OOt.mp4?rlkey=26kslwmkeqthcsccdagg2vngc&st=ic48fte0&raw=1	spawn ffmpeg ENOENT
https://www.dropbox.com/scl/fi/qxcfm2ljru6xd1k0r0e5h/bvyrevPAdxkuv4dV.mp4?rlkey=9xncx5pii6xb4j1wygimdqrt1&st=0fsqcx6n&raw=1	spawn ffmpeg ENOENT
https://www.dropbox.com/scl/fi/18cce6fkzyz7o8r78t4y8/bunkmatexxx_20241218.mp4?rlkey=eeptml9qsgp52umhu1ieu36h5&st=6q7fdiqz&raw=1	spawn ffmpeg ENOENT
https://www.dropbox.com/scl/fi/3voe53pupqocef9jmyzvl/BullBossJosh-1941115290995314981-01.mp4?rlkey=wlo8hqkct40wu3lmsf4qqzrcj&st=9qq5dqpb&raw=1	spawn ffmpeg ENOENT
https://www.dropbox.com/scl/fi/cjikmgq70mr948rvvniv4/BUJ7t4UCgZzZSKH7.mp4?rlkey=ff7dcnqf2snzrx6g48w81bmqb&st=6ysqqsvk&raw=1	spawn ffmpeg ENOENT
https://www.dropbox.com/scl/fi/tm9vbytr8zn68of18d5x0/BsB2w-sWJb6m5EKz.mp4?rlkey=8qzpqk1dzs3jek0t2fyzd9qe0&st=kagmv7br&raw=1	spawn ffmpeg ENOENT
https://www.dropbox.com/scl/fi/vavz9yeku2oag6stxwk6v/BRfMe03eruzo3Dfw.mp4?rlkey=gd998yb8bol4pjma1rknizxio&st=om5v12wd&raw=1	spawn ffmpeg ENOENT
https://www.dropbox.com/scl/fi/al6sy1eokjmnd4p6p52uk/brdj4zncEh0mtxW0.mp4?rlkey=ui39mo6q4b8djdkzmx9vmr32e&st=5bsb3ry0&raw=1	spawn ffmpeg ENOENT
https://www.dropbox.com/scl/fi/wa0z8uzro76tbgw52tkc8/BOof9PeYAAVxj9T5.mp4?rlkey=fkyncepmpxciimtowrcxcz5d8&st=nck29vgd&raw=1	spawn ffmpeg ENOENT
https://www.dropbox.com/scl/fi/qnca2zt9og47veux55e6c/bOe2kbLl-ce265N5.mp4?rlkey=igz2kc1rcf6ll5rdt3i9puii1&st=k4ap62ja&raw=1	spawn ffmpeg ENOENT
https://www.dropbox.com/scl/fi/uvc825gtqlq0c95854nc8/BnQU68yTeawp5A90.mp4?rlkey=4qz42zjcj2su8whgrnd7i1x89&st=5wce8woo&raw=1	spawn ffmpeg ENOENT
https://www.dropbox.com/scl/fi/j0aqro6yha1h6gvfg3j9u/bm_3vHTr8_fn6XGP.mp4?rlkey=dc8c5lgcry8fzvpdjkbets5t0&st=j0ed1b34&raw=1	spawn ffmpeg ENOENT
https://www.dropbox.com/scl/fi/1yjdv8a4t1mie7tnnisv3/blessed213_20250525.mp4?rlkey=bedkw2lyw0ok9mnsq68tlvdl4&st=d746zd0q&raw=1	spawn ffmpeg ENOENT
https://www.dropbox.com/scl/fi/cfmmfompwb9brf7rp4xi4/blessed213_20250515.mp4?rlkey=1d6oc2vzx8xoamh21m3cmf5c4&st=1tyh53sn&raw=1	spawn ffmpeg ENOENT
https://www.dropbox.com/scl/fi/v6gf1yfjcunumgvu7g9nx/BlackMenCum-1927545363675721959-01.mp4?rlkey=p1m90jc0s1zh6okk7n1s1o6wl&st=yd6v0evp&raw=1	spawn ffmpeg ENOENT
https://www.dropbox.com/scl/fi/knnzk4etvaypv35mznrbb/BlackMenCum-2025-06-10T210000.mp4?rlkey=6s8orzdtils6iwtim82ojsf6i&st=5zvyll58&raw=1	spawn ffmpeg ENOENT
https://www.dropbox.com/scl/fi/q7c2ahdbpb8s7je8ihg82/bkZFv3hcVXIiuM-f.mp4?rlkey=jzpz6qdhlqnxt58xh08fqjqv7&st=ca5k66c7&raw=1	spawn ffmpeg ENOENT
https://www.dropbox.com/scl/fi/5rnfso0d2bgckk3ozsfc9/Big-Cumshot-In-Your-Face.mp4?rlkey=5a4h41cleicse01lew3p0uqho&st=b5r3lsqs&raw=1	spawn ffmpeg ENOENT
https://www.dropbox.com/scl/fi/85orp0m14v8f6utah7m6z/bGA-_S_Vq5xUtV3U.mp4?rlkey=kxtjlpwlmrp9mk1uk32ofhdgm&st=h5kbimw4&raw=1	spawn ffmpeg ENOENT
https://www.dropbox.com/scl/fi/3zrkgd7ugl03je8j5w4ym/BFNXiey-_lyktZFz.mp4?rlkey=z23fv2akoy27jfx2p2t0h1c4s&st=t4dk85he&raw=1	spawn ffmpeg ENOENT
https://www.dropbox.com/scl/fi/lg5jjz964v9g80ffr9r0w/bestcumshot_20250401.mp4?rlkey=jjrc99jrhge2477qk2t6mstx4&st=g4m02xb4&raw=1	spawn ffmpeg ENOENT
https://www.dropbox.com/scl/fi/rfststi4jiihppkxcshju/BEgovSvFJTSjrC9x.mp4?rlkey=yr98r2c8ewt1120s755anitap&st=k2u0oucj&raw=1	spawn ffmpeg ENOENT
https://www.dropbox.com/scl/fi/ifa207ve62gqh78lqt2qv/bcZRfjc76tOsZIPO.mp4?rlkey=7k0lmuic8gcg5b9b8wjrhbtid&st=s2p2vdh6&raw=1	spawn ffmpeg ENOENT
https://www.dropbox.com/scl/fi/bw153cghdn1v4heb2bd2l/bcSgKg5xJmftj0aY.mp4?rlkey=o45urm087uikv41xe99z2lsim&st=k98xykug&raw=1	spawn ffmpeg ENOENT
https://www.dropbox.com/scl/fi/u8scazpq12vy61w3fzikf/BBkylecali-i5gmjnMe4uQZr1IX.mp4?rlkey=ed2xd3vdebob2ngp8mlz77nju&st=wmbayr3n&raw=1	spawn ffmpeg ENOENT
https://www.dropbox.com/scl/fi/uxpaha6ejio1h7c6ua841/BBC-cum-Monstercockland.mp4?rlkey=whkex5a36lpf758ejg2pse6cx&st=ckbdprvq&raw=1	spawn ffmpeg ENOENT
https://www.dropbox.com/scl/fi/p7x0p6u1vbz8lfj1xsn82/BBC-Big-Dick-Cum-Cumshot-Daddy-Masturbating-Muscles-OnlyFans-POV-Solo-Porn-Gif-by-meat_senpaii-_-RedGIFs-4.mp4?rlkey=ku1mhdlw6yik5xirtggucvwso&st=b5kdb57g&raw=1	spawn ffmpeg ENOENT
https://www.dropbox.com/scl/fi/20ebdqg6hb2r4uy2angpw/BBC-Monstercockland.mp4?rlkey=9fqmy4k5bmhwcojujtm8uefkp&st=npi16m85&raw=1	spawn ffmpeg ENOENT
https://www.dropbox.com/scl/fi/lqwpvwdmvmi2qe33rl4lh/b9b_nUwXbW8R4h3b.mp4?rlkey=7neqj87eh4zanan2nfs9lqeik&st=vykdqyfz&raw=1	spawn ffmpeg ENOENT
https://www.dropbox.com/scl/fi/hns9ii0mqnio019je7pnn/B7g98lC7prKso3d5.mp4?rlkey=sektetianii34xjt8cij9yd37&st=4yz0yz32&raw=1	spawn ffmpeg ENOENT
https://www.dropbox.com/scl/fi/mwvhilkjoan7n67vkuss0/B3O-a8J71v7mjdcF.mp4?rlkey=hsdgql4raz2obseeffnywuccf&st=552s0dyn&raw=1	spawn ffmpeg ENOENT
https://www.dropbox.com/scl/fi/bj332sz5wytvikgnznzlt/aZg23usL-xYhr_XX.mp4?rlkey=i2nqr6izialnz5isgmz4bk3fy&st=f6grlaym&raw=1	spawn ffmpeg ENOENT
https://www.dropbox.com/scl/fi/eh9i4atupht9xk6mibo1b/aXmy34mWlXNvgnsg.mp4?rlkey=xicln6fbrqc5095gcbbct032p&st=ht56id0d&raw=1	spawn ffmpeg ENOENT
https://www.dropbox.com/scl/fi/nyykntxvc5q58ydyxc4cc/ax74h5UKgdbTRk2o.mp4?rlkey=rnb6s6cr26h0mwl97t7j8vj7g&st=68jyjjfq&raw=1	spawn ffmpeg ENOENT
https://www.dropbox.com/scl/fi/xrwe3hu72hsv0h4ryty07/aWLLgrl5Wc5jG8pI.mp4?rlkey=vhwk9r722jsf4a5pqw5y8g768&st=wl9mqdwi&raw=1	spawn ffmpeg ENOENT
https://www.dropbox.com/scl/fi/drmpc1s7ka8ifjacv8yt7/aV8RrUkFQqirjQfc.mp4?rlkey=bguxdj4c0bcet8u32w096ttfo&st=wo1e7r52&raw=1	spawn ffmpeg ENOENT
https://www.dropbox.com/scl/fi/r23mdzhvtskah9lgcx1iu/Aroused-while-Working_-had-to-Cum-but-Hands-Free-Pornhub-Gay.mp4?rlkey=xc5iu47io50z9rryhd4xnr7ul&st=ya65x5m1&raw=1	spawn ffmpeg ENOENT
https://www.dropbox.com/scl/fi/o2qa1i2e2ls8pizspuwl3/ARCquyIDTSfYVyWG.mp4?rlkey=zfo5corke0jboaxtmvgmbzbsr&st=5z1gn6yo&raw=1	spawn ffmpeg ENOENT
https://www.dropbox.com/scl/fi/96v8dl7vlf6y2k26jk9lu/Alejo34_34-1926107810850341194-01.mp4?rlkey=imlsny8kqto8s9ueeavfyi96z&st=tb1o0nds&raw=1	spawn ffmpeg ENOENT
https://www.dropbox.com/scl/fi/89a0tbcvzy9gnu8e9r0qa/AJklmhxIzYquwUz2.mp4?rlkey=d40byzw6sw1s2c4uiuisf4mz4&st=4yf7s9de&raw=1	spawn ffmpeg ENOENT
https://www.dropbox.com/scl/fi/pvzzi0p0mqkoemuxa3haa/aeYUZMW7Vm3GiUNs.mp4?rlkey=mlcun5yyfptrrhv34h69r5t31&st=8qd94d43&raw=1	spawn ffmpeg ENOENT
https://www.dropbox.com/scl/fi/8uzmyhb2zygvxauvta69m/AEWgPLjE-IvY4XZf.mp4?rlkey=lypsj4b3gg9z7c4uqrrcq2bz6&st=o874383c&raw=1	spawn ffmpeg ENOENT
https://www.dropbox.com/scl/fi/qpqk9ogaiinbydlpsdh0u/AAOMUZIKnVMLszuO.mp4?rlkey=92nnlj7hnaakhlkzi7gymjs1c&st=ysyoz8fz&raw=1	spawn ffmpeg ENOENT
https://www.dropbox.com/scl/fi/s58hmjldzee7f0tn5x4zk/a9320gOShOMGLeSk.mp4?rlkey=8v1rzh57d91kff6sj38y3gy7i&st=qnjfho8l&raw=1	spawn ffmpeg ENOENT
https://www.dropbox.com/scl/fi/49cwl78rrwgzx7l4issxr/A9AHbxktIG59P79J.mp4?rlkey=v6iughr8mlj1shq1bqrf6i10v&st=wi7eqx2i&raw=1	spawn ffmpeg ENOENT
https://www.dropbox.com/scl/fi/rqzimjbtdmbe8qlmmhoof/a2Wnc68TX_7ETjNj.mp4?rlkey=5qsehu82mdyu7z3eolitqkpdj&st=jxvy3war&raw=1	spawn ffmpeg ENOENT
https://www.dropbox.com/scl/fi/wjswo6zgiemz654tjhwje/A2BiPYBBT-eupChQ.mp4?rlkey=azp29vxe569jq4ojcofimxgh1&st=owohh77p&raw=1	spawn ffmpeg ENOENT
https://www.dropbox.com/scl/fi/cs51kom5r1dm9bj2noguz/a-kEaQPGKlK1i5G.mp4?rlkey=fndtm9c1tqd8ltyo9yk5a1ysq&st=z70ettkd&raw=1	spawn ffmpeg ENOENT
https://www.dropbox.com/scl/fi/gbl6uj31zurybw9co9j28/155987261-d88276270e69e6f3c6ce48ce06024b51.mp4?rlkey=554uin1ox7je8f5i2hn5cjit2&st=atht2t14&raw=1	spawn ffmpeg ENOENT
https://www.dropbox.com/scl/fi/gepuj29sc7d33ahhpe6sd/155987251-580cba582c883c8ebbe0be70c326c5e5.mp4?rlkey=jq3lbg2hiv2vamd04vhm64p75&st=irvnxsxy&raw=1	spawn ffmpeg ENOENT
https://www.dropbox.com/scl/fi/5mvbjpqohxrhg0lam254k/155987061-f82e50c57b217685d6b88490e9998717.mp4?rlkey=6yscxw4ecsfro7wansd9wnkvh&st=ei15pcsg&raw=1	spawn ffmpeg ENOENT
https://www.dropbox.com/scl/fi/4rae04wptqs38a0jlmkmg/155987051-019d0db15c366b98f074562059e25436.mp4?rlkey=go0q36akaqwijkwol1h5ysenl&st=2df05b2p&raw=1	spawn ffmpeg ENOENT
https://www.dropbox.com/scl/fi/f3ulh4zne7i9kf92kznq1/155987041-4f39010bfc790bd3bc6c4a08d437daf3.mp4?rlkey=rusv930aar8l2sbg0gb3cv9nj&st=frnxd3rz&raw=1	spawn ffmpeg ENOENT
https://www.dropbox.com/scl/fi/f4xsy5ggt29tmitwgyp9n/147748471-82ccce6fff9f9d576172fd0525e6fc4a.mp4?rlkey=2am8raw6glgiqzzjq6f3ntcy0&st=bo99ly49&raw=1	spawn ffmpeg ENOENT
https://www.dropbox.com/scl/fi/8nwrl63yyi99sumftz1ev/147748451-335756a18928f96cdd16f77904ca9b64.mp4?rlkey=87qxwvuf7a40fuzl5vu2jmrg9&st=9m0z2f4g&raw=1	spawn ffmpeg ENOENT
https://www.dropbox.com/scl/fi/dlwmgsbdkdgipowy5o6nj/142371671-5c76e678d80e5b234b6412bdb5ffc612.mp4?rlkey=42m268reaoykawd6eov9h1wu1&st=3n1dsyyq&raw=1	spawn ffmpeg ENOENT
https://www.dropbox.com/scl/fi/tt1huytstjz5d6n7meixr/139362571-80362312016dc4b6bef2148f12681208.mp4?rlkey=hdo6igct3iyekvy30u2ar45g0&st=cmiowg58&raw=1	spawn ffmpeg ENOENT
https://www.dropbox.com/scl/fi/6bcnl13fqv01257sj4qde/133758771-99c8e1e1bc4c75cfe0487084f83a4020.mp4?rlkey=v32c73qz85uq6k9jnwbdxm5b3&st=qxm6i9ak&raw=1	spawn ffmpeg ENOENT
https://www.dropbox.com/scl/fi/k8omns06vve57ji0ydp56/133758751-5ee241670129d2088cf704790ff29101.mp4?rlkey=qhsm0v3j2b87fznp7827av5eu&st=n13rj3b9&raw=1	spawn ffmpeg ENOENT
https://www.dropbox.com/scl/fi/aboyl0jqdcd1ylcuzhpet/133758621-8c50fd974a8c5b857a751cc31732a1a6.mp4?rlkey=ca1eid38ltx4m9jynd2rds0jw&st=z3d79ufc&raw=1	spawn ffmpeg ENOENT
https://www.dropbox.com/scl/fi/e0eaybbu2tsi2ruthnohe/133758421-815b09736ded7f857dc5d3b327f4f9d4.mp4?rlkey=c8giobqhlk8g60jo9evv3mvn3&st=7fysj8h6&raw=1	spawn ffmpeg ENOENT
https://www.dropbox.com/scl/fi/08syh34sefcfcs1qu4pui/133758261-309362457882ca4c0f8fc5583512481e.mp4?rlkey=k6n9b8q3ximm622buajbprouw&st=ruv4a4ez&raw=1	spawn ffmpeg ENOENT
https://www.dropbox.com/scl/fi/d441qac97jsz3grf34wv7/133758191-d85e61aa49250dbbbab9a1028f6a92cc.mp4?rlkey=2g6b2ogbcz964va54rct71jik&st=nw79lmql&raw=1	spawn ffmpeg ENOENT
https://www.dropbox.com/scl/fi/h3nmezzqpmvifys52grth/133758011-c69c9fca513a6461a80a913f33e54c13.mp4?rlkey=sv2qes31bh7cunid91neqc5l0&st=nut3nnen&raw=1	spawn ffmpeg ENOENT
https://www.dropbox.com/scl/fi/ittxsfbk9pghuf7wxuqff/133758001-e8462458488e5f0c448b68ea2be47164.mp4?rlkey=5fw8i4a2drqtvkq4elpjxlzky&st=7q6k3k6p&raw=1	spawn ffmpeg ENOENT
https://www.dropbox.com/scl/fi/ilunpmtqxezy2mlm0y3kx/133757991-f407ef85bf80af938c64eb34ca28d6d1.mp4?rlkey=4v9r4chhi73uuitb5av6dadpj&st=vj10f31d&raw=1	spawn ffmpeg ENOENT
https://www.dropbox.com/scl/fi/688fofjrqbpdoig1cs2pn/133757981-ff02b1db2c0c1a5f3e7515bb826d6963.mp4?rlkey=e96s3kdb9kgriai33ewm3xh5r&st=ebvcnclf&raw=1	spawn ffmpeg ENOENT
https://www.dropbox.com/scl/fi/ipsyn0esfwvc3d7yd1ne7/133757971-0fb67ff883d4d7ccb44e9b42cb43f5bf.mp4?rlkey=rpf6no6pvym43b2p4r6plh5r4&st=yzejrvlx&raw=1	spawn ffmpeg ENOENT
https://www.dropbox.com/scl/fi/yfgg0q1ss3to43tvtfp94/124344491-b4298eecb85a44efed4439f349e76e08.mp4?rlkey=pcr6zti5wl173mmx7wrn09vb3&st=4kdsy33i&raw=1	spawn ffmpeg ENOENT
https://www.dropbox.com/scl/fi/lr4j0q7q5plz08vqxc32m/124344311-fec2350009254c9cde5d887e19d8ab67.mp4?rlkey=czy2sgyba1bj736oehzv5q0ws&st=sgcgwopw&raw=1	spawn ffmpeg ENOENT
https://www.dropbox.com/scl/fi/ufht0ayx3lccevfy0cyq0/124344301-9356629f9871087b8fe34d375545ef6d.mp4?rlkey=zl3d3ks1077oveq7xxaalyd9z&st=37h869jt&raw=1	spawn ffmpeg ENOENT
https://www.dropbox.com/scl/fi/gadr1qbtva71vfl3d7u5m/124344291-3478998a9347738b0fc2b1521c790358.mp4?rlkey=h3xbybp228yx82u1d52p1hom7&st=yi9zmj6l&raw=1	spawn ffmpeg ENOENT
https://www.dropbox.com/scl/fi/ac2ykq6t99dw02oh24yw3/124344281-2c4f1b6f2a10716ee2c20ec3d15bade7.mp4?rlkey=stfj18zpyuiejeqwcwwsaz0ey&st=mieaycqw&raw=1	spawn ffmpeg ENOENT
https://www.dropbox.com/scl/fi/75zmot32exd6r71jozlvb/124344131-bdb6976a814969d5579f1a0669f35d74.mp4?rlkey=ugwinnr4zrnb2runucq0czspz&st=64iphnfz&raw=1	spawn ffmpeg ENOENT
https://www.dropbox.com/scl/fi/hgun01p88tof0420jvhml/124344091-f69ccf968295da465779c274f7fb225e.mp4?rlkey=3tiejsu2qmhxmd5vqhby3ee6v&st=bxx5z0f9&raw=1	spawn ffmpeg ENOENT
https://www.dropbox.com/scl/fi/3o4qclwamv8m6xhyzw567/123943441-0cd38192c282a0f9bf14b645ee3047a9.mp4?rlkey=uenj4mst3bb3wmjt9fbz4twia&st=47si2i9r&raw=1	spawn ffmpeg ENOENT
https://www.dropbox.com/scl/fi/lo1q20faedzr60p62os9o/123943401-43f7b06656d524391ac04a1b1ee080fe.mp4?rlkey=hdzfznh5ij9oiuzr3wp6tq3cf&st=olksj5m1&raw=1	spawn ffmpeg ENOENT
https://www.dropbox.com/scl/fi/3mpfkruv9l940qxvt7yv3/123943391-bbb8616ba319b41ddad74682cda6b2f1.mp4?rlkey=euss305n75itm6rpapodq6078&st=7ffa2ouw&raw=1	spawn ffmpeg ENOENT
https://www.dropbox.com/scl/fi/9uzkj5ceo5p197apvz3c5/123943381-39c0b699767e9c867a2494b70a781274.mp4?rlkey=mn0mihnpsxv68dr655bdd8muz&st=7esy4chu&raw=1	spawn ffmpeg ENOENT
https://www.dropbox.com/scl/fi/n2i6pdswsnx50u4h9duiq/123943271-cd8056ed3e956f09e2c77d5d556fba6a.mp4?rlkey=qps940t4qcs907zteemtks1wk&st=4c978szp&raw=1	spawn ffmpeg ENOENT
https://www.dropbox.com/scl/fi/kaxnnycqn5mjj6gi4j1g4/123943221-438560c0b5415d07e77b0f50cc99be6a.mp4?rlkey=7hmr786hrosuvsvcfp96p2e1v&st=neqq9epc&raw=1	spawn ffmpeg ENOENT
https://www.dropbox.com/scl/fi/56un5t87gz4s5hj0q0k4a/123943211-99390e5867c05be921ba4de7929c777c.mp4?rlkey=yghm7mtxh09tw2atnbasbz8x9&st=z0q5gkz3&raw=1	spawn ffmpeg ENOENT
https://www.dropbox.com/scl/fi/u35326l77w8p1dinmvd7z/123943191-68cf1ba7442ac6dac0781ee51318bde1.mp4?rlkey=fht0ct4wyikljxi84dpm4kv7m&st=g6ed6g9c&raw=1	spawn ffmpeg ENOENT
https://www.dropbox.com/scl/fi/rexgd9m30xqg461t2fu6v/122711861-abfdd18b970a819303281fd703ee0b50.mp4?rlkey=bqsl11qp7w9tytgvbl121iumm&st=b7bsp0ro&raw=1	spawn ffmpeg ENOENT
https://www.dropbox.com/scl/fi/43gmcfkt2363a9nddpbx9/122711831-4bf25a2e173ddc8b6dc97b47a7ff7964.mp4?rlkey=fo4j0fwxkgdijwd9200fiptez&st=bc6sdfv8&raw=1	spawn ffmpeg ENOENT
https://www.dropbox.com/scl/fi/78vwff8zdz1c0t3klyrle/121840951-1905aab32923ec9555dcff3d03dd6c17.mp4?rlkey=s0qcfntpk48y9xqgiewxlcrbt&st=663487qs&raw=1	spawn ffmpeg ENOENT
https://www.dropbox.com/scl/fi/i3x1e7tjfntexvs2ikqqo/121564411-3819f0d8a815258ea491505285f8172c.mp4?rlkey=wnyiswt8327ziou3s5n823mq0&st=zv0ckh9t&raw=1	spawn ffmpeg ENOENT
https://www.dropbox.com/scl/fi/g2n0uwn4pm3c2fpu8ss0p/121564311-386515054ef623b2bdc50f2138bc13fb.mp4?rlkey=waplcshu570zrev3ybac2bujf&st=ltdcl0cf&raw=1	spawn ffmpeg ENOENT
https://www.dropbox.com/scl/fi/ncdcm3gsyc83osae0oz3l/119942051-dbfd338d0e79189b39146ec7eee70791.mp4?rlkey=zgy2eri7oznu9tx77gfrau07t&st=r5m5gexe&raw=1	spawn ffmpeg ENOENT
https://www.dropbox.com/scl/fi/2rqafg6ome676klsd9e4p/119941931-d95980817dc293e15ab55b69d004981e.mp4?rlkey=197jes0uzssn2uolram537dyg&st=mvbiqso2&raw=1	spawn ffmpeg ENOENT
https://www.dropbox.com/scl/fi/gv35f8rfsjnbrzc7j1vxy/119941911-4c657f9aa8ab079a15ed352c25e7b39f.mp4?rlkey=8jdp0qz8o1t1sdi05dlow90wp&st=qfmbrssq&raw=1	spawn ffmpeg ENOENT
https://www.dropbox.com/scl/fi/pklfzjc3oil8fk97wln9t/119303691-95ad497748c8f7c91420eda1ab510662.mp4?rlkey=ymrx2b4w3xhvbqebe95q2rqlh&st=y94ba3q3&raw=1	spawn ffmpeg ENOENT
https://www.dropbox.com/scl/fi/s400leayc2u8p1nqfc6kj/119302211-0e1e9814dd9abc1963617abdb1e6409f.mp4?rlkey=wdprcwe53u0pn2xt59r1k5co3&st=gh7s1hd2&raw=1	spawn ffmpeg ENOENT
https://www.dropbox.com/scl/fi/rn8ibvrj7ivxib4pcd2vk/119301861-bf7754aa2fcc53a6cbddf952c5d29fec.mp4?rlkey=uan7u6hlf0sl9bt1d50sjlhxe&st=wej5zr7z&raw=1	spawn ffmpeg ENOENT
https://www.dropbox.com/scl/fi/lh2i24xc7e6ne5nqqamgo/118629871-cc6dff7f15662f4995fb2b34af851033.mp4?rlkey=8psjwim8sc89icajthkx5ma8g&st=dvndnp7d&raw=1	spawn ffmpeg ENOENT
https://www.dropbox.com/scl/fi/32hfxostxgxwzdipw7u57/118537011-b71adf4c7d3197b9ee37708804d1cbab.mp4?rlkey=j0m6hnbdx0kzlpfi60fvyukwq&st=zeqc0pme&raw=1	spawn ffmpeg ENOENT
https://www.dropbox.com/scl/fi/zrg8me7ugngoi770vmlm7/118228511-c918fae25e2cbd8949b8104433562e8b.mp4?rlkey=ryjqt77kyiyd1u30ipnrb7e6e&st=sfii9zbm&raw=1	spawn ffmpeg ENOENT
https://www.dropbox.com/scl/fi/0uxzhbrok5zvoux8lmlwx/118228441-909408bdfc9d6abace3890c7aafa8a56.mp4?rlkey=0r2dg9o3o7oxidht4qc6iem4e&st=ijfqxr0d&raw=1	spawn ffmpeg ENOENT
https://www.dropbox.com/scl/fi/44l4u4xwmlglvwxg8421o/118228401-60b49a66e51bb381d2889e07d1eb2f7e.mp4?rlkey=eyllqy3b1tb9kypm55ys5fp6w&st=1595ludd&raw=1	spawn ffmpeg ENOENT
https://www.dropbox.com/scl/fi/wuhmv6bm93mn9nh2a732l/118228361-61be8fa298c49ebab7c8f161a0bee5fb.mp4?rlkey=6qdar8z5see2j62n1vcf08eop&st=dg8507xq&raw=1	spawn ffmpeg ENOENT
https://www.dropbox.com/scl/fi/kljzadl75cebhr8yvpwfe/118102371-41ddcbf6e7fee2cccc0e4f1f659e2200.mp4?rlkey=vej79gufh09v51ih7ccxruv2e&st=1jcrorbr&raw=1	spawn ffmpeg ENOENT
https://www.dropbox.com/scl/fi/5ldwh61h656hjdhl753hj/118102241-f1275ddf7976705344682d54388ff091.mp4?rlkey=myb0jbfkot0lcucop1ja2mu8c&st=e03hm9tg&raw=1	spawn ffmpeg ENOENT
https://www.dropbox.com/scl/fi/mhp5gpocrnz5vxu2g1d02/118102221-a67d6e7b337d5d8974da2bcb5c0a3bae.mp4?rlkey=lchf56zwsnep7s1pvpik1ge9z&st=1ticcg7f&raw=1	spawn ffmpeg ENOENT
https://www.dropbox.com/scl/fi/ace90767acc0h0n54kwsj/118102021-eb9777db2db6f24eee91ee6abd03c966.mp4?rlkey=ugxcs29ch1njh5rpr9mfl8hav&st=myp1s0wy&raw=1	spawn ffmpeg ENOENT
https://www.dropbox.com/scl/fi/8whlhkaq6rmfp3jncdito/118101981-144efa80303fe371554cb45fb6edf24c.mp4?rlkey=9vpyrjaev79nubx00pwcf3ukm&st=i4j9fui8&raw=1	spawn ffmpeg ENOENT
https://www.dropbox.com/scl/fi/bph9074ltam44erfdix0q/118101921-bf79e98a61737906c417e597574f724e.mp4?rlkey=0keessvjpmrus3dg0ud6plqj9&st=97s46iby&raw=1	spawn ffmpeg ENOENT
https://www.dropbox.com/scl/fi/9p44m7zl7j07p573asxit/118101821-83c495bb3240e7edbff0c0c1c205f211.mp4?rlkey=daymzoda2k5t8y7gig023f838&st=qd4ilenq&raw=1	spawn ffmpeg ENOENT
https://www.dropbox.com/scl/fi/icidob8icq77kpnxp20g4/118101471-8e951773f4f4ecab06a9031b0bef56bf.mp4?rlkey=2j2hrl76laknkue1paqons2lw&st=4z47s4q8&raw=1	spawn ffmpeg ENOENT
https://www.dropbox.com/scl/fi/i2wju2wr7m2msfdyil7am/117810481-c32e5f9d63aa9047b0e54ac3a3ab194c.mp4?rlkey=9k9vspx7y6umpua1prgmg4y9p&st=xy01atzd&raw=1	spawn ffmpeg ENOENT
https://www.dropbox.com/scl/fi/dkae1g9dt2en6xk76uowl/117810471-ef0766e2762909ba1449be017d141018.mp4?rlkey=7c9v2p03okwi8utfkx57t4cvb&st=c1mqme8m&raw=1	spawn ffmpeg ENOENT
https://www.dropbox.com/scl/fi/j4xvjr6cwniqxrrt8df7x/117810411-05fc89be4e82e58394ab5eca327ab12d.mp4?rlkey=i3luiiojnof4jud2yup8w1yye&st=73bz223l&raw=1	spawn ffmpeg ENOENT
https://www.dropbox.com/scl/fi/helqku0zfwyghbbncy7ou/117714571-0451a682f9905273080ad710420f6042.mp4?rlkey=3w5gnd2tiazwnvfm1scsiiy47&st=io1glgi3&raw=1	spawn ffmpeg ENOENT
https://www.dropbox.com/scl/fi/706ru7vxwr12otzwi65bl/117382941-4f737231fe8e2f5a78b83e0997e0058d.mp4?rlkey=z5pjuj221zw6vzg9ogba3km68&st=x91wm6qw&raw=1	spawn ffmpeg ENOENT
https://www.dropbox.com/scl/fi/gbp4smc82xnzp2suytv14/117382791-847e3110ddbb46c6bd0e24918714b4a8.mp4?rlkey=2kzuq6sgd939ky942geg6qssl&st=f9je6mg2&raw=1	spawn ffmpeg ENOENT
https://www.dropbox.com/scl/fi/0v37tybp7des91bqbswrk/117382701-e4bc1308e2acb5255f12e54b32f876b0.mp4?rlkey=721m5quiem0ll1ll5sqnh7ftv&st=mofzz7ve&raw=1	spawn ffmpeg ENOENT
https://www.dropbox.com/scl/fi/rjenlzt5d50ie7l17ht8k/117304201-2a00cf39734b5a617b0d15c649532678.mp4?rlkey=iuaim3dbkf6mggzr18i2tfpgn&st=udhi8j9p&raw=1	spawn ffmpeg ENOENT
https://www.dropbox.com/scl/fi/qwpa1j5jqsi1jtxx5um5j/117181191-1405d9d11377e87f1729818642461ada.mp4?rlkey=173g1oy8xjss5pzh95741ykhq&st=4wx37hk3&raw=1	spawn ffmpeg ENOENT
https://www.dropbox.com/scl/fi/g2oocxg3ncx2d9rerdiyq/117181181-6875bbefebe1cb885b1630e51b333651.mp4?rlkey=i0yvqkoowas0w630stqmutk8n&st=i9882ogq&raw=1	spawn ffmpeg ENOENT
https://www.dropbox.com/scl/fi/gpk1zknrrgkki59nhvwv1/117181141-86d26788fc97fe6ad21b3df30f8af25b.mp4?rlkey=25z4noi424qzt74qrt1k6wn4m&st=yik4h1v1&raw=1	spawn ffmpeg ENOENT
https://www.dropbox.com/scl/fi/xksv5zfarz5hf2zsdiao4/117181091-92c0d18e918739534cb2135eb54d46d8.mp4?rlkey=ni995acoarkffmj1yz81dsdgu&st=pea2l2jt&raw=1	spawn ffmpeg ENOENT
https://www.dropbox.com/scl/fi/axfq3z1n4jndj2q8t3x88/117181081-70afc74da20ca8e315806a2f4c50f8f6.mp4?rlkey=tigrohpquv5uncgl8pagiyijs&st=pn5clvdi&raw=1	spawn ffmpeg ENOENT
https://www.dropbox.com/scl/fi/8xlki7tzk85kxy23lkzmu/117180911-47791ab8fa98280dc51c26102def4fbb.mp4?rlkey=yazmux9ebuk2iwz59mm18cfgu&st=5fiq040b&raw=1	spawn ffmpeg ENOENT
https://www.dropbox.com/scl/fi/8yksvo5sbd3metefvxqzd/117180891-1c7decf3d0706414842bc62b34b3c70a.mp4?rlkey=hrgpyo6yhnq5tm6mvvf09g3h4&st=8auiyz5q&raw=1	spawn ffmpeg ENOENT
https://www.dropbox.com/scl/fi/n1f5gs42s7u81hib9p5wh/117177391-9786e2b072233fe151655ff02d616c12.mp4?rlkey=vnuxneo0epfv8szhhkw3oks40&st=fuupy484&raw=1	spawn ffmpeg ENOENT
https://www.dropbox.com/scl/fi/0sx8pxm5mk2raa9g9ppk0/117177351-94499ef315fd8e879e06bba5ec991032.mp4?rlkey=k8munx0966778ov3icajxy7ww&st=s5z0mpoi&raw=1	spawn ffmpeg ENOENT
https://www.dropbox.com/scl/fi/2aezis9ghz7wdz7uqp62q/117177341-2f65292ed080a1900d4be8e5d32409da.mp4?rlkey=klasuwxdf45fur2rg0cgwc2jl&st=1eoebzdb&raw=1	spawn ffmpeg ENOENT
https://www.dropbox.com/scl/fi/d10mkxthgd0c8uaugrjoy/117177311-b96178f86f866c35ef4a70a4e2cebbeb.mp4?rlkey=nmkxj0o3ln1vgr9wl0vjlbb12&st=1yst5pwm&raw=1	spawn ffmpeg ENOENT
https://www.dropbox.com/scl/fi/dh0aja7px4j5g4hkgg6s3/117177301-b5b2f0ae7e8a249916432c499fad8ed2.mp4?rlkey=swcnyrkm0blo615mv58qq4j4g&st=ni56chsy&raw=1	spawn ffmpeg ENOENT
https://www.dropbox.com/scl/fi/ofmgnhm0sval1j1oh9dw0/117177271-0431c87622b57a66f7c91f9f4fc2702f.mp4?rlkey=io9o6ld3devs4kv991hqr0rei&st=y7txh6mw&raw=1	spawn ffmpeg ENOENT
https://www.dropbox.com/scl/fi/4f6r46x0u3tc96k41pziq/117177261-d7569ca97bf477519f6f418970a818f2.mp4?rlkey=l8vhpuihec4eu6l95z3c528l0&st=qqus48n0&raw=1	spawn ffmpeg ENOENT
https://www.dropbox.com/scl/fi/gdxu6al2t67f9qlci7rfz/117177241-65043101bcd621d9b27f0b1e2dee321c.mp4?rlkey=v5zcs3isb5sw84lo208dujthz&st=3lmqqkze&raw=1	spawn ffmpeg ENOENT
https://www.dropbox.com/scl/fi/sqmbmse6gy7kej9gyhlvu/117177191-39a238ca9510f1a29f4e8441246d266b.mp4?rlkey=cz90lgo31eyy2kxd2ervcx3pk&st=znvk893c&raw=1	spawn ffmpeg ENOENT
https://www.dropbox.com/scl/fi/igfl170e90i7ox9006log/117174941-cc3a05a5d14c084e24e568831e536771.mp4?rlkey=zdr22nbs6fr0k0rh5ffvg9gc7&st=53yy6793&raw=1	spawn ffmpeg ENOENT
https://www.dropbox.com/scl/fi/8g5wphhd1e0uv85s2gmv8/117174921-09d12eedeed5458b29639982a580427a.mp4?rlkey=h1polew5nhellh8975qao118f&st=686ctavu&raw=1	spawn ffmpeg ENOENT
https://www.dropbox.com/scl/fi/rew5xuhfce87n0anl7mcq/117174801-5a01a0c10ee53f29aa0a877f7dfd4f94.mp4?rlkey=b0qb62pjq1ag1yysiw0za0v4z&st=3rg48834&raw=1	spawn ffmpeg ENOENT
https://www.dropbox.com/scl/fi/5diomb348bt4yrw9vzncb/117174761-cffa072f255ef8b825635e0aea41caae.mp4?rlkey=2l1ge2mka65g77vgmg292jucl&st=mpvq9s3t&raw=1	spawn ffmpeg ENOENT
https://www.dropbox.com/scl/fi/a3whusrithiof81ithcnt/117174701-0bd2316d612fa1b65785ea1680274990.mp4?rlkey=w58jwq5ig8ilkn2v2qnajeli3&st=ybdw4tgk&raw=1	spawn ffmpeg ENOENT
https://www.dropbox.com/scl/fi/wbrnq7m3s1emw42n9jdke/117174671-de82c7dc359748ce6c6da523be9992aa.mp4?rlkey=ohw1yf1szpi1clnvz7i113zw5&st=gr9f8hkd&raw=1	spawn ffmpeg ENOENT
https://www.dropbox.com/scl/fi/y487m157gvaux04miwejh/117174591-61b30e465a53b2fa2f7810956e249c24.mp4?rlkey=z3sx1h4r99zpiagq3j18azycx&st=h6h99cq6&raw=1	spawn ffmpeg ENOENT
https://www.dropbox.com/scl/fi/mwcttdz22ajzckl88gfiw/117173841-ad1e90cc33dffad0e8f745c38d19f63e.mp4?rlkey=u3v2b5yulcgohyptgt9at12cs&st=v566d6zm&raw=1	spawn ffmpeg ENOENT
https://www.dropbox.com/scl/fi/rbbuvd47o8jcxf6qu82uh/117173831-c3dd72062a726a8b02610479d11d9ac1.mp4?rlkey=ksviov6tnkjqntgdyb1sg7cnn&st=3eeqej2i&raw=1	spawn ffmpeg ENOENT
https://www.dropbox.com/scl/fi/us9jbl7ghmjaijf5t1xdf/117173811-c78a83a75c43c2c91d56bb30f76089f4.mp4?rlkey=pjur01bc0rt4llu7wa46v1kqk&st=xr6l3fs2&raw=1	spawn ffmpeg ENOENT
https://www.dropbox.com/scl/fi/5664grdvcfifq11dg9pw4/117173801-cab31eb957639db2bbcca18ce4f77dac.mp4?rlkey=kzn5is2eesr4sw2r13dfas02x&st=kql8uumn&raw=1	spawn ffmpeg ENOENT
https://www.dropbox.com/scl/fi/h39h7cyerpp0g7o6m8rg2/117173771-8446c64ba011a83d73f775e90d188b4d.mp4?rlkey=djbmatr6mpjii1r7i77zersig&st=lhpgz4ow&raw=1	spawn ffmpeg ENOENT
https://www.dropbox.com/scl/fi/oikwquyatwy2uxdc787yg/117173761-6937b471f4414440b873f661c651c062.mp4?rlkey=bggtajityilttyyx4bsoipj2i&st=72nilo6w&raw=1	spawn ffmpeg ENOENT
https://www.dropbox.com/scl/fi/cfdxgwd4vq1vxflcri4fs/117173741-925cf5f2d1389991e7d3c2f062ffeffe.mp4?rlkey=7bbmmtd2128nkbmwwhizwgzw4&st=fum86r1r&raw=1	spawn ffmpeg ENOENT
https://www.dropbox.com/scl/fi/p57qd3b3os5siybzjc7av/117173701-7850720185ab2bb40a398803a619f8ae.mp4?rlkey=2y7onwfwlg1v8zq1jy3j5g4d2&st=jyo77lo4&raw=1	spawn ffmpeg ENOENT
https://www.dropbox.com/scl/fi/5iik8l51kfdgsurndn4ys/117173691-31e4ae2637c49b706ecd5abd26b975ff.mp4?rlkey=sjuih4t1iykz14qffv57j8thp&st=qvicr8g4&raw=1	spawn ffmpeg ENOENT
https://www.dropbox.com/scl/fi/lbtbr9b95vuar7kq46h87/117173671-12d68204ba945eab42ac15b02075b8c9.mp4?rlkey=oca8u53hdi8tuvv7msvap5t76&st=fgscuwn3&raw=1	spawn ffmpeg ENOENT
https://www.dropbox.com/scl/fi/jdr9bjuain5xmwzociggy/117173191-371fd65dab20c25cc1001663f0109da5.mp4?rlkey=ygoz8pn8ma1jwtdo4ksthapdj&st=8drv64w7&raw=1	spawn ffmpeg ENOENT
https://www.dropbox.com/scl/fi/r04nxg24jdp7bmf78y387/117173141-8237b89d47f86211724305f3038d293d.mp4?rlkey=qaqyjm1ekgoookmd3d7g4rd5g&st=ano5alqj&raw=1	spawn ffmpeg ENOENT
https://www.dropbox.com/scl/fi/o99q4sng7zd5k5rp11f34/117173091-980520b25429cefe4dc384177cee98ec.mp4?rlkey=oquiizrdtgx88mk0003n5xqdi&st=18woh9ia&raw=1	spawn ffmpeg ENOENT
https://www.dropbox.com/scl/fi/aiv80kic42iu4dh3fmj4b/116908711-f2b6369ddd71225ac56ca938e6caac0d.mp4?rlkey=h4mi4tuh63vvuiwjddd5h9mgj&st=40qlns2d&raw=1	spawn ffmpeg ENOENT
https://www.dropbox.com/scl/fi/s9hyp2s8vqr09acfmpkrg/116743431-430c9096129c47f26e82c35079f0365e.mp4?rlkey=h8hs6pblw0z400ojwys0tjmhk&st=zi21f2ln&raw=1	spawn ffmpeg ENOENT
https://www.dropbox.com/scl/fi/5j78774qtfabwovtf67t6/116710511-1e8787cbaa75707e22a6f565db142489.mp4?rlkey=rg5g661la71r5qnyn1x0ukr60&st=rvjp49gv&raw=1	spawn ffmpeg ENOENT
https://www.dropbox.com/scl/fi/gz8vwq1b0wo66zhvfipui/116518911-eeb6f9e29173b7cfa31642e94b93b172.mp4?rlkey=mkpm7wvktt42k5b5j7fc892oa&st=7wp4sp9e&raw=1	spawn ffmpeg ENOENT
https://www.dropbox.com/scl/fi/s4c3edp8m0bye31t2fddt/116051221-663c00e6903c1d182ab420901012466a.mp4?rlkey=i3u155dyy7ktiu67hkb94z22b&st=ghfemfxs&raw=1	spawn ffmpeg ENOENT
https://www.dropbox.com/scl/fi/84i7vm7cioauw0mvhalys/116051191-705370bed25711d09374156accd1e16b.mp4?rlkey=3fzz2svo3n7pn7zcyfarrx82y&st=1phze8t3&raw=1	spawn ffmpeg ENOENT
https://www.dropbox.com/scl/fi/1gnkk7dt4wbgd5594iozo/116051181-fc0e6d844b52bece8defae7d109f7d2b.mp4?rlkey=aalguregolzdnoe3tc8shhsad&st=4kr39hc3&raw=1	spawn ffmpeg ENOENT
https://www.dropbox.com/scl/fi/0r0jmg0wvxxb2kpjgxwth/116051121-06044e9eb465eb2a79f4b99579f4cbcb.mp4?rlkey=eyivq8zcvmt6xb9d3rq1via21&st=b9jxgsfb&raw=1	spawn ffmpeg ENOENT
https://www.dropbox.com/scl/fi/lvk6t6tum2crw895ayvoh/116051021-036f077ce321b9e4408fe4b04d81c76e.mp4?rlkey=fiera8tupw1q489x3qa8zm44u&st=hk0ym113&raw=1	spawn ffmpeg ENOENT
https://www.dropbox.com/scl/fi/viueslu6vo9gq0eywla75/115959041-301d4e06ea3f3f71d91a44069a87608f.mp4?rlkey=k4j3jkmm27t0iw9ps3p0p1tsl&st=cv6bg1dz&raw=1	spawn ffmpeg ENOENT
https://www.dropbox.com/scl/fi/d0vuak4hhw9sh254h7qid/115959021-7478ea4c6e28f507a439475f1c1ddf95.mp4?rlkey=qu9wpv8pci5utjhg5cgbcsjdc&st=1geafh8j&raw=1	spawn ffmpeg ENOENT
https://www.dropbox.com/scl/fi/sij0oad5kjlgyriwjxrhq/115959011-f8e474f4e2e9a22ba13b267ce14aef8b.mp4?rlkey=xdx9fn0dkzknwcziq5t1z3zik&st=85mvpj4k&raw=1	spawn ffmpeg ENOENT
https://www.dropbox.com/scl/fi/uou029e9rv8r353efb4re/114998791-d6a9af40ee7dce4ca150b8bbb4793971.mp4?rlkey=kkktcrt5yat2zzuege77gaiv2&st=widjg2sk&raw=1	spawn ffmpeg ENOENT
https://www.dropbox.com/scl/fi/77kdok5enwjkjytd102zp/114680661-d398beae3da6adc2a374a2a3294e8aad.mp4?rlkey=7sjpkaw3h9a3zg75tufzrskac&st=xjik3ivi&raw=1	spawn ffmpeg ENOENT
https://www.dropbox.com/scl/fi/70ymmixy8di70zrlhvj86/113456241-9d294b6b142d358d809cfd947bdd8767.mp4?rlkey=hnxvm2pru75gdev7szb8vz987&st=zpee2usa&raw=1	spawn ffmpeg ENOENT
https://www.dropbox.com/scl/fi/5y53cks0k978ka9dyew6d/113456221-898e6c875dc3d9292d09d9777798e449.mp4?rlkey=drrd5dm2y6rzj9yxqqk2kg21r&st=q6qy06zu&raw=1	spawn ffmpeg ENOENT
https://www.dropbox.com/scl/fi/nztwhr0rd2e9f72bwy72d/80370181-3886c664c48c6295c6187f97b0f880c0.mp4?rlkey=2h6d3srwf5850eybcajqmakx7&st=9m4flbkk&raw=1	spawn ffmpeg ENOENT
https://www.dropbox.com/scl/fi/3al6z35h6bo0jt5dfye98/80370081-b4ee7351f6fc4f29988575f3d7d69a98.mp4?rlkey=h0863q5kji0bx4mbisgbr082w&st=4y07d7sh&raw=1	spawn ffmpeg ENOENT
https://www.dropbox.com/scl/fi/d9c655h15hpo236udc3sy/78842181-7b8d675f8b0a7efef5a188447c953fe5.mp4?rlkey=r9ozvsgtfp3722bdzgapxyqpv&st=19r7n6bj&raw=1	spawn ffmpeg ENOENT
https://www.dropbox.com/scl/fi/qawkehkfci86uf593a66l/78777901-c83d26ea4dca1888eb3b7451d8ee76c5.mp4?rlkey=lyeocdkt13cgu66oeqfi3zwbx&st=dgoz4ypu&raw=1	spawn ffmpeg ENOENT
https://www.dropbox.com/scl/fi/8gdhu8c9gu4pkwg1bwliv/78734411-72696ae85fe07be45c8279b9ba6f1351.mp4?rlkey=yatxxv3mq3nmlaa294dviv2rt&st=ufj31iwj&raw=1	spawn ffmpeg ENOENT
https://www.dropbox.com/scl/fi/utylji0piti54cw98j6hm/76395341-156bf01ecbd7996cebfa3257f6507351.mp4?rlkey=ji22m0glmmp7ulh89d5ajz4yo&st=zk6337wg&raw=1	spawn ffmpeg ENOENT
https://www.dropbox.com/scl/fi/8du2qdkyngb01s7faegx7/76395331-721226bd08f0a7aa1f916e7f2b76786d.mp4?rlkey=tj4gat4jhsn7gvxov8ow4vscc&st=74cvyk13&raw=1	spawn ffmpeg ENOENT
https://www.dropbox.com/scl/fi/lhbn77iq0jxkvwalw40yx/11549931_720P_1500K_860350d7729967dad54eb14e80eba784.mp4?rlkey=renbpdd69hd5gi6lo5oqg2gr7&st=jwzu8tpd&raw=1	spawn ffmpeg ENOENT
https://www.dropbox.com/scl/fi/vih9b2on4c5s67224fbz7/9225871_YouCut_201_de4ca6a3f8e69a1b9b6831b1f561d010.mp4?rlkey=rvutpor1hpdpaoz7pq1p7gs9n&st=u3o8f3vq&raw=1	spawn ffmpeg ENOENT
https://www.dropbox.com/scl/fi/e9kr7h26j7sqwv2mx4zul/9225871_YouCut_201_de4ca6a3f8e69a1b9b6831b1f561d010-2.mp4?rlkey=fm063f5ksdv7pzigp3znbed35&st=trj7lhtw&raw=1	spawn ffmpeg ENOENT
https://www.dropbox.com/scl/fi/126m904j21bnu1fxusbwb/9225871_YouCut_201_de4ca6a3f8e69a1b9b6831b1f561d010-1.mp4?rlkey=78d8ztvnow1eoeb8y892euz1c&st=pcql4ihk&raw=1	spawn ffmpeg ENOENT
https://www.dropbox.com/scl/fi/ml2it06sshhv0rjn20gpw/9139881_YouCut_201_d54f6a19abd8a30c0601c0597b1c3cab.mp4?rlkey=ka2u6pbvuxnthxdzzc6v5q66d&st=157sitrn&raw=1	spawn ffmpeg ENOENT
https://www.dropbox.com/scl/fi/wp52w1o1wwm6sflvpiqqb/8060011_107334mp4m_d60dea31c2288c812e155a35b1fd348a.mp4?rlkey=r6q42ezyjf56wua8tom7ka2n9&st=7gsr3sr4&raw=1	spawn ffmpeg ENOENT
https://www.dropbox.com/scl/fi/2ikf08enstyooi4wn150z/378203.mp4?rlkey=vh8pu137gejgku8ao6ykyktnf&st=2g461own&raw=1	spawn ffmpeg ENOENT
https://www.dropbox.com/scl/fi/ra4ka15p5i364rsoirfd9/720p.h264-5.mp4?rlkey=cxk5x9k92s4cj0w6zpfdfhueo&st=ie60gn32&raw=1	spawn ffmpeg ENOENT
https://www.dropbox.com/scl/fi/31sdp0gl48bts74xc47xm/720p.h264-4.mp4?rlkey=vqgl2gt69dnxwemsdp171gb0p&st=kinhv7tk&raw=1	spawn ffmpeg ENOENT
https://www.dropbox.com/scl/fi/zgxvk8pc7mw2n61lassbp/720p.h264-3.mp4?rlkey=zzi05w3a4yee8eha3rp21iqdk&st=rcy2j8ry&raw=1	spawn ffmpeg ENOENT
https://www.dropbox.com/scl/fi/q0io90t2rjqrhhvjekz5z/480p.h264.mp4?rlkey=5axu5poyu8lm6gjztkr9wp0dn&st=sbmykrsw&raw=1	spawn ffmpeg ENOENT
https://www.dropbox.com/scl/fi/7lit2iw76qz09lw6gur1g/480p.h264-7.mp4?rlkey=37idl8l3bp6e02fnntiolfmul&st=k5u6ox2l&raw=1	spawn ffmpeg ENOENT
https://www.dropbox.com/scl/fi/0hqp1hx9wdi5yypigu3h6/480p.h264-6.mp4?rlkey=e5jx2aapggnpx73akq0z1iqsa&st=l8srw5if&raw=1	spawn ffmpeg ENOENT
https://www.dropbox.com/scl/fi/6qobwg98cw641mi9aagzu/480p.h264-5.mp4?rlkey=vwj0p22kug3dzpyy2sazy88nw&st=u5xlix45&raw=1	spawn ffmpeg ENOENT
https://www.dropbox.com/scl/fi/hfw62wjruoky3aq9tkyn7/480p.h264-4.mp4?rlkey=2i6y2dlmy9n5yu4lqwak8s55k&st=3as55aa9&raw=1	spawn ffmpeg ENOENT
https://www.dropbox.com/scl/fi/jlb2mhz7gxifgi212v9f0/480p.h264-3.mp4?rlkey=ppb9nfw7bchv0yksu54oih49f&st=00ze995j&raw=1	spawn ffmpeg ENOENT
https://www.dropbox.com/scl/fi/gab27c4yb9w8j6aso6pty/480p.h264-2.mp4?rlkey=3pseurhv72unest0qsp1eeijy&st=e8qprtvy&raw=1	spawn ffmpeg ENOENT
https://www.dropbox.com/scl/fi/cmgnahgvbmotqsy0k7bau/240p.h264-4.mp4?rlkey=84v64hgncaxu75xcug2z6mto7&st=b02fonu9&raw=1	spawn ffmpeg ENOENT
https://www.dropbox.com/scl/fi/x2jymmrq3rsheetztblvm/240p.h264-3.mp4?rlkey=16en6py68xt213p5cu77d0yp1&st=e009ihfm&raw=1	spawn ffmpeg ENOENT
https://www.dropbox.com/scl/fi/gpe5fbyipg4o1qh47llph/240p.h264-2.mp4?rlkey=8yeaeq3snwd91a27p84rubhko&st=wfuebh0d&raw=1	spawn ffmpeg ENOENT
https://www.dropbox.com/scl/fi/7yhxaboz6qwpfcb74uqn4/240p.av1.mp4?rlkey=zdc3kbuy6ultwjtd74hfabvac&st=v931vi7z&raw=1	spawn ffmpeg ENOENT
https://www.dropbox.com/scl/fi/blcuhsf1gvh686vq6afu7/179c04PwRC5SQAXv.mp4?rlkey=9sg56c8aoz6r8qnzukc9v6ir7&st=wrbhnkpr&raw=1	spawn ffmpeg ENOENT
https://www.dropbox.com/scl/fi/uktqwyzw9k684ascwnm9f/156aofp-N2Xb7hQD.mp4?rlkey=8gih4unugz4qjsazb8tgob0nm&st=2imlknth&raw=1	spawn ffmpeg ENOENT
https://www.dropbox.com/scl/fi/9pcixw7ibipgbb5ghutvv/92L09oOuDDaDGeLr.mp4?rlkey=n834cmkz8d5hz0j4lpuqqbb25&st=ff5vcs1k&raw=1	spawn ffmpeg ENOENT
https://www.dropbox.com/scl/fi/ojjxkm5fj21ng71c0lc34/89fzBQMN0oqXA0ZP.mp4?rlkey=s1zewxsfdcmij61wa75ojjedo&st=l2j44d4s&raw=1	spawn ffmpeg ENOENT
https://www.dropbox.com/scl/fi/dhgqy75yghk2s6bu3zhi9/84yR30aA9TnftS8n.mp4?rlkey=ks4a4on3hj8ionchflw13ogi0&st=vjkkjs92&raw=1	spawn ffmpeg ENOENT
https://www.dropbox.com/scl/fi/qmbuj637i6n8ra5vptnae/082h9FyFMuzAGBqL.mp4?rlkey=nfw95wq03z09r4m9wffv0h2uz&st=a9vy5bg7&raw=1	spawn ffmpeg ENOENT
https://www.dropbox.com/scl/fi/emjgqmh9s7h6vtl2077mu/78HRQqQ-J4TCm1GO.mp4?rlkey=rz370737cn35s2rf7t3iv4ztj&st=n465dvcd&raw=1	spawn ffmpeg ENOENT
https://www.dropbox.com/scl/fi/ywbjqfctl9tsxk3usigxb/71K_mnSupIg925Wl.mp4?rlkey=an00910d7s79egkvmhvj3d8ts&st=w60nnxa2&raw=1	spawn ffmpeg ENOENT
https://www.dropbox.com/scl/fi/ikl42kqd7xe5o71sssea0/59RwWbQixuRpVfdD.mp4?rlkey=7c40dwdqo0hvnyhgmoke2gf2s&st=2shwkgml&raw=1	spawn ffmpeg ENOENT
https://www.dropbox.com/scl/fi/9p8mrk0ukjk0nkrz8smo7/48JzNC6g6YaiYDuz.mp4?rlkey=r8xrmewear6alvgjwv1e2vjkz&st=pxg7j1uz&raw=1	spawn ffmpeg ENOENT
https://www.dropbox.com/scl/fi/a9zsqapyfdpj44saknd6c/48DUKycFkon4s7IZ.mp4?rlkey=04blwhl566i9uvbxtxn4u8z3b&st=bbgc2ecg&raw=1	spawn ffmpeg ENOENT
https://www.dropbox.com/scl/fi/7o8slv7aoq1jstwerdcql/47IqtM25SI8ysjDM.mp4?rlkey=3p0427pvgcxir3nqhhikv6lw7&st=mysbluwh&raw=1	spawn ffmpeg ENOENT
https://www.dropbox.com/scl/fi/rma3k8ay0odo51lkije6h/46nrOOObe3QC2niR.mp4?rlkey=126toyv6gubqxv1hoztd73rie&st=4thmcliy&raw=1	spawn ffmpeg ENOENT
https://www.dropbox.com/scl/fi/s968qvls6ekk45eh0p4u2/42sn4mXYlunMbrXv.mp4?rlkey=mogjrlzrdu0var1snbtgigokd&st=tr0s5j3i&raw=1	spawn ffmpeg ENOENT
https://www.dropbox.com/scl/fi/37sqla9fm25pp24mchgew/40zunzDP6srDsP2f.mp4?rlkey=fzihdkeomznblf5ftmv910p8w&st=er3o03gu&raw=1	spawn ffmpeg ENOENT
https://www.dropbox.com/scl/fi/4gho5dumb5zb72p4iw3bc/39Ru0NA5h29goq4X.mp4?rlkey=iiji4h654ikpo3vkfiamw0npu&st=sub6kgtk&raw=1	spawn ffmpeg ENOENT
https://www.dropbox.com/scl/fi/uws2731mgy912ss3adcjn/35wceOHexXLGqF0N.mp4?rlkey=71yhjgrxqxja2dkbot9qbmsqh&st=c2u0di52&raw=1	spawn ffmpeg ENOENT
https://www.dropbox.com/scl/fi/0op64pj65c19ruy3pb6uq/21oeUoAdlmGCcGa_.mp4?rlkey=pxnrzq2i6g86q242kuarxxjtx&st=dsk5iacw&raw=1	spawn ffmpeg ENOENT
https://www.dropbox.com/scl/fi/r9dsppscjtn1wuj8yooqz/20Yf9ULL3zoQAEH1.mp4?rlkey=dsthju6iupq04c7cf05r95jv9&st=9awlppd7&raw=1	spawn ffmpeg ENOENT
https://www.dropbox.com/scl/fi/els76g38csnwxbpu3dca9/9YNtJDgSVYr9u9Lw.mp4?rlkey=lol29fakp8czcurv4dsjjv5fg&st=hb2znflt&raw=1	spawn ffmpeg ENOENT
https://www.dropbox.com/scl/fi/n6v66egw8e1d50w8lhzdd/9XQKsh4HeF1_T8t3.mp4?rlkey=r8pk0b15q1srb0d4ftobu8xt4&st=hrflf8gv&raw=1	spawn ffmpeg ENOENT
https://www.dropbox.com/scl/fi/tq6866fkkj7iynwnccm8q/09uYtVm2RF0Y4eDd.mp4?rlkey=qkdltrdoy8mfdfummu8cm2f4m&st=2p64u6ru&raw=1	spawn ffmpeg ENOENT
https://www.dropbox.com/scl/fi/8g68chmbdtcaypt19wn3p/9UazqavUq1ZmUKBd.mp4?rlkey=7azi48py727f9yfylzvcd4val&st=a8t3jrrr&raw=1	spawn ffmpeg ENOENT
https://www.dropbox.com/scl/fi/voa64qu93xx6qvhhhglx4/9TzNGefmW_HzKC8y.mp4?rlkey=fzh8w2bygmwc2yl7c6b65tuth&st=k8v4bm2u&raw=1	spawn ffmpeg ENOENT
https://www.dropbox.com/scl/fi/oziqt5b3w2a4haxv306f7/9Pky_4VJgG7XHukS.mp4?rlkey=22tavlmvhaq6216ov8yaqbabg&st=0v0lmpyt&raw=1	spawn ffmpeg ENOENT
https://www.dropbox.com/scl/fi/1gib7um2uqvfel06ofrae/9HSm_y4fJFS4wRpS.mp4?rlkey=9rxk2cyf394jd2936jj1xuqnb&st=bnyp54zm&raw=1	spawn ffmpeg ENOENT
https://www.dropbox.com/scl/fi/143iy0r6bd170jxwsrxg0/8XBktmKZfrgZ8EJ7.mp4?rlkey=z2la4yhwn4a9lk9zldnv7t73f&st=sg1zblcx&raw=1	spawn ffmpeg ENOENT
https://www.dropbox.com/scl/fi/y77lf6qnix5y6k3y5e2wo/8We737UB2sfcYwZO.mp4?rlkey=dwrbi4pluzw1qgxeay4u5l6i1&st=xq2xwt43&raw=1	spawn ffmpeg ENOENT
https://www.dropbox.com/scl/fi/qaguj6wx8ll9cvupj94vw/8VkHgV5L0QkLkVYT.mp4?rlkey=y785hn7zffkriade9h7jtvkf2&st=6p0u0z3m&raw=1	spawn ffmpeg ENOENT
https://www.dropbox.com/scl/fi/k6k536lmnqtmq2qjzgzz9/8uPjGaZy7MRDn6Ag-2.mp4?rlkey=hqbimxaskevvtklpsl74n9s0t&st=86u46vog&raw=1	spawn ffmpeg ENOENT
https://www.dropbox.com/scl/fi/4akt0wirm5v0vppay497c/8P6-EBnGPgDMKYoc.mp4?rlkey=6piymkalujcde7wgaz65o5mpe&st=jq9lg0td&raw=1	spawn ffmpeg ENOENT
https://www.dropbox.com/scl/fi/05qejqzjsa3qcc8hpok54/8MAPY5HUSt5sU0DE.mp4?rlkey=vlfym0ikcgrb5r7kpyqpb0qok&st=7tn493a2&raw=1	spawn ffmpeg ENOENT
https://www.dropbox.com/scl/fi/lc60dupdgsfkffs64rz78/8IFJtbhpJOiOVwiY.mp4?rlkey=v2o11oxttpxa9qlq84pmr5if3&st=4wfg5dp7&raw=1	spawn ffmpeg ENOENT
https://www.dropbox.com/scl/fi/iloj8boqws38wve7qonah/8D-1beQBjVPVdrza.mp4?rlkey=rpnddd6l99yv2zpb7tphwu3z9&st=bgb302hc&raw=1	spawn ffmpeg ENOENT
https://www.dropbox.com/scl/fi/1azltzlfg8t7m94x01mz0/8clmKf18BCXL32o2.mp4?rlkey=28hkoamfz8va2qrt1qvh3zsfq&st=u2pwjvmv&raw=1	spawn ffmpeg ENOENT
https://www.dropbox.com/scl/fi/5vq1vi2u60kvgto79592q/8A7VPafx2CTDa1kB-2.mp4?rlkey=e9do3uul513vwxqodoforuyjw&st=x5ypboqw&raw=1	spawn ffmpeg ENOENT
https://www.dropbox.com/scl/fi/6jyj283rfa99ioakicj2p/7Zo-Mgg36lQSP111.mp4?rlkey=2ril7rctzzbu1qkovxtv74kbe&st=vjcwq5l0&raw=1	spawn ffmpeg ENOENT
https://www.dropbox.com/scl/fi/j33m7wdb82uj2pmde5c7i/7zlFjdMlhd8lEzIc.mp4?rlkey=d7kgvv2odszzkar7vi0hmky6b&st=3tjqfz0c&raw=1	spawn ffmpeg ENOENT
https://www.dropbox.com/scl/fi/nj4q5j0nwwv0ajz2yepef/7z9CoUuRcQTdP-F1.mp4?rlkey=rd0ywrzj48f2hlounayscqcwz&st=vl52pvvz&raw=1	spawn ffmpeg ENOENT
https://www.dropbox.com/scl/fi/ap2zf6ctrhkem9vuzipb8/7xUAbqMyink9q1d9.mp4?rlkey=g62d95gie96errfy40h4qgla0&st=lp4vwe6q&raw=1	spawn ffmpeg ENOENT
https://www.dropbox.com/scl/fi/4z995rbikh3r05yiincek/7wTzd0DH6zgZFXpC.mp4?rlkey=qw1yzimpm4uy8qqxlqou3w0tb&st=0kjlalbv&raw=1	spawn ffmpeg ENOENT
https://www.dropbox.com/scl/fi/eml6za87y617hfi1t34je/7VUcFCWBzOrlPo7k.mp4?rlkey=c3ibj62950wmxci39svw6kh6z&st=2v0ouxii&raw=1	spawn ffmpeg ENOENT
https://www.dropbox.com/scl/fi/6aevut87mclflgkeh10cf/7VMuzdbY_67FbQDZ.mp4?rlkey=0250z1dsn8r5cw0kg4w77yu0x&st=940dlib5&raw=1	spawn ffmpeg ENOENT
https://www.dropbox.com/scl/fi/n29zcksc58ijhev3bi2ak/7u3fgiwTdvDsXu8f.mp4?rlkey=yf069z9c6z1vi6fz4x5ub5vjn&st=jsk6qlr8&raw=1	spawn ffmpeg ENOENT
https://www.dropbox.com/scl/fi/qwwh7l52xfbn6f85tcha1/7td5HoIrbju5teJZ.mp4?rlkey=bzqlbnv8prhr6mrvbhpsw97f8&st=hxfibiii&raw=1	spawn ffmpeg ENOENT
https://www.dropbox.com/scl/fi/mm9cwap5i5nud7us1z7kd/7swVHcvw0ukqMIyc.mp4?rlkey=4pt81j57w1atgmqfikkar9d1q&st=cl1eqzac&raw=1	spawn ffmpeg ENOENT
https://www.dropbox.com/scl/fi/5mlyweoeuobacom65441g/7HPYplJVXFYlGYFM.mp4?rlkey=obh6bapggonejs4it0lnyjhtn&st=u2gvw0u4&raw=1	spawn ffmpeg ENOENT
https://www.dropbox.com/scl/fi/0xjxa9yavai15oefz014l/7hCE_5vCVslYGybR.mp4?rlkey=gu7vjk69zaq0rflodwebkf0ir&st=phppujsh&raw=1	spawn ffmpeg ENOENT
https://www.dropbox.com/scl/fi/6yc64q9tj17fcyt2y2l2f/7fTbz57tRKD2ShmP.mp4?rlkey=jtt1vw7xeejdzcfmkwkepoy44&st=4b0xhajs&raw=1	spawn ffmpeg ENOENT
https://www.dropbox.com/scl/fi/h0ufnl06ag6hv63b4t99e/7DBGmEvpQAFSvFER.mp4?rlkey=dwdckzj0xo8zgnfkyz1kyhuod&st=ona7dhe3&raw=1	spawn ffmpeg ENOENT
https://www.dropbox.com/scl/fi/epqq0wtop3k5libdb6nns/7D3uaMyqVD_rY56E.mp4?rlkey=swjzktacznzvzpvrqtyetnigv&st=4w41u9pv&raw=1	spawn ffmpeg ENOENT
https://www.dropbox.com/scl/fi/3maipmb2jtzfaa3h8fvqv/7BFhhj-3zA4x67h9.mp4?rlkey=n4uy5kty047h2catac0w06cyk&st=u5lnjpit&raw=1	spawn ffmpeg ENOENT
https://www.dropbox.com/scl/fi/wt9s3yv8oi8avm60z1gx0/6wVdzNNc3qg0BNnl.mp4?rlkey=yuvfxgmr0ypz5e249iuypi00r&st=jtujzo4j&raw=1	spawn ffmpeg ENOENT
https://www.dropbox.com/scl/fi/us7njheo5so42wgbdgps0/6RmwoBagfG69fr8M.mp4?rlkey=ul18wugnc70x15ezu4ptf6jty&st=7f8u0l5t&raw=1	spawn ffmpeg ENOENT
https://www.dropbox.com/scl/fi/7z4wdt2f2vs2u3hwlewgl/6MgJOk6rOmuFSl_I.mp4?rlkey=gizhedcvvphg1f3virxude2h1&st=6or98tur&raw=1	spawn ffmpeg ENOENT
https://www.dropbox.com/scl/fi/el7god0orc0rjcix5pffs/6ITgvfq8tbClCCZ2.mp4?rlkey=e9eyaxnc1xbne6x78owhkkfzl&st=k3zbis7x&raw=1	spawn ffmpeg ENOENT
https://www.dropbox.com/scl/fi/c7a4tz9wt3ox1dtc5zf3f/6CM5Incr2fOLdIdI.mp4?rlkey=7i9frdtgzzthwpiky82y3crt8&st=r4fncuqi&raw=1	spawn ffmpeg ENOENT
https://www.dropbox.com/scl/fi/9mqdm2gq5xyyrnizc8cbb/6CjcKUKPVUAt9GAR.mp4?rlkey=gcgz4pxqqppi78r57lsu7k5ib&st=6b8q5ghg&raw=1	spawn ffmpeg ENOENT
https://www.dropbox.com/scl/fi/lb27d89s6gvw93b9ke29l/6bkuBmRfuvwIMNbG.mp4?rlkey=p0apogassmph5nknertgrd5ae&st=uoeul7xa&raw=1	spawn ffmpeg ENOENT
https://www.dropbox.com/scl/fi/zrj1phbdil2rd6o0x38s1/5SXxu37MSiqbj9j3.mp4?rlkey=y40h87eydqm211e985d1hhdva&st=88o8yjf6&raw=1	spawn ffmpeg ENOENT
https://www.dropbox.com/scl/fi/v5i8cuxhz8owa25uxb3lq/5Rih7LMoMlXHV55G.mp4?rlkey=onk6e98h3jsjgjo0r79c3q1di&st=ut6u2azs&raw=1	spawn ffmpeg ENOENT
https://www.dropbox.com/scl/fi/w7lgxcobaa6gqsh1eacfn/5PPVX7fA5j2McMNI.mp4?rlkey=io3h64nsqkfcjooy7pkk1y959&st=ts3pihhq&raw=1	spawn ffmpeg ENOENT
https://www.dropbox.com/scl/fi/wvtuxjxzc7wr5lsr27nz9/5nVkcrLBGria9iYG.mp4?rlkey=g5onnt6kys5tn7jx8wy8bwy7n&st=0hxr5f6a&raw=1	spawn ffmpeg ENOENT
https://www.dropbox.com/scl/fi/rzv13oavz5cc7g7mimejc/5ndBuiJZg9QHO9SW.mp4?rlkey=llypqdcrqa1jd9rtigyj83yjh&st=z3ba93aw&raw=1	spawn ffmpeg ENOENT
https://www.dropbox.com/scl/fi/grxxrkan194e2gjde9b7v/5jztGPoPa8shlHNM.mp4?rlkey=nl4vvtx0ksttjpmx4oavfq843&st=073wp3ue&raw=1	spawn ffmpeg ENOENT
https://www.dropbox.com/scl/fi/m7bbb24gyf2uthaoateq5/5Fj1UCRZqzJ_O2wC.mp4?rlkey=0mz70y7x93pox5cpgzy56z7zz&st=fh3diw2b&raw=1	spawn ffmpeg ENOENT
https://www.dropbox.com/scl/fi/atdm2m1x5oyy8r9vi0n3q/05BpwSktlBo1GbQU.mp4?rlkey=fbtb0o0qi7gz9e2bwa4zga5th&st=geddp9f8&raw=1	spawn ffmpeg ENOENT
https://www.dropbox.com/scl/fi/6n2fcdsvtm0pofpu2x8x4/4TGsDYRdhksW78fK.mp4?rlkey=2ey03239g6om4bl26hp6ocdj8&st=s1pyaz74&raw=1	spawn ffmpeg ENOENT
https://www.dropbox.com/scl/fi/ve1rrrjeomttr4wsn1jgw/4SW7RdtctU3fEp0U.mp4?rlkey=gxnkkn7km2307y7z9ult40qxp&st=dgc67ec0&raw=1	spawn ffmpeg ENOENT
https://www.dropbox.com/scl/fi/poh13cgrp9p1qxxbgr8sr/4RYZrfsjJscnoIzD.mp4?rlkey=1gu928lefp6rw58cf695mahgc&st=uvpubmn3&raw=1	spawn ffmpeg ENOENT
https://www.dropbox.com/scl/fi/x456tg3ojr6vbuajb0qqb/4QENj_icIju3d0F.mp4?rlkey=qlr9pd4fipu3k33d0wstonixb&st=3bu8uc7e&raw=1	spawn ffmpeg ENOENT
https://www.dropbox.com/scl/fi/35m5m41y095iyher0ywdw/4Mr-jnQIgaEOiJGu.mp4?rlkey=q5wim1tcxokyuhda89rst9p7i&st=r9r2i0et&raw=1	spawn ffmpeg ENOENT
https://www.dropbox.com/scl/fi/t8avxjaszo60u1m1ew8hc/4ioPfavkiGNQ1nIZ.mp4?rlkey=8hx5e65i3s1wdf11mrx6cgwm3&st=ca6v0p8n&raw=1	spawn ffmpeg ENOENT
https://www.dropbox.com/scl/fi/i2k14lqnhkgvt1zsmx2rs/4I6BSmExtTErvAnP.mp4?rlkey=9h9hlqg11sx96x38q4cr6sbjz&st=w1hw5ac9&raw=1	spawn ffmpeg ENOENT
https://www.dropbox.com/scl/fi/8m8eabbr38fskkhlejgql/4FgTkFTqYm1O5BZS.mp4?rlkey=3a09vbhko400t7ql3nwya1xza&st=s4ekyh4i&raw=1	spawn ffmpeg ENOENT
https://www.dropbox.com/scl/fi/g1izzaf3oy2ecaxwg0yiq/4A2XT_T105j02hb4.mp4?rlkey=pow3kft1l6effhyu7118v4xrl&st=10zhrnpt&raw=1	spawn ffmpeg ENOENT
https://www.dropbox.com/scl/fi/voatqy5vzvtrfsuh38h14/3QbrHD2g4zUltvrI.mp4?rlkey=wy3ei6ga0xn8kug1um3vlv9b9&st=s7tehxev&raw=1	spawn ffmpeg ENOENT
https://www.dropbox.com/scl/fi/r80aysemth2fh7s6iwi4l/3Otkix_SyIoMvpQ8.mp4?rlkey=e019gf6lpz1lvmvyuzonwkjop&st=htkg66ly&raw=1	spawn ffmpeg ENOENT
https://www.dropbox.com/scl/fi/0g0ko0hg5704oivlcpn5d/3onRRxBXYoC1N8lu.mp4?rlkey=7oj0vkx0j7or2i1qodcov6w4d&st=3d9il7zq&raw=1	spawn ffmpeg ENOENT
https://www.dropbox.com/scl/fi/x73q1rj893l6gaiwkwfsk/3LACpEOV5a9D9G6T.mp4?rlkey=83k1f9e84tv567gtzj358wju4&st=pxeqcubo&raw=1	spawn ffmpeg ENOENT
https://www.dropbox.com/scl/fi/bnry8l08q7yhdq2u5l9o6/3kPZIbRBuJhMvFXt.mp4?rlkey=e9spw58ny0nq9cisnv29vnegc&st=vcwaxsfw&raw=1	spawn ffmpeg ENOENT
https://www.dropbox.com/scl/fi/qhxx0ju21n7dxptx6x4h5/3gcwOuWwUAPafwan.mp4?rlkey=za0tp5fzakgd8qypf1f090fqt&st=k8gv403w&raw=1	spawn ffmpeg ENOENT
https://www.dropbox.com/scl/fi/eg1xfilb96n8t8c32oqhw/3G9R1N6vumFN0MyG.mp4?rlkey=i7acj49ynrv0nvwsf8v6y0jbj&st=0f5bpfhj&raw=1	spawn ffmpeg ENOENT
https://www.dropbox.com/scl/fi/jvzmfd0k4mr6oxzlt19v0/3cFZOugf04u6Qodf.mp4?rlkey=ncl1ylc2rp10qypgb2q30cqby&st=i9edt6s8&raw=1	spawn ffmpeg ENOENT
https://www.dropbox.com/scl/fi/9y54oa9o9ozx91umcgj83/3b-quvOORvQeim43.mp4?rlkey=qsziavoxslelbwv4qr3xd494c&st=95vtl73x&raw=1	spawn ffmpeg ENOENT
https://www.dropbox.com/scl/fi/g041r4trjzis7ch1wzdgk/2XKOnQv5jpA8K3vL.mp4?rlkey=sexsfsalbc211wj8395m6i3c4&st=jiwwynte&raw=1	spawn ffmpeg ENOENT
https://www.dropbox.com/scl/fi/4788kcxhwbgcwhu9yj45j/2wKJ_bFr1lDXcf7P-2.mp4?rlkey=r4deli92w9icnssnu8r9ess1r&st=n20w0puw&raw=1	spawn ffmpeg ENOENT
https://www.dropbox.com/scl/fi/asugm14e4tt7omgbrlinq/2W8GFpFwypwz3kyN.mp4?rlkey=hxeh8j9f198fvqb6ekmr2nmwk&st=r0tceyjv&raw=1	spawn ffmpeg ENOENT
https://www.dropbox.com/scl/fi/9zes47opaaounvtha5d9b/02VTiAZFchyhijmn.mp4?rlkey=6zxvehwpxlc07imoryhw4a20f&st=2ywc7cbg&raw=1	spawn ffmpeg ENOENT
https://www.dropbox.com/scl/fi/f50st4y6483srgn8dwzc0/2S4DTUzBG496C2mT.mp4?rlkey=u98y4c3zed15j7ckubaq6qocb&st=uqwelftb&raw=1	spawn ffmpeg ENOENT
https://www.dropbox.com/scl/fi/1wcswj54x2nusgksukekf/2ni7O_cfo_ECh8kP.mp4?rlkey=khjtb85985192ajyokafcdv68&st=ftsda4z8&raw=1	spawn ffmpeg ENOENT
https://www.dropbox.com/scl/fi/5at034jbnhnzphamqgizy/2mtQ6iOJBbNEsyI4.mp4?rlkey=9r7obqpzekp2whvmql0i0dkle&st=g0l2ia74&raw=1	spawn ffmpeg ENOENT
https://www.dropbox.com/scl/fi/q3kvwigu8we46z6m9vm40/2GzP7FNPn8w1O4W7.mp4?rlkey=eoxcqgy4ia41yugkryjgs7w8h&st=zenrnm4l&raw=1	spawn ffmpeg ENOENT
https://www.dropbox.com/scl/fi/em39pf09b1jkdp11o1f6g/2GWG6MGLTimE6aLp.mp4?rlkey=ux8i3ame3b3x5v7ijmlzmn3sb&st=asyebwip&raw=1	spawn ffmpeg ENOENT
https://www.dropbox.com/scl/fi/tmkp3o44bq1r9g79rpif4/2C-uZ-cYftW1Swgq.mp4?rlkey=9pivynu82r7r01g40pokhl6m3&st=l8c9dlfb&raw=1	spawn ffmpeg ENOENT
https://www.dropbox.com/scl/fi/ftldhfedf6mlq0bo33e6l/2BEOS1NKMttvMZl5.mp4?rlkey=kx674mp402n35sps5cwqnrw9s&st=xlxjp91c&raw=1	spawn ffmpeg ENOENT
https://www.dropbox.com/scl/fi/yglitjo9xmosdmjxgga35/2-hjL7kR0Yf_UFgB.mp4?rlkey=vyyg9acubaagy890ok1f6ym0w&st=fif6j502&raw=1	spawn ffmpeg ENOENT
https://www.dropbox.com/scl/fi/ife2kqhcjjj75rc7lgz1a/2-DbknOEAd-3P0vT.mp4?rlkey=l2c0ne8d2qrordktdw87a50j7&st=qg5jcxkz&raw=1	spawn ffmpeg ENOENT
https://www.dropbox.com/scl/fi/fc9ooii4jp77nl7vfd8i5/1ODQxCajwVrVDhEl.mp4?rlkey=n3hdc5siy299dhxizthq9idb8&st=636r290r&raw=1	spawn ffmpeg ENOENT
https://www.dropbox.com/scl/fi/w1y6vzxs44tnb9xy29443/1m5gmiT64o5Nmgnd.mp4?rlkey=0bsjdrjztz2n8xchy4nxb8v6z&st=7u0qqbvu&raw=1	spawn ffmpeg ENOENT
https://www.dropbox.com/scl/fi/o48vy23d9jwhjkd69b9ot/1lSwiqzOMJltqkv4.mp4?rlkey=zblr1hs6hxiuvh4msdkvagrz2&st=gpmj4zkh&raw=1	spawn ffmpeg ENOENT
https://www.dropbox.com/scl/fi/f4ocxdly8o9vbhpfxy6s7/1ir95YHHd_Wd4GbG.mp4?rlkey=7nh4vi24f9jeqozpgp928so63&st=7l7qnrsf&raw=1	spawn ffmpeg ENOENT
https://www.dropbox.com/scl/fi/db8h4hb62vvaccnf1n7y9/0wJ8R-bdCZTmXZkO.mp4?rlkey=0efy5l85d41qlmsckd5x0gaxi&st=eyx2pebi&raw=1	spawn ffmpeg ENOENT
https://www.dropbox.com/scl/fi/p0tpobci28ylnsmip0w3f/0w1X1r0O2R1JZOW3.mp4?rlkey=izd6g34mmmo7enkddf9eb8dse&st=60h8kp9p&raw=1	spawn ffmpeg ENOENT
https://www.dropbox.com/scl/fi/fudc6oubey598pz60znu1/0QSOJRIz844hu8AB.mp4?rlkey=cx10jigxdvqt4rhoolnoq6hc7&st=7oawvac6&raw=1	spawn ffmpeg ENOENT
https://www.dropbox.com/scl/fi/6o7j3kawz94rmc6o2amru/0QrTUBPQPXH1ZRkX.mp4?rlkey=rrwmhk18xzn06uwoudo4st2nb&st=9x4n8c7p&raw=1	spawn ffmpeg ENOENT
https://www.dropbox.com/scl/fi/30vqeud6awtqk9fo6lz76/0OuEnuCRLNO4X0T0.mp4?rlkey=ag2dvf46dk3kunqz8n4awvjds&st=80x9190a&raw=1	spawn ffmpeg ENOENT
https://www.dropbox.com/scl/fi/mfndwolxslxrg3v1my878/0nk9b-638RQeUCQc.mp4?rlkey=nhj0ofxrnmc9v56r5zckkbbtk&st=vmggc8qf&raw=1	spawn ffmpeg ENOENT
https://www.dropbox.com/scl/fi/fcv6fttfucrn8pecaqjvs/0mKYNXU7xv5nrDy_.mp4?rlkey=u6jkhyzglnigioahsi5jas8ii&st=f2r88mwk&raw=1	spawn ffmpeg ENOENT
https://www.dropbox.com/scl/fi/mzzdwuoe7lh5a10yjpy4u/0lvmnnYkBEqbNrEw.mp4?rlkey=qyc68nl0zisf1bq3qrrt6rlil&st=hl0uo11b&raw=1	spawn ffmpeg ENOENT
https://www.dropbox.com/scl/fi/uoa2mfv3o5lk3qfqfpb5m/0himk77nrdnl4kixbax63_source-copy.mp4?rlkey=dyprsbsdmb9jpwnvl0ca1tuzd&st=ts2nhnnf&raw=1	spawn ffmpeg ENOENT
https://www.dropbox.com/scl/fi/ccri93t263lffqwty4c66/0dLZJo3hLAAbqIwV.mp4?rlkey=bgp3d4uv70c3htqtvbmg2ljis&st=xba5px1n&raw=1	spawn ffmpeg ENOENT
https://www.dropbox.com/scl/fi/myhukmq3t7b4h0kypfeo5/0-U9UDA7kcDeQiFJ.mp4?rlkey=bnau2qajppbp38erwo436q8dx&st=wu6stnwr&raw=1	spawn ffmpeg ENOENT
https://www.dropbox.com/scl/fi/bzocpwd6t92o4ywzmc7nr/1-New-Message.mp4?rlkey=b01b4ve80hw15o363sfbkr1a9&st=as4qir5v&raw=1	spawn ffmpeg ENOENT
https://www.dropbox.com/scl/fi/evihzg7uvl14vhxf2goyt/1-New-Message-12.mp4?rlkey=6mdzs62001cfia3d1galpyqx5&st=irg1gzcz&raw=1	spawn ffmpeg ENOENT
https://www.dropbox.com/scl/fi/yup70zw821onr6r4m65p8/1-New-Message-11.mp4?rlkey=cgysl6xb2s3hlk2csgvbqyhld&st=otgudu2e&raw=1	spawn ffmpeg ENOENT
https://www.dropbox.com/scl/fi/gsyzyudbe3q9u0j5m6xfe/1-New-Message-8.mp4?rlkey=q1njhmpbjgcnkbb0wcrkyj715&st=8pqplfwd&raw=1	spawn ffmpeg ENOENT
https://www.dropbox.com/scl/fi/417ahlauadw0rsxx4j1l2/1-New-Message-6.mp4?rlkey=lo4fteipg77pk502yroav5m7a&st=3vdlfodu&raw=1	spawn ffmpeg ENOENT
https://www.dropbox.com/scl/fi/bi0wv7bd3nw2dob7x24ga/y6zTGhw0DMU-PfZ.mp4?rlkey=t1g64n23xua2qubnt8bpz0bik&st=jt1hv20z&raw=1	spawn ffmpeg ENOENT
https://www.dropbox.com/scl/fi/3ro2q2xcyxx1eyll3mo3o/t9rzYIM9M6RNdP0.mp4?rlkey=8hyxhdplvizozhd42v8l5pyga&st=2snoz518&raw=1	spawn ffmpeg ENOENT
https://www.dropbox.com/scl/fi/6rxlhawrhd1vyapic0ihq/S-QWJFvqes3wyFH.mp4?rlkey=4svvq5cxnjhmgb6tgwxugsqk3&st=7hvp4rns&raw=1	spawn ffmpeg ENOENT
https://www.dropbox.com/scl/fi/12d43xkoyeel0d6tzusxj/OOuwklogUkpeO9Y.mp4?rlkey=llczp5bpsxjznr6yws04o53hz&st=yx9kd1bw&raw=1	spawn ffmpeg ENOENT
https://www.dropbox.com/scl/fi/pgyr40d33e7tibbkre97n/OHxW0lBAA9x_mSP.mp4?rlkey=y9rqht0igxjcld5g475vunk3g&st=wl5kjkxw&raw=1	spawn ffmpeg ENOENT
https://www.dropbox.com/scl/fi/a22nfzhnypl59kon8uh25/nzzJNDQAKCm3Rc.mp4?rlkey=1u8noaxicp0uebgwocgpayate&st=6gxh1xrk&raw=1	spawn ffmpeg ENOENT
https://www.dropbox.com/scl/fi/j8si0t1azsuhcv39f1zfn/IGoHNuScj6Y7ykA.mp4?rlkey=om4vll3cdh9biq5v5sqj0pndr&st=e91rtt6m&raw=1	spawn ffmpeg ENOENT
https://www.dropbox.com/scl/fi/kbcgob2pkuhq5o7mo3ekg/iboFAm-kPNnOFSQ.mp4?rlkey=yfpnd65drs7t4xsj82z6735jo&st=15urzend&raw=1	spawn ffmpeg ENOENT
https://www.dropbox.com/scl/fi/0xwibdms62gah1m1kklpo/fqNlRYuKmy05Gj4.mp4?rlkey=f70cxxng3ccqh2aezha6v7g4f&st=njn6yooe&raw=1	spawn ffmpeg ENOENT
https://www.dropbox.com/scl/fi/yhml8ysv7p4eeawzqb8i7/F-5hFi07gKYEY8b.mp4?rlkey=0qwt5l1p8ctw0kpgm1qu4swp1&st=9lcvup3n&raw=1	spawn ffmpeg ENOENT
https://www.dropbox.com/scl/fi/hp47zmekre4dt3pxvctyl/_YVWNJb09YvqEt1C.mp4?rlkey=44svh60msybyzetle7p1k0v0g&st=n43n36tr&raw=1	spawn ffmpeg ENOENT
https://www.dropbox.com/scl/fi/lr92x4psrhp6nmadb02hu/_sPjgcQCfFRJbfSF.mp4?rlkey=6intuj099m98lryg58lw7w18y&st=hp3kwr1e&raw=1	spawn ffmpeg ENOENT
https://www.dropbox.com/scl/fi/wi6tao31sh76t3pfwqbeh/_sNu49OzuLI7BXIb.mp4?rlkey=bwy4inz4k0z90c7i4lsu72g2z&st=v7rza6iz&raw=1	spawn ffmpeg ENOENT
https://www.dropbox.com/scl/fi/mxvimsyxzyiu7cgq368xb/_SCrw6oy4965FxgH.mp4?rlkey=x3xba8q2g8iwe67mazyc4raqj&st=8fzdo62w&raw=1	spawn ffmpeg ENOENT
https://www.dropbox.com/scl/fi/1w7ba7qhvr7r5ytqx907r/_QNNdRV2TYKZVH_D.mp4?rlkey=eeg58brw2863hua367iql31qg&st=2s76z6id&raw=1	spawn ffmpeg ENOENT
https://www.dropbox.com/scl/fi/g1euvck6tu311ahbmq62x/_O1xvrsloi4alvZa.mp4?rlkey=owvl26f8d5wm1irjzqh0nx5qq&st=8ngw3srd&raw=1	spawn ffmpeg ENOENT
https://www.dropbox.com/scl/fi/rlv0ua64qh6g1bkg8ismb/_Mr_BigStuff_-QygXhHnFHOBFxeTZ.mp4?rlkey=aye0wksdb8i6e83ojihspivuf&st=zbyg8cyy&raw=1	spawn ffmpeg ENOENT
https://www.dropbox.com/scl/fi/ybb3e8z9s9e83pvzphyl9/_JuS7-paORzpYi4E.mp4?rlkey=iubznq9l3uv1rr30yh1l0y8xm&st=sdenzqdw&raw=1	spawn ffmpeg ENOENT
https://www.dropbox.com/scl/fi/d60eeiclv1iob2hvx8ntg/_0vPFdCFmEpjhj3t.mp4?rlkey=fkyxvnaxy1v9lbgp4fardsa1z&st=mbcejhjv&raw=1	spawn ffmpeg ENOENT
https://www.dropbox.com/scl/fi/d60eeiclv1iob2hvx8ntg/_0vPFdCFmEpjhj3t.mp4?rlkey=fkyxvnaxy1v9lbgp4fardsa1z&st=9yzs2x84&raw=1	spawn ffmpeg ENOENT
https://www.dropbox.com/scl/fi/zt0y4dinssh5nev5f6ogs/__cC26a2owEsinEY.mp4?rlkey=vif4hpjr5vuch0eevn2o24hn4&st=sepo4dpi&raw=1	spawn ffmpeg ENOENT
https://video.twimg.com/amplify_video/2030604934668816384/vid/avc1/2160x3840/nzyFkJiGHTia33_S.mp4?tag=21	spawn ffmpeg ENOENT
https://n2.coomer.st/data/64/af/64af04e9a46b0e814a53011c70315a2ff137676553b411865a23a4e350863adc.mp4?f=PLkX2yS2kA5J02yqaFQvVmWvaWLZjoux.mp4	spawn ffmpeg ENOENT
https://n4.coomer.st/data/88/25/882505426c1245eb2320bd7ada2eee76cee2a58431fd695324667523357c5e97.mp4?f=0hmchw8x3hwvddpn5f1n6_source.mp4	spawn ffmpeg ENOENT
https://n4.coomer.st/data/f0/c5/f0c54bbad58e7a514850f84ed7242d36101cf8a06f2fe4748f1a1cf22c5e1571.mp4?f=0hmm08wpwzqh17rsd8w0g_source.mp4	spawn ffmpeg ENOENT
https://n1.coomer.st/data/7c/b6/7cb6ece522105061c1d27b45041f8ae9ed99d22b1d2a2849b747bc0f95067107.mp4?f=0hh1ludygk4unpxdrtw37_source.mp4	spawn ffmpeg ENOENT
https://n1.coomer.st/data/7c/b6/7cb6ece522105061c1d27b45041f8ae9ed99d22b1d2a2849b747bc0f95067107.mp4?f=0hh1ludygk4unpxdrtw37_source.mp4	spawn ffmpeg ENOENT
https://n3.coomer.st/data/26/10/261047d87211b92fb3300f62bfcfb63df93207963766cf9634ba8f725bb20f47.mp4?f=0hgp30x59inb8yviwe73h_source.mp4	spawn ffmpeg ENOENT
https://n4.coomer.st/data/d6/28/d628f07c98101d5fec06626ebb5987ea8d4c7e26772f4c2fdfe4700f3943dadc.mp4?f=0hfnz55f290c94iwahhq0_source.mp4	spawn ffmpeg ENOENT
https://n4.coomer.st/data/d6/28/d628f07c98101d5fec06626ebb5987ea8d4c7e26772f4c2fdfe4700f3943dadc.mp4?f=0hfnz55f290c94iwahhq0_source.mp4	spawn ffmpeg ENOENT
https://n4.coomer.st/data/d6/28/d628f07c98101d5fec06626ebb5987ea8d4c7e26772f4c2fdfe4700f3943dadc.mp4?f=0hfnz55f290c94iwahhq0_source.mp4	spawn ffmpeg ENOENT
https://n1.coomer.st/data/22/f6/22f6f4956ba9ae3a9f50d4f4c80098403e89fbf7459751408e568285f424acb2.mp4?f=0hdc3zc5kki10cptve4q6_source.mp4	spawn ffmpeg ENOENT
https://n1.coomer.st/data/4f/34/4f34e902080399d62e405defd911fdff2a90b34a086afa59117d5808e809970c.mp4?f=0he0v294okgl18cgnr3hp_source.mp4	spawn ffmpeg ENOENT
https://video.twimg.com/amplify_video/2034721382328942592/pl/_BWu9rBpcCvGXPHk.m3u8?variant_version=3&tag=21	spawn ffmpeg ENOENT
https://video.twimg.com/amplify_video/2013666574561947649/pl/PBEWCNY9Yg2o6Wr3.m3u8?variant_version=3&tag=21	spawn ffmpeg ENOENT
https://video.twimg.com/amplify_video/2034393744879800320/pl/VpJ_Y3G7FshGgzRv.m3u8?variant_version=3&tag=21	spawn ffmpeg ENOENT
https://video.twimg.com/amplify_video/2032536680104660992/pl/ash4AbrL4KFwLX3y.m3u8?variant_version=3&tag=21	spawn ffmpeg ENOENT
https://video.twimg.com/amplify_video/2003500784344870912/pl/BXhEcuqvkWKAE0Yp.m3u8?variant_version=3&tag=21	spawn ffmpeg ENOENT
https://video.twimg.com/ext_tw_video/2032301069515030528/pu/pl/cjBL5l2YmDoU5uH4.m3u8?variant_version=3&tag=12	spawn ffmpeg ENOENT
https://video.twimg.com/ext_tw_video/1763227736808513536/pu/pl/9XQ8RVyMsCmaLR-s.m3u8?variant_version=3&tag=12	spawn ffmpeg ENOENT
https://video.twimg.com/ext_tw_video/2031533511769804800/pu/pl/INJuft3hkrfYmNsW.m3u8?variant_version=3&tag=12	spawn ffmpeg ENOENT
https://video.twimg.com/amplify_video/2031549181781852162/pl/ed88_A6Hhlgn45wC.m3u8?variant_version=3&tag=21	spawn ffmpeg ENOENT
https://video.twimg.com/amplify_video/2006889457710940160/pl/ObWMNmWXb-YOMFOy.m3u8?variant_version=3&tag=21	spawn ffmpeg ENOENT
https://video.twimg.com/amplify_video/1679714916540862467/pl/8YJ4WV6sl1dDSsDn.m3u8?variant_version=3&tag=14&v=a93	spawn ffmpeg ENOENT
https://video.twimg.com/amplify_video/1995892090476359680/pl/E_q16ARpjOZ8othF.m3u8?variant_version=3&tag=21	spawn ffmpeg ENOENT
https://video.twimg.com/amplify_video/1921177346331074560/pl/Ke101D-dp0WC3rKy.m3u8?variant_version=3&tag=21	spawn ffmpeg ENOENT
https://video.twimg.com/amplify_video/1897384745408868352/pl/EaJZY4xsUFwFVgYd.m3u8?variant_version=3&tag=16	spawn ffmpeg ENOENT
https://video.twimg.com/amplify_video/2031467104948649984/pl/CL8gEKPoEu-MssUg.m3u8?variant_version=3&tag=21	spawn ffmpeg ENOENT
https://video.twimg.com/amplify_video/2031481667387355137/pl/Wzt-wjjLsktiEDNp.m3u8?variant_version=3&tag=21	spawn ffmpeg ENOENT
https://video.twimg.com/amplify_video/2030788285346291712/pl/LD9mk9LmMiAoPUfl.m3u8?variant_version=3&tag=21	spawn ffmpeg ENOENT
https://video.twimg.com/amplify_video/2030230045193560064/pl/jkPV1xvdpthtUTJG.m3u8?variant_version=3&tag=21	spawn ffmpeg ENOENT
https://video.twimg.com/amplify_video/1634130279056162816/pl/3onx7_gIBVpEmfoJ.m3u8?variant_version=3&tag=16	spawn ffmpeg ENOENT
https://video.twimg.com/amplify_video/2030367328454512641/pl/X07ieRYHqhl9qirt.m3u8?variant_version=3&tag=21	spawn ffmpeg ENOENT
https://video.twimg.com/amplify_video/2030693123962343424/pl/oikYy__NXqwKh3lF.m3u8?variant_version=3&tag=21	spawn ffmpeg ENOENT
https://video.twimg.com/amplify_video/2029767967089831936/pl/-IQn490YWoWgqXwe.m3u8?variant_version=3&tag=21	spawn ffmpeg ENOENT
https://video.twimg.com/amplify_video/2030008962913873920/pl/GH7nOuNE79CzxBlk.m3u8?variant_version=3&tag=21	spawn ffmpeg ENOENT
https://video.twimg.com/amplify_video/2005212962047287296/pl/5OWN89keFLPU1pc4.m3u8?variant_version=3&tag=21	spawn ffmpeg ENOENT
https://video.twimg.com/ext_tw_video/1807148615330054144/pu/pl/qoptoJY_wmqDfopz.m3u8?variant_version=3&tag=12	spawn ffmpeg ENOENT
https://video.twimg.com/amplify_video/2006518489931247616/pl/GwXUbJUkHG8L7USa.m3u8?variant_version=3&tag=21	spawn ffmpeg ENOENT
https://video.twimg.com/amplify_video/2028924742204571648/pl/Qynv-TXnYDH-pgow.m3u8?variant_version=3&tag=21	spawn ffmpeg ENOENT
https://video.twimg.com/amplify_video/1916242986058309633/pl/rBnuZjEdchmvPf6S.m3u8?variant_version=3&tag=14	spawn ffmpeg ENOENT
https://video.twimg.com/amplify_video/2020723362058887168/pl/zpV3Ibe34KSHkD_H.m3u8?variant_version=3&tag=21	spawn ffmpeg ENOENT
https://video.twimg.com/amplify_video/2022674938424127488/pl/UEwJ4OWftSdYZ-Bp.m3u8?variant_version=3&tag=21	spawn ffmpeg ENOENT
https://video.twimg.com/amplify_video/2022627137015156738/pl/wy5Fimm7tJrdsWIO.m3u8?variant_version=3&tag=21&v=c5e	spawn ffmpeg ENOENT
https://video.twimg.com/amplify_video/2034690264607203330/pl/LVTCHBNeHmXYOJ5I.m3u8?variant_version=3&tag=21	spawn ffmpeg ENOENT
https://video.twimg.com/amplify_video/2039365380309950464/pl/Cxd_tTzn4i8NMu57.m3u8?variant_version=3&tag=21	spawn ffmpeg ENOENT
https://video.twimg.com/amplify_video/2029466976176009216/pl/K_kk54q6n8_SV65l.m3u8?variant_version=3&tag=21	spawn ffmpeg ENOENT
https://video.twimg.com/amplify_video/2037850034071621632/pl/D_NhzVQieziK8TgH.m3u8?variant_version=3&tag=21	spawn ffmpeg ENOENT
https://video.twimg.com/amplify_video/2037916351465967616/pl/Qf_TD0NPk9E0_AwG.m3u8?variant_version=3&tag=21	spawn ffmpeg ENOENT
https://video.twimg.com/amplify_video/2037381017959346177/pl/lr1e_JuONwxI-GvY.m3u8?variant_version=3&tag=21	spawn ffmpeg ENOENT
https://video.twimg.com/ext_tw_video/1648671884639346690/pu/pl/IwS4UoX80JCm7E0N.m3u8?variant_version=3&tag=12	spawn ffmpeg ENOENT
https://video.twimg.com/ext_tw_video/1422240576532107266/pu/pl/RNYzs3_xXoKZy76P.m3u8?variant_version=3&tag=12	spawn ffmpeg ENOENT
https://video.twimg.com/amplify_video/2036148195320012801/pl/3h-KdTjrFmqCDipc.m3u8?variant_version=3&tag=21	spawn ffmpeg ENOENT
https://video.twimg.com/amplify_video/2036087828342538241/pl/FsKvyM8yNEpyK1Ey.m3u8?variant_version=3&tag=21	spawn ffmpeg ENOENT
https://video.twimg.com/amplify_video/2035809160168902657/pl/Vxqgfw4cQQsQsGKE.m3u8?variant_version=3&tag=21	spawn ffmpeg ENOENT
https://video.twimg.com/amplify_video/2035764863675572224/pl/y87QBfIGJKXxR4_w.m3u8?variant_version=3&tag=21	spawn ffmpeg ENOENT
https://video.twimg.com/amplify_video/2035498861809250304/pl/RvgcZ7A2RP2IGVZx.m3u8?variant_version=3&tag=21	spawn ffmpeg ENOENT
https://video.twimg.com/amplify_video/2034986997232578560/pl/W6jl6S_Qt3c0IzFK.m3u8?variant_version=3&tag=21	spawn ffmpeg ENOENT
https://video.twimg.com/amplify_video/2037014414172319744/pl/5O3fvILGiHHpRmts.m3u8?variant_version=3&tag=21	spawn ffmpeg ENOENT
https://video.twimg.com/amplify_video/2038960390348939264/pl/Whvoc90b87q8VPMi.m3u8?variant_version=3&tag=21	spawn ffmpeg ENOENT
https://video.twimg.com/amplify_video/1689309420709367808/pl/lBRkhq97u_9whHsr.m3u8?variant_version=3&tag=14	spawn ffmpeg ENOENT
https://video.twimg.com/amplify_video/2043680978162565122/pl/7N81D1JhxnxGF1ol.m3u8?tag=21&variant_version=3	spawn ffmpeg ENOENT
https://video.twimg.com/amplify_video/2045219998382092288/pl/YbKkf9isaNZBXSxc.m3u8?tag=21&variant_version=3	spawn ffmpeg ENOENT
https://video.twimg.com/amplify_video/2044873356726484992/pl/a12wUTddJWykwEkY.m3u8?tag=21&variant_version=3	spawn ffmpeg ENOENT
https://video.twimg.com/amplify_video/2006466203028697090/pl/QwaOVwQNlym2fCh5.m3u8?tag=21&variant_version=3	spawn ffmpeg ENOENT
https://video.twimg.com/amplify_video/2044972416200536064/pl/Z3F1Od15CdHRKWE-.m3u8?tag=21&variant_version=3	spawn ffmpeg ENOENT
https://video.twimg.com/amplify_video/2044503564911796224/pl/TDkcj173Tcqwtkk6.m3u8?tag=21&variant_version=3	spawn ffmpeg ENOENT
https://video.twimg.com/amplify_video/1894525638913990656/pl/SYq4_R7SxTvGo3TN.m3u8?tag=14&variant_version=3	spawn ffmpeg ENOENT
https://video.twimg.com/amplify_video/2024529527200755712/pl/6zrDyD477Q9UOHEf.m3u8?tag=21&variant_version=3	spawn ffmpeg ENOENT
https://video.twimg.com/amplify_video/1747274315614375936/pl/jxpdgnkAZFnLRj1E.m3u8?tag=14&variant_version=3	spawn ffmpeg ENOENT
https://video.twimg.com/amplify_video/1912382625462763520/pl/CD7Jq2sXza0sR8FR.m3u8?tag=14&variant_version=3	spawn ffmpeg ENOENT
https://video.twimg.com/amplify_video/2042726944442105856/pl/JMSbCKttsORw3sHJ.m3u8?tag=21&variant_version=3	spawn ffmpeg ENOENT
https://video.twimg.com/amplify_video/2040922356974288896/pl/hsjaTwQsmUh_SzmL.m3u8?tag=21&variant_version=3	spawn ffmpeg ENOENT
https://video.twimg.com/amplify_video/1997751837144010752/pl/y1iOXIZ3ZmwtnN4a.m3u8?tag=21&variant_version=3	spawn ffmpeg ENOENT
https://video.twimg.com/amplify_video/2039536483279794176/pl/eUcN-yGCbxuU1kg9.m3u8?tag=21&variant_version=3	spawn ffmpeg ENOENT
https://video.twimg.com/amplify_video/1806657219276001280/pl/yjp2r4q07BWzkQFE.m3u8?tag=16&variant_version=3	spawn ffmpeg ENOENT
https://video.twimg.com/amplify_video/2015122457926193152/pl/LzNNc3ORWTjJGEKH.m3u8?tag=21&variant_version=3	spawn ffmpeg ENOENT
https://video.twimg.com/amplify_video/1966181959937437696/pl/NEG40xQMB1G23Tz8.m3u8?tag=21&variant_version=1	spawn ffmpeg ENOENT
https://video.twimg.com/amplify_video/1791322138999234561/pl/8qkZdJytbi78Jfzv.m3u8?tag=14&variant_version=1	spawn ffmpeg ENOENT
https://video.twimg.com/amplify_video/1992440768707821568/pl/XeLmh9WyyPn2LTmD.m3u8?tag=21&variant_version=1	spawn ffmpeg ENOENT
https://video.twimg.com/amplify_video/2045678486166077440/pl/Lj4OWAbL2keTnaiM.m3u8?tag=21&variant_version=1	spawn ffmpeg ENOENT
https://video.twimg.com/amplify_video/2046975563932553216/pl/BjtmNrfPef2-lyT1.m3u8?tag=21&variant_version=1	spawn ffmpeg ENOENT
https://video.twimg.com/amplify_video/2046673834812620800/pl/1T5bUmnxJCL1_aRs.m3u8?tag=21&variant_version=1	spawn ffmpeg ENOENT
https://video.twimg.com/amplify_video/1717591304157425664/pl/mqAU9-ARzmVfLGIt.m3u8?tag=14&variant_version=1	spawn ffmpeg ENOENT
https://video.twimg.com/amplify_video/2046482312901361664/pl/7dEfrYZKQ76iuZnU.m3u8?tag=21&variant_version=1	spawn ffmpeg ENOENT
https://video.twimg.com/amplify_video/2046617773007306752/pl/r2mhFOjpH53Dfq7U.m3u8?tag=21&variant_version=1	spawn ffmpeg ENOENT
https://video.twimg.com/ext_tw_video/1983493655332618240/pu/pl/vgLZtroz7Y84aKib.m3u8?tag=12&variant_version=1	spawn ffmpeg ENOENT
https://video.twimg.com/ext_tw_video/2009330612201512960/pu/pl/_rGklrjueP8ByZZv.m3u8?tag=12&variant_version=1	spawn ffmpeg ENOENT
https://video.twimg.com/amplify_video/2048032026759188480/pl/2kv4f7HsGm01Rl2Y.m3u8?tag=14&variant_version=1	spawn ffmpeg ENOENT
https://video.twimg.com/ext_tw_video/2035114352617934851/pu/pl/eNWUhWwdpzjM9iqr.m3u8?tag=12&variant_version=1	spawn ffmpeg ENOENT
https://video.twimg.com/amplify_video/2047943320350121984/pl/7NX6HxoMFBn-VGuy.m3u8?tag=14&variant_version=1	spawn ffmpeg ENOENT
https://video.twimg.com/amplify_video/2015485365105119232/pl/vEV747aUH1bMIypt.m3u8?tag=21&variant_version=1	spawn ffmpeg ENOENT
https://video.twimg.com/ext_tw_video/1605379821004943361/pu/pl/zcDktRcNk7upNZI8.m3u8?tag=12&variant_version=1	spawn ffmpeg ENOENT
https://video.twimg.com/amplify_video/2020896771833221120/pl/vf8ZUSUruw4N5Es7.m3u8?tag=21&variant_version=1	spawn ffmpeg ENOENT
https://video.twimg.com/ext_tw_video/1719460155819958272/pu/pl/fbSc98Pv2MEkZ-9z.m3u8?tag=12&variant_version=1	spawn ffmpeg ENOENT
https://video.twimg.com/amplify_video/2046214897328177152/pl/UZyxJ3o-WxVUqyj6.m3u8?tag=21&variant_version=1	spawn ffmpeg ENOENT
https://video.twimg.com/amplify_video/1994284244584288258/pl/KDfGXBWRn2oWALVz.m3u8?tag=21&variant_version=1	spawn ffmpeg ENOENT
https://video.twimg.com/amplify_video/2047815252432338944/pl/8tz2Qf-Sn9flm2Pj.m3u8?tag=21&variant_version=1	spawn ffmpeg ENOENT
https://video.twimg.com/amplify_video/2048224979641044992/pl/JvKTyv2KZEUYn7XM.m3u8?tag=14&variant_version=1	spawn ffmpeg ENOENT
https://video.twimg.com/amplify_video/2048438219247890432/pl/bFSmyQ4-yFoMYrnb.m3u8?tag=21&variant_version=1	spawn ffmpeg ENOENT
https://video.twimg.com/amplify_video/2020245621190320128/pl/U29XIEw3jeNuCgjf.m3u8?tag=21&variant_version=1	spawn ffmpeg ENOENT
https://video.twimg.com/amplify_video/1941515134201102340/pl/-3YDcW5LIuluSk0I.m3u8?tag=21&variant_version=1	spawn ffmpeg ENOENT
https://video.twimg.com/amplify_video/2049117933989941248/pl/18OrASIaVRRaClc1.m3u8?tag=21&variant_version=1	spawn ffmpeg ENOENT
https://video.twimg.com/amplify_video/2049883646283198464/pl/XPG40nYVx1y4CrsA.m3u8?tag=27&variant_version=1	spawn ffmpeg ENOENT
https://video.twimg.com/amplify_video/1909257964386488320/pl/e9cG6mgqAtRsrGgV.m3u8?tag=16&v=cfc&variant_version=1	spawn ffmpeg ENOENT
https://video.twimg.com/amplify_video/2051022377106989056/pl/0nfR83GGXN1Z5a_H.m3u8?tag=27&variant_version=1	spawn ffmpeg ENOENT
https://video.twimg.com/amplify_video/2050884469276733440/pl/tQrO-E42PuF_gb0W.m3u8?tag=27&variant_version=1	spawn ffmpeg ENOENT
https://video.twimg.com/amplify_video/2050268262248710144/pl/1YdvlxAa0rFDGvK-.m3u8?tag=27&variant_version=1	spawn ffmpeg ENOENT
https://video.twimg.com/amplify_video/2050268507749699584/pl/lIFDgbm8ykITjwbC.m3u8?tag=27&variant_version=1	spawn ffmpeg ENOENT
https://video.twimg.com/amplify_video/2050708872088936448/pl/sqRZeYmLGYQkIHRI.m3u8?tag=27&variant_version=1	spawn ffmpeg ENOENT
https://video.twimg.com/amplify_video/2050222233449345024/pl/3jBho4q2q_TTBXyh.m3u8?tag=27&variant_version=1	spawn ffmpeg ENOENT
https://video.twimg.com/amplify_video/2054441608519548928/pl/W3ZJOlp3WCVZmcr0.m3u8?tag=27&variant_version=1	spawn ffmpeg ENOENT
https://video.twimg.com/ext_tw_video/2072391898342252544/pu/pl/AEJUfx03Sur76StN.m3u8?tag=26&variant_version=1	spawn ffmpeg ENOENT
https://video.twimg.com/amplify_video/2072367258567839744/pl/PxnjChSgQlAoQ35q.m3u8?tag=28&variant_version=1	spawn ffmpeg ENOENT
https://video.twimg.com/amplify_video/2072367258559553536/pl/exOItVr61nFKm33u.m3u8?tag=28&variant_version=1	spawn ffmpeg ENOENT
https://video.twimg.com/amplify_video/2072367258572029953/pl/lzHSF2HhBaS46GgJ.m3u8?tag=28&variant_version=1	spawn ffmpeg ENOENT
https://video.twimg.com/amplify_video/2072392248499802113/pl/tTqICTt08CxVocBF.m3u8?tag=28&variant_version=1	spawn ffmpeg ENOENT
https://video.twimg.com/amplify_video/2072513852827226112/pl/XvF3tf01EFTdLgYS.m3u8?tag=28&variant_version=1	spawn ffmpeg ENOENT
https://video.twimg.com/ext_tw_video/2072428444785270784/pu/pl/1Eer19vfigdoNKyu.m3u8?tag=12&variant_version=1	spawn ffmpeg ENOENT
https://video.twimg.com/amplify_video/2030408999137595392/pl/a7v9u7pG-FXYqkqc.m3u8?tag=21&variant_version=1	spawn ffmpeg ENOENT
https://video.twimg.com/amplify_video/2031443835826364416/pl/x6O5R19w-at1tP-b.m3u8?tag=21&variant_version=1	spawn ffmpeg ENOENT
https://video.twimg.com/amplify_video/2044582248012283905/pl/dqz9HJLVKDR2gEC4.m3u8?tag=21&variant_version=1	spawn ffmpeg ENOENT
https://video.twimg.com/amplify_video/2056578043376705536/pl/uP056xCdavRmTSYN.m3u8?tag=27&variant_version=1	spawn ffmpeg ENOENT
https://video.twimg.com/amplify_video/2056711443538460673/pl/Wkau9mNk3AzcPzyQ.m3u8?tag=27&variant_version=1	spawn ffmpeg ENOENT
https://video.twimg.com/amplify_video/2047113922587541504/pl/OEslj_L1BCytMsAz.m3u8?tag=21&variant_version=1	spawn ffmpeg ENOENT
https://video.twimg.com/amplify_video/2054631886203551744/pl/YDpKwv-wgEH4BOZP.m3u8?tag=27&variant_version=1	spawn ffmpeg ENOENT
https://video.twimg.com/amplify_video/1980810780070002689/pl/wfGXyye7NWubgwMw.m3u8?tag=21&variant_version=1	spawn ffmpeg ENOENT
https://video.twimg.com/amplify_video/2055659847018790912/pl/Q3XYZzx_3SEQPttK.m3u8?tag=27&variant_version=1	spawn ffmpeg ENOENT
https://video.twimg.com/amplify_video/2056904715783540737/pl/HuIS8rlM9ZYK6xe6.m3u8?tag=27&variant_version=1	spawn ffmpeg ENOENT
https://video.twimg.com/ext_tw_video/1940195884941111297/pu/pl/ejGNvSOuCXI_iP-Q.m3u8?tag=12&variant_version=1	spawn ffmpeg ENOENT
https://video.twimg.com/amplify_video/2057055337983758336/pl/31ElmF97xA0X2YHL.m3u8?tag=27&variant_version=1	spawn ffmpeg ENOENT
https://video.twimg.com/amplify_video/2058013862557868032/pl/Q89YDEYTI2oAuUIl.m3u8?tag=27&variant_version=1	spawn ffmpeg ENOENT
https://video.twimg.com/amplify_video/2062554217760595968/pl/pqG0c1vRHqAh1gs7.m3u8?tag=27&variant_version=1	spawn ffmpeg ENOENT
https://video.twimg.com/amplify_video/2062997885361278976/pl/K-e5Z1QoWrxhlASd.m3u8?tag=27&variant_version=1	spawn ffmpeg ENOENT
https://video.twimg.com/ext_tw_video/1841913092063551488/pu/pl/KniHbGl81DgIU6HY.m3u8?tag=12&variant_version=1	spawn ffmpeg ENOENT
https://video.twimg.com/ext_tw_video/1841065044957597701/pu/pl/ZmIaicGm-U3GO6df.m3u8?tag=12&variant_version=1	spawn ffmpeg ENOENT
https://video.twimg.com/amplify_video/2000018522525552641/pl/y7YSIGiSwjCZ196s.m3u8?tag=21&variant_version=1	spawn ffmpeg ENOENT
https://video.twimg.com/amplify_video/2052929094795292673/pl/VpEQJUKsDPKw_vWZ.m3u8?tag=27&variant_version=1	spawn ffmpeg ENOENT
https://video.twimg.com/amplify_video/2040157376066801664/pl/3p5TO68G4cYvQ8DC.m3u8?tag=21&variant_version=1	spawn ffmpeg ENOENT
https://video.twimg.com/amplify_video/2064772082832130048/pl/_6O3ElA7Z7m7Opkt.m3u8?tag=27&variant_version=1	spawn ffmpeg ENOENT
https://video.twimg.com/amplify_video/2036943105786863616/pl/tXUmjH-J9W43sQN6.m3u8?tag=21&variant_version=1	spawn ffmpeg ENOENT
https://video.twimg.com/amplify_video/2065616172440027136/pl/uV-z1v3AS3nuEFqa.m3u8?tag=27&variant_version=1	spawn ffmpeg ENOENT
https://video.twimg.com/amplify_video/2068038105009954816/pl/d76fVB0KtO0BEqwm.m3u8?tag=28&variant_version=1	spawn ffmpeg ENOENT
https://video.twimg.com/amplify_video/2068024828141932544/pl/xXElTX4opCtyPbNG.m3u8?tag=28&variant_version=1	spawn ffmpeg ENOENT
https://video.twimg.com/amplify_video/2063194243229720576/pl/HD4CmvyYRORANfjq.m3u8?tag=27&variant_version=1	spawn ffmpeg ENOENT
https://video.twimg.com/amplify_video/2068419986771636224/pl/kEE29oEConTmyBPp.m3u8?tag=28&variant_version=1	spawn ffmpeg ENOENT
https://video.twimg.com/amplify_video/2068693913850830848/pl/06viFpyJPSbnE3gd.m3u8?tag=28&variant_version=1	spawn ffmpeg ENOENT
https://video.twimg.com/amplify_video/2069550460545998848/pl/MCnMTD010ksTLVpT.m3u8?tag=28&variant_version=1	spawn ffmpeg ENOENT
https://video.twimg.com/amplify_video/2070574332829425664/pl/Lz4J_ptpbuUqJRkc.m3u8?tag=28&variant_version=1	spawn ffmpeg ENOENT
https://video.twimg.com/amplify_video/2071296680088268800/pl/k0lVgNrEyQHdM2Sl.m3u8?tag=28&variant_version=1	spawn ffmpeg ENOENT
https://video.twimg.com/amplify_video/2070989192440713216/pl/Y1nwWPxoV9iX0n3c.m3u8?tag=28&variant_version=1	spawn ffmpeg ENOENT
https://video.twimg.com/amplify_video/2071225906039832576/pl/KOTfaxSoXvPSCk3i.m3u8?tag=28&variant_version=1	spawn ffmpeg ENOENT
https://video.twimg.com/amplify_video/2071032978306633728/pl/zxPCxJhI1oWXjqTJ.m3u8?tag=28&variant_version=1	spawn ffmpeg ENOENT
https://video.twimg.com/amplify_video/2071303942466650112/pl/BxR9gCY6DDXbbjHw.m3u8?tag=28&variant_version=1	spawn ffmpeg ENOENT
https://video.twimg.com/ext_tw_video/1660082540802195456/pu/pl/5p3O1ECpQ-FK7Xys.m3u8?tag=12&variant_version=1	spawn ffmpeg ENOENT
https://video.twimg.com/amplify_video/2072707576047747072/pl/s6mdgtbTrDFeeeyN.m3u8?tag=28&variant_version=1	spawn ffmpeg ENOENT
https://video.twimg.com/amplify_video/2014852750761181184/pl/sOzE0X7R8M7VCsvR.m3u8?tag=21&variant_version=1	spawn ffmpeg ENOENT
https://video.twimg.com/amplify_video/2026346052844916737/pl/_2l7PlOOLi4jUwEG.m3u8?tag=21&variant_version=1	spawn ffmpeg ENOENT
https://video.twimg.com/amplify_video/2073389118785011712/pl/Aw8jlfXcPpe9g5YO.m3u8?tag=28&variant_version=1	spawn ffmpeg ENOENT
https://video.twimg.com/amplify_video/2073450186475737088/pl/WY2hM9lk2KGFNF46.m3u8?tag=28&variant_version=1	spawn ffmpeg ENOENT
https://video.twimg.com/amplify_video/2073992006418956288/pl/iOHh_q415DnBfShn.m3u8?tag=28&variant_version=1	spawn ffmpeg ENOENT
https://video.twimg.com/amplify_video/1999018171316187143/pl/RZ3taL2C51TrBpbA.m3u8?tag=21&variant_version=1	spawn ffmpeg ENOENT
https://video.twimg.com/amplify_video/1894267059485208576/vid/avc1/720x1280/a4CQn0FLBU5LGdXv.mp4	spawn ffmpeg ENOENT
https://video.twimg.com/ext_tw_video/1451580606157049861/pu/vid/720x1280/qff_UcHdaYG2Efn6.mp4	spawn ffmpeg ENOENT
https://video.twimg.com/amplify_video/2020364640686075910/vid/avc1/720x1174/74WvitdfgLp69PI8.mp4	spawn ffmpeg ENOENT
https://video.twimg.com/amplify_video/1995249183167496193/vid/avc1/1280x720/stJEJtB6lf3eRE7i.mp4	spawn ffmpeg ENOENT
https://video.twimg.com/ext_tw_video/1923969609746554880/pu/vid/avc1/720x1280/mqM3_IDJwK8lA3vR.mp4	spawn ffmpeg ENOENT
https://video.twimg.com/ext_tw_video/1791952769797988352/pu/vid/avc1/720x1082/j3ygqKbSiK29pjfJ.mp4	spawn ffmpeg ENOENT
https://video.twimg.com/amplify_video/1952387781897883648/vid/avc1/1080x1502/uaY1aG8gqEJJe94J.mp4	spawn ffmpeg ENOENT
https://video.twimg.com/amplify_video/1979604325451145216/vid/avc1/2160x3840/wpZjUKXdg3OCsGuX.mp4	spawn ffmpeg ENOENT
https://video.twimg.com/amplify_video/1956867380300414976/vid/avc1/1920x1080/0f0oMPejyqOzeUiN.mp4	spawn ffmpeg ENOENT
https://video.twimg.com/amplify_video/1657913920504430592/vid/720x1280/XdllWosPUYbBtldw.mp4	spawn ffmpeg ENOENT
https://video.twimg.com/amplify_video/1959337684075458561/vid/avc1/720x1280/FnhQ9AxJ_-PbAEFI.mp4	spawn ffmpeg ENOENT
https://video.twimg.com/ext_tw_video/1763229356212494336/pu/vid/avc1/1280x720/L69jeU2jixpsajUf.mp4	spawn ffmpeg ENOENT
https://video.twimg.com/amplify_video/1968358144192708608/vid/avc1/1080x1920/KCWL-FnYUPYqrn56.mp4	spawn ffmpeg ENOENT
https://video.twimg.com/amplify_video/1934301037269069824/vid/avc1/1080x1872/z98oyxbu3mfdbXCc.mp4	spawn ffmpeg ENOENT
https://video.twimg.com/amplify_video/2021897598970605573/vid/avc1/1920x1080/-0QiixugWbZyDEYB.mp4	spawn ffmpeg ENOENT
https://video.twimg.com/amplify_video/2017424277000105984/vid/avc1/2160x3840/8aKUMjHPkqSTflCY.mp4	spawn ffmpeg ENOENT
https://video.twimg.com/amplify_video/1863656498745729026/vid/avc1/720x1004/3sscZfcQTgrVdD3o.mp4	spawn ffmpeg ENOENT
https://video.twimg.com/amplify_video/1953870229005905923/vid/avc1/720x1280/bHZC_MaY1gT9hQ1d.mp4	spawn ffmpeg ENOENT
https://video.twimg.com/amplify_video/1983925851356811265/vid/avc1/1920x1080/DpZEBLMXzjvGVWjg.mp4	spawn ffmpeg ENOENT
https://video.twimg.com/amplify_video/1927117866307858432/vid/avc1/2160x3840/GMsZ59pOGPvLU3xz.mp4	spawn ffmpeg ENOENT
https://video.twimg.com/amplify_video/1855207458785865728/vid/avc1/1080x1774/8zgFrByZWTh1qFgs.mp4	spawn ffmpeg ENOENT
https://video.twimg.com/amplify_video/1903951752853950464/vid/avc1/1080x1820/BDObHLT7vxJQvjHn.mp4	spawn ffmpeg ENOENT
https://video.twimg.com/amplify_video/1975691692977291264/vid/avc1/720x1280/w9uL2OuNfjiKE5rv.mp4	spawn ffmpeg ENOENT
https://video.twimg.com/amplify_video/1958191754450231296/vid/avc1/720x1280/axI6FMfSLQWTVnZo.mp4	spawn ffmpeg ENOENT
https://video.twimg.com/amplify_video/1998039527978381312/vid/avc1/854x480/e1KGAw6A3aJIQkJd.mp4	spawn ffmpeg ENOENT
https://video.twimg.com/amplify_video/1975033355969458176/vid/avc1/2160x3840/uMkJ78bHYncugef_.mp4	spawn ffmpeg ENOENT
https://video.twimg.com/amplify_video/2017309011348250624/vid/avc1/2160x3840/F_TtaTQ1EbrcrIBC.mp4	spawn ffmpeg ENOENT
https://video.twimg.com/ext_tw_video/1773036739721895936/pu/vid/avc1/720x1280/4knjIFlj6lHxEAuX.mp4	spawn ffmpeg ENOENT
https://video.twimg.com/amplify_video/1994637150843965440/vid/avc1/720x1280/c6Rm5Xdn9t5eWpi6.mp4	spawn ffmpeg ENOENT
https://video.twimg.com/amplify_video/1920667018698588160/vid/avc1/1280x720/5uuq3mmH1sEFaHMK.mp4	spawn ffmpeg ENOENT
https://video.twimg.com/amplify_video/1922343443604336640/vid/avc1/1080x1918/eKqXRP_Y6Y_TfZM-.mp4	spawn ffmpeg ENOENT
https://video.twimg.com/ext_tw_video/1637549891864985602/pu/vid/720x1280/iL6gH2OGRAmAMSU1.mp4	spawn ffmpeg ENOENT
https://video.twimg.com/amplify_video/1840070144707444736/vid/avc1/1080x1596/09EEaerCJub7f8zJ.mp4	spawn ffmpeg ENOENT
https://video.twimg.com/ext_tw_video/1401488440819130373/pu/vid/720x1280/dE6epRHMzzxdoqw2.mp4	spawn ffmpeg ENOENT
https://video.twimg.com/ext_tw_video/1851834762228326400/pu/vid/avc1/720x1280/WZ7FXckzQPxL8zFk.mp4	spawn ffmpeg ENOENT
https://video.twimg.com/amplify_video/2014094059564892160/vid/avc1/2160x3840/5j9I4_UEo5JSkzyt.mp4	spawn ffmpeg ENOENT
https://video.twimg.com/ext_tw_video/1504472344680534022/pu/vid/720x1280/lcZ-nFcq2vpPvcB0.mp4	spawn ffmpeg ENOENT
https://video.twimg.com/amplify_video/1938628031356227584/vid/avc1/1920x2400/qMmDJPcAHWNCYveQ.mp4	spawn ffmpeg ENOENT
https://video.twimg.com/amplify_video/1992622602213343233/vid/avc1/1524x720/ztLgRc9Uh9DOPpGo.mp4	spawn ffmpeg ENOENT
https://video.twimg.com/amplify_video/1966531219237240832/vid/avc1/1080x1920/EWC7URmNjN3OYjd2.mp4	spawn ffmpeg ENOENT
https://video.twimg.com/amplify_video/1920630267108106240/vid/avc1/720x1280/J90RH2zwSKm0ZrkI.mp4	spawn ffmpeg ENOENT
https://video.twimg.com/amplify_video/1969439231547494400/vid/avc1/720x1280/Hv7SMYG8Uh7YKQgg.mp4	spawn ffmpeg ENOENT
https://video.twimg.com/amplify_video/1988391001656840192/vid/avc1/2014x3218/AYZ4uFOwJ0sfsjt2.mp4	spawn ffmpeg ENOENT
https://video.twimg.com/amplify_video/1962974748092334082/vid/avc1/2160x3840/HRcmThWa_IxB574C.mp4	spawn ffmpeg ENOENT
https://video.twimg.com/ext_tw_video/1787262333233831936/pu/vid/avc1/768x720/pzlIrxEoGzkwTeXn.mp4	spawn ffmpeg ENOENT
https://video.twimg.com/amplify_video/2003176753892904960/vid/avc1/1300x1600/X_wmkyI6qHDmk6pS.mp4	spawn ffmpeg ENOENT
https://video.twimg.com/amplify_video/1960460243596664837/vid/avc1/2160x3840/vLH1L0-zaNiiRN3G.mp4	spawn ffmpeg ENOENT
https://video.twimg.com/amplify_video/2017271437980217344/vid/avc1/3840x2160/K2hRRV3MLtQIRwmX.mp4	spawn ffmpeg ENOENT
https://video.twimg.com/amplify_video/1956734385711124480/vid/avc1/1080x1600/BwseRVbOu70V_4en.mp4	spawn ffmpeg ENOENT
https://video.twimg.com/amplify_video/1957486480806539272/vid/avc1/720x1280/EIL-dRx-a6sPBNql.mp4	spawn ffmpeg ENOENT
https://video.twimg.com/amplify_video/1960731298466816001/vid/avc1/720x1280/zS4ftPRCNY0tZrwP.mp4	spawn ffmpeg ENOENT
https://video.twimg.com/amplify_video/1960007845367418880/vid/avc1/720x1280/53xK0ja5zrEhtjOU.mp4	spawn ffmpeg ENOENT
https://video.twimg.com/amplify_video/1964147854320291845/vid/avc1/720x1280/pD8mrf1yTtgsenv8.mp4	spawn ffmpeg ENOENT
https://video.twimg.com/ext_tw_video/2003858243714482176/pu/vid/avc1/720x1280/E4Nv1naEPNgjjhyd.mp4	spawn ffmpeg ENOENT
https://video.twimg.com/ext_tw_video/1804154679724527616/pu/vid/avc1/720x1280/3CtB6LfZ9QClnmGj.mp4	spawn ffmpeg ENOENT
https://video.twimg.com/amplify_video/1952011778121932800/vid/avc1/1280x720/DLJQmwBqRJR619uw.mp4	spawn ffmpeg ENOENT
https://video.twimg.com/amplify_video/1956016071342989312/vid/avc1/1300x1700/ki2KGqHiKNHlPliB.mp4	spawn ffmpeg ENOENT
https://video.twimg.com/amplify_video/1953304553849294848/vid/avc1/720x1280/2o5HuVJdY0C0Lj50.mp4	spawn ffmpeg ENOENT
https://video.twimg.com/amplify_video/1761475206306996224/vid/avc1/1280x720/pgA4tb5u1gXwQzSg.mp4	spawn ffmpeg ENOENT
https://video.twimg.com/amplify_video/1928658232865861633/vid/avc1/1080x1920/x4IHyapDEHGMSzaE.mp4	spawn ffmpeg ENOENT
https://video.twimg.com/ext_tw_video/1655915276637196288/pu/vid/720x720/G2OEBrMX6ED9CrRN.mp4	spawn ffmpeg ENOENT
https://video.twimg.com/ext_tw_video/1907581318206025728/pu/vid/avc1/652x1080/TJbP1Qdn7SguCY3G.mp4	spawn ffmpeg ENOENT
https://video.twimg.com/amplify_video/1885439916483416064/vid/avc1/1080x1920/E3KcIsxmQ4SMvLKT.mp4	spawn ffmpeg ENOENT
https://video.twimg.com/amplify_video/1953922486850244608/vid/avc1/720x1280/iEaKC9EKltQIFPL1.mp4	spawn ffmpeg ENOENT
https://video.twimg.com/ext_tw_video/1849411040267624448/pu/vid/avc1/1080x1918/SVSHhgxjeuoLxTLo.mp4	spawn ffmpeg ENOENT
https://video.twimg.com/ext_tw_video/1998912330932031488/pu/vid/avc1/592x1280/-B1lwNg6o_agpXRn.mp4	spawn ffmpeg ENOENT
https://video.twimg.com/amplify_video/1951402873235148800/vid/avc1/720x1280/tusucHNJ66vy-yV9.mp4	spawn ffmpeg ENOENT
https://video.twimg.com/amplify_video/2000938540901830661/vid/avc1/1080x1920/ImWXjsxlLR5B9Mnl.mp4	spawn ffmpeg ENOENT
https://video.twimg.com/amplify_video/1942994641395044352/vid/avc1/1280x720/W-q5GqbYqSYnWN2P.mp4	spawn ffmpeg ENOENT
https://video.twimg.com/amplify_video/1986888048987324416/vid/avc1/1206x2140/U8uxSfeYTXvg_7Im.mp4	spawn ffmpeg ENOENT
https://video.twimg.com/amplify_video/2005381063242133504/vid/avc1/1920x1080/eDQaeqQa4lQffu5Y.mp4	spawn ffmpeg ENOENT
https://video.twimg.com/amplify_video/1957154643785687040/vid/avc1/1400x1920/ZVjTncC4YuRDnp56.mp4	spawn ffmpeg ENOENT
https://video.twimg.com/amplify_video/1932518834998816769/vid/avc1/720x1280/ZYXKxyn8l8vk4j4a.mp4	spawn ffmpeg ENOENT
https://video.twimg.com/amplify_video/1927118037963948032/vid/avc1/720x1272/7CTA87rr3Sus953W.mp4	spawn ffmpeg ENOENT
https://video.twimg.com/amplify_video/1969853150992728064/vid/avc1/1080x1920/9uRSeg5PbElvEJ8c.mp4	spawn ffmpeg ENOENT
https://video.twimg.com/amplify_video/1846924444247150592/vid/avc1/720x1280/mLzw7aRp0GToulJp.mp4	spawn ffmpeg ENOENT
https://video.twimg.com/ext_tw_video/1944351745217323008/pu/vid/avc1/654x1126/EzANS8WRSL-7u0V-.mp4	spawn ffmpeg ENOENT
https://video.twimg.com/ext_tw_video/1424063785854291973/pu/vid/1280x720/jq20125I0-p_g4lQ.mp4	spawn ffmpeg ENOENT
https://video.twimg.com/amplify_video/2021797988285272064/vid/avc1/720x1280/euCFtjjYwnOHmRai.mp4	spawn ffmpeg ENOENT
https://video.twimg.com/amplify_video/1927388480629288960/vid/avc1/1080x1920/ZFFce1mIsQCLWUTN.mp4	spawn ffmpeg ENOENT
https://video.twimg.com/amplify_video/1935881036677722112/vid/avc1/1440x1080/YLTPkKfJsrZBE2BZ.mp4	spawn ffmpeg ENOENT
https://video.twimg.com/amplify_video/1909982723352993793/vid/avc1/1080x1392/LnX5L2p1eXr_hFzK.mp4	spawn ffmpeg ENOENT
https://video.twimg.com/amplify_video/1956081205452898307/vid/avc1/720x1130/6l0snvjFS1oOa3za.mp4	spawn ffmpeg ENOENT
https://video.twimg.com/amplify_video/1928824737511219200/vid/avc1/720x1280/G6nLrhT237VYac8m.mp4	spawn ffmpeg ENOENT
https://video.twimg.com/amplify_video/1920515033894674432/vid/avc1/720x1128/hLLh4E4h9sz9VIQK.mp4	spawn ffmpeg ENOENT
https://video.twimg.com/amplify_video/1954003876006305792/vid/avc1/720x1280/aAJqOQ2ydhNm2aKJ.mp4	spawn ffmpeg ENOENT
https://video.twimg.com/amplify_video/1989188024781967360/vid/avc1/708x854/Eh-_FcDKKre-Y6kb.mp4	spawn ffmpeg ENOENT
https://video.twimg.com/amplify_video/1963659252309893121/vid/avc1/1920x1080/10asFmuopzlvbJvx.mp4	spawn ffmpeg ENOENT
https://video.twimg.com/amplify_video/1926035712568086528/vid/avc1/720x1280/bcZRfjc76tOsZIPO.mp4	spawn ffmpeg ENOENT
https://video.twimg.com/amplify_video/1996270909062275073/vid/avc1/720x1280/sVC00reqe8wQ2rU_.mp4	spawn ffmpeg ENOENT
https://video.twimg.com/amplify_video/2002082988083830784/vid/avc1/1280x720/LycDIO9YpXQBl4yT.mp4	spawn ffmpeg ENOENT
https://video.twimg.com/amplify_video/1931071581306200064/vid/avc1/2160x3840/uAvOsQxFeSeW-7G6.mp4	spawn ffmpeg ENOENT
https://video.twimg.com/ext_tw_video/1944841572433952768/pu/vid/avc1/1280x720/UgEfUkk1agIl9y3K.mp4	spawn ffmpeg ENOENT
https://video.twimg.com/amplify_video/1922478722319278080/vid/avc1/720x1228/IqrSKiDEGNlBeQ-2.mp4	spawn ffmpeg ENOENT
https://video.twimg.com/amplify_video/1951588630147047424/vid/avc1/720x1280/4o5NdM6cA9XJZKJQ.mp4	spawn ffmpeg ENOENT
https://video.twimg.com/amplify_video/1900624456717860864/vid/avc1/886x500/awl4xZpfcfsFstku.mp4	spawn ffmpeg ENOENT
https://video.twimg.com/ext_tw_video/1878950848220332032/pu/vid/avc1/598x1280/E9m_YhqGB5UQiiBT.mp4	spawn ffmpeg ENOENT
https://video.twimg.com/amplify_video/1986531212115255299/vid/avc1/1080x1920/oBeVT3tmFRTLFKIy.mp4	spawn ffmpeg ENOENT
https://video.twimg.com/amplify_video/1865076097525731328/vid/avc1/1080x1920/_pE6LAM_g7MUuzyx.mp4	spawn ffmpeg ENOENT
https://video.twimg.com/ext_tw_video/1822647716746264576/pu/vid/avc1/720x1280/McdFY0Ms-AgCebXl.mp4	spawn ffmpeg ENOENT
https://video.twimg.com/ext_tw_video/1934105769021939713/pu/vid/avc1/718x966/vCI29rDWdkzJInD0.mp4	spawn ffmpeg ENOENT
https://video.twimg.com/amplify_video/1942325685663522816/vid/avc1/1080x1920/xK0X4p2p8SBq_bos.mp4	spawn ffmpeg ENOENT
https://video.twimg.com/amplify_video/2009430379581538304/vid/avc1/1920x1080/rMsPjcgU1vqz33pW.mp4	spawn ffmpeg ENOENT
https://video.twimg.com/amplify_video/2018520011158282240/vid/avc1/1920x1080/Ob7-jmw-3FlrbA2x.mp4	spawn ffmpeg ENOENT
https://video.twimg.com/amplify_video/2001856984388091904/vid/avc1/720x1280/VZOdyszF1Ug9KT4B.mp4	spawn ffmpeg ENOENT
https://video.twimg.com/ext_tw_video/1924751111862280192/pu/vid/avc1/720x1280/O8vJd4ey9Zzh1dx9.mp4	spawn ffmpeg ENOENT
https://video.twimg.com/amplify_video/1637187375230078977/vid/1080x1920/4QjOi7Bjh5voE0g3.mp4	spawn ffmpeg ENOENT
https://video.twimg.com/amplify_video/1927067244128813057/vid/avc1/1080x1080/ipZDu2pl085xNwPJ.mp4	spawn ffmpeg ENOENT
https://video.twimg.com/amplify_video/1944767849605537793/vid/avc1/720x1062/LzwRqWQKEbrTJxQu.mp4	spawn ffmpeg ENOENT
https://video.twimg.com/amplify_video/1989353795306795008/vid/avc1/1080x1920/_to1J3bx-lR5dwvW.mp4	spawn ffmpeg ENOENT
https://video.twimg.com/amplify_video/1962493180693139456/vid/avc1/1080x1920/27fQUdNUA4Zml6VT.mp4	spawn ffmpeg ENOENT
https://video.twimg.com/amplify_video/2002143214044651520/vid/avc1/1080x1080/eWeHz6_UxIfs_xCE.mp4	spawn ffmpeg ENOENT
https://video.twimg.com/amplify_video/2048069297805873152/pl/qQICmSvQgatSMenO.m3u8?tag=21&variant_version=1	spawn ffmpeg ENOENT
https://video.twimg.com/ext_tw_video/1577747591554633729/pu/vid/720x720/YgJeKPKXn9sWvfw0.mp4	spawn ffmpeg ENOENT
https://video.twimg.com/amplify_video/1874174111498350592/vid/avc1/1080x1482/G-aNgMcl1Q2abMmG.mp4	spawn ffmpeg ENOENT
https://video.twimg.com/amplify_video/1951750063031750657/vid/avc1/720x1280/CDdVTxNzWIk1-_wH.mp4	spawn ffmpeg ENOENT
https://video.twimg.com/ext_tw_video/2016055549335388162/pu/vid/avc1/720x1280/S_yeRrfCp_lqbpYL.mp4	spawn ffmpeg ENOENT
https://video.twimg.com/amplify_video/2020467227653513217/vid/avc1/720x1280/tUjF73IJuwed5X2o.mp4	spawn ffmpeg ENOENT
https://video.twimg.com/ext_tw_video/1660976727789543424/pu/vid/464x848/0TcOUHP7RM7mCf_z.mp4	spawn ffmpeg ENOENT
https://video.twimg.com/amplify_video/1928313250409488384/vid/avc1/720x1280/cbvlP1y0JSbWguqz.mp4	spawn ffmpeg ENOENT
https://video.twimg.com/amplify_video/1934222211562323968/vid/avc1/3840x2158/MXDpoQ9TG-9QN0dz.mp4	spawn ffmpeg ENOENT
https://video.twimg.com/ext_tw_video/1907072681301909504/pu/vid/avc1/1280x720/UZAW55_sYn7iMbb6.mp4	spawn ffmpeg ENOENT
https://video.twimg.com/amplify_video/2045671822952480768/pl/rYFfAxW2ESIY2c7J.m3u8?tag=21&variant_version=1	spawn ffmpeg ENOENT
https://video.twimg.com/amplify_video/2050327789862014977/pl/Hq1WIefyQtOBoC6T.m3u8?tag=27&variant_version=1	spawn ffmpeg ENOENT
https://video.twimg.com/amplify_video/2050698868027723776/pl/FNhwsAfOCLCTmmnX.m3u8?tag=27&variant_version=1	spawn ffmpeg ENOENT
https://video.twimg.com/amplify_video/2049962899586625536/pl/_EmtCwJzOvHGDdet.m3u8?tag=27&variant_version=1	spawn ffmpeg ENOENT
https://video.twimg.com/amplify_video/2071805189674221568/pl/a09ic98J-x9GruCS.m3u8?tag=28&variant_version=1	spawn ffmpeg ENOENT
https://video.twimg.com/amplify_video/2013480498492788739/vid/avc1/1080x1920/0BdHDHEcs25mcsqW.mp4	spawn ffmpeg ENOENT
https://video.twimg.com/amplify_video/1994157337376874498/vid/avc1/720x1280/6qoNGKnlrdZbXd9k.mp4	spawn ffmpeg ENOENT
https://video.twimg.com/amplify_video/1764502351526629376/vid/avc1/1080x1920/SOC8QWFzVPfoaqad.mp4	spawn ffmpeg ENOENT
https://video.twimg.com/amplify_video/1766961575175315457/vid/avc1/1080x1920/YdUWwLK8InIv6Qu1.mp4	spawn ffmpeg ENOENT
https://video.twimg.com/amplify_video/1827207303285899264/vid/avc1/1080x1920/gUULVW5V30dbSdUe.mp4	spawn ffmpeg ENOENT
https://video.twimg.com/amplify_video/1983753339918553088/vid/avc1/1080x1920/Xf997EahONwKi5Pl.mp4	spawn ffmpeg ENOENT
https://video.twimg.com/amplify_video/1879768458327629825/vid/avc1/1080x1920/Y30MrClIizaOoH4I.mp4	spawn ffmpeg ENOENT
https://video.twimg.com/amplify_video/1991726153854296064/vid/avc1/1080x1920/3MO8Cv3k2rSDEKpE.mp4	spawn ffmpeg ENOENT
https://video.twimg.com/amplify_video/2018182915423670272/vid/avc1/1080x1920/NhXMVYDRAVIxUoQ2.mp4	spawn ffmpeg ENOENT
https://video.twimg.com/amplify_video/1934784707893301248/vid/avc1/1080x1920/v3A73fkRe0K0As7h.mp4	spawn ffmpeg ENOENT
https://video.twimg.com/amplify_video/2007667800555368448/vid/avc1/1080x1920/K5l0iP2GEm4ssnDQ.mp4	spawn ffmpeg ENOENT
https://video.twimg.com/amplify_video/1943917287301386240/vid/avc1/720x1280/HWNDAoXd3xZIn_rr.mp4	spawn ffmpeg ENOENT
https://video.twimg.com/amplify_video/1991679499243569152/vid/avc1/1080x1920/iPj1Jxf7ci5I4Vs3.mp4	spawn ffmpeg ENOENT
https://video.twimg.com/amplify_video/1869964913403121664/vid/avc1/1080x1920/mkVyuY6XPhmULbug.mp4	spawn ffmpeg ENOENT
https://video.twimg.com/amplify_video/1978317578733789184/vid/avc1/1080x1920/g_irjTxAfcy5zC3w.mp4	spawn ffmpeg ENOENT
https://video.twimg.com/amplify_video/1967411859318870016/vid/avc1/1080x1920/cWS_l8Q0g2m6OpNO.mp4	spawn ffmpeg ENOENT
https://video.twimg.com/amplify_video/1954048324828319744/vid/avc1/1080x1920/z-lSbuot00MzdJKe.mp4	spawn ffmpeg ENOENT
https://video.twimg.com/amplify_video/2001523116451753984/vid/avc1/1080x1920/B_TA7IVEzEUw7qTA.mp4	spawn ffmpeg ENOENT
https://video.twimg.com/amplify_video/1940262705593450497/vid/avc1/1080x1920/ld9tcPPPezr_IOD1.mp4	spawn ffmpeg ENOENT
https://video.twimg.com/amplify_video/2021090531078500353/vid/avc1/1080x1920/xBc_OsO77PeTO7CK.mp4	spawn ffmpeg ENOENT
https://video.twimg.com/amplify_video/1926016367448223744/vid/avc1/1080x1920/lHOyS6M1ipW4yWG0.mp4	spawn ffmpeg ENOENT
https://video.twimg.com/amplify_video/1985551318321426432/vid/avc1/1080x1920/rVddKLXxc7D-wL5O.mp4	spawn ffmpeg ENOENT
https://video.twimg.com/amplify_video/1968498957090250753/vid/avc1/1080x1920/HaWdr9GM5nhJeRxO.mp4	spawn ffmpeg ENOENT
https://video.twimg.com/amplify_video/1970321942264590336/vid/avc1/1080x1920/BBpJSkK3WW6p6I_S.mp4	spawn ffmpeg ENOENT
https://video.twimg.com/amplify_video/1971687370886975488/vid/avc1/1080x1920/tMaQBoT2Y3zqvd1W.mp4	spawn ffmpeg ENOENT
https://video.twimg.com/amplify_video/2021446868522123264/vid/avc1/1080x1920/EfqDR9zVQPE_VswA.mp4	spawn ffmpeg ENOENT
https://video.twimg.com/amplify_video/1966317031889702913/vid/avc1/1080x1920/y97aSaEfQMYVjq9R.mp4	spawn ffmpeg ENOENT
https://video.twimg.com/amplify_video/1960890015262658561/vid/avc1/1080x1920/Ug52Gl9NVh7tSm71.mp4	spawn ffmpeg ENOENT
https://video.twimg.com/amplify_video/1975363752204615680/vid/avc1/1080x1920/y2EyEtPlFVmgHgWC.mp4	spawn ffmpeg ENOENT
https://video.twimg.com/amplify_video/1829395823308005376/vid/avc1/1080x1920/9tEYXuDUnFhzoeE_.mp4	spawn ffmpeg ENOENT
https://video.twimg.com/amplify_video/1991721943268003840/vid/avc1/1080x1920/I51qdlG9pKNzdbiC.mp4	spawn ffmpeg ENOENT
https://video.twimg.com/amplify_video/1986667575091019776/vid/avc1/1080x1920/3sSmt0h-LgvG0C_T.mp4	spawn ffmpeg ENOENT
https://video.twimg.com/amplify_video/1991355253166600192/vid/avc1/1080x1920/A7zK1lBbSYVmmtHo.mp4	spawn ffmpeg ENOENT
https://video.twimg.com/amplify_video/1935203774609420288/vid/avc1/1080x1920/bzLWqu3PBgVeAvQq.mp4	spawn ffmpeg ENOENT
https://video.twimg.com/amplify_video/1960553228040359936/vid/avc1/1080x1920/qAHpQ2_fCFD5kVdy.mp4	spawn ffmpeg ENOENT
https://video.twimg.com/amplify_video/1952212746453352449/vid/avc1/1080x1920/vZAIxJLgz8wXwhOo.mp4	spawn ffmpeg ENOENT
https://video.twimg.com/amplify_video/1999354816284282881/vid/avc1/1080x1920/HvLCVoTVQcljaoXo.mp4	spawn ffmpeg ENOENT
https://video.twimg.com/amplify_video/1819601585137225728/vid/avc1/720x1280/aCmy7ZNywn1kj1w5.mp4	spawn ffmpeg ENOENT
https://video.twimg.com/amplify_video/1943526173373259776/vid/avc1/720x1280/5uZ4zvrIbOYqkmKR.mp4	spawn ffmpeg ENOENT
https://video.twimg.com/amplify_video/1978492392459182080/vid/avc1/1080x1920/d1DeL6FVQSEVcH_P.mp4	spawn ffmpeg ENOENT
https://video.twimg.com/amplify_video/1959826051061747712/vid/avc1/1080x1920/e-H92ShdaxSi_cAy.mp4	spawn ffmpeg ENOENT
https://video.twimg.com/amplify_video/1985213302402629632/vid/avc1/1080x1920/yLcKAEk0VrmO44Ih.mp4	spawn ffmpeg ENOENT
https://video.twimg.com/amplify_video/1857312134994305024/vid/avc1/1080x1920/UUXHlTKbW1sVl_e1.mp4	spawn ffmpeg ENOENT
https://video.twimg.com/amplify_video/1986667630447476736/vid/avc1/1080x1920/WQ-YipFj9LCVobu-.mp4	spawn ffmpeg ENOENT
https://video.twimg.com/amplify_video/1934007527198343168/vid/avc1/1080x1920/Nyg4clR09PWb_cSB.mp4	spawn ffmpeg ENOENT
https://video.twimg.com/amplify_video/1944612603524685825/vid/avc1/720x1280/YoHd2iANxEUGOafG.mp4	spawn ffmpeg ENOENT
https://video.twimg.com/amplify_video/1923256600296304640/vid/avc1/1080x1920/MxhY9IW-spF5OBx3.mp4	spawn ffmpeg ENOENT
https://video.twimg.com/amplify_video/1955829802549604352/vid/avc1/1080x1920/YGux1zlvknpStqnf.mp4	spawn ffmpeg ENOENT
https://video.twimg.com/amplify_video/1925776472406458368/vid/avc1/1080x1920/rLD3STzT4w4rEBCP.mp4	spawn ffmpeg ENOENT
https://video.twimg.com/amplify_video/1960913007317237760/vid/avc1/1080x1920/YFkNoHN8I7IzQyeA.mp4	spawn ffmpeg ENOENT
https://video.twimg.com/amplify_video/2001917947959234560/vid/avc1/1080x1920/Mx3Dfp9NcThjF8jm.mp4	spawn ffmpeg ENOENT
https://video.twimg.com/amplify_video/2001917992356003840/vid/avc1/1080x1920/QSHtWLhG8md3tdk_.mp4	spawn ffmpeg ENOENT
https://video.twimg.com/amplify_video/2018183059921612800/vid/avc1/1080x1920/U5pGYx_MQ3ZC61_T.mp4	spawn ffmpeg ENOENT
https://video.twimg.com/amplify_video/1978322842430148608/vid/avc1/1080x1920/n5IzBcdnNVq5W_I7.mp4	spawn ffmpeg ENOENT
https://video.twimg.com/amplify_video/1998624284894244865/vid/avc1/1080x1920/lKNBI8CgvayVt6h6.mp4	spawn ffmpeg ENOENT
https://video.twimg.com/amplify_video/1978312633942941697/vid/avc1/1080x1920/zoqczNaoVSI1kzsd.mp4	spawn ffmpeg ENOENT
https://video.twimg.com/amplify_video/1956221446939656194/vid/avc1/1080x1920/b8UtFU-HCzZr4eU1.mp4	spawn ffmpeg ENOENT
https://video.twimg.com/amplify_video/1897871502306844672/vid/avc1/1080x1920/qCioNIeXDNFx9l7N.mp4	spawn ffmpeg ENOENT
https://video.twimg.com/amplify_video/1991009510748794882/vid/avc1/1080x1920/Akc9kUErZtbbZMHa.mp4	spawn ffmpeg ENOENT
https://video.twimg.com/amplify_video/1975772876734119936/vid/avc1/1080x1920/1LaykEoG2GvGt93u.mp4	spawn ffmpeg ENOENT
https://video.twimg.com/amplify_video/2016703935889756160/vid/avc1/1080x1920/WIwetJ7bOmYGVzcg.mp4	spawn ffmpeg ENOENT
https://video.twimg.com/amplify_video/1925549428745609216/vid/avc1/1080x1920/91jmuw5djb34_C81.mp4	spawn ffmpeg ENOENT
https://video.twimg.com/amplify_video/2001917835891666944/vid/avc1/1080x1920/l88flUVF3xSJP5ys.mp4	spawn ffmpeg ENOENT
https://video.twimg.com/amplify_video/1905104698014601216/vid/avc1/1080x1920/dQYUvi2Zy8KU9FTe.mp4	spawn ffmpeg ENOENT
https://video.twimg.com/amplify_video/1960543534479515648/vid/avc1/1080x1920/vuTyMYPb_mBYM4--.mp4	spawn ffmpeg ENOENT
https://video.twimg.com/amplify_video/1997893101747404800/vid/avc1/1080x1920/NpQJovhDXY2zvkBa.mp4	spawn ffmpeg ENOENT
https://video.twimg.com/amplify_video/1999355043879755778/vid/avc1/1080x1920/t_ofVrR1Abcqz3YB.mp4	spawn ffmpeg ENOENT
https://video.twimg.com/amplify_video/1953458363498430464/vid/avc1/1080x1920/TvFgjudMgyajLLs-.mp4	spawn ffmpeg ENOENT
https://video.twimg.com/amplify_video/2000792044889948165/vid/avc1/1080x1920/oVAaYeCo3tI0kd5f.mp4	spawn ffmpeg ENOENT
https://video.twimg.com/amplify_video/1955117555850280960/vid/avc1/1080x1920/nCEWd95qndemoKce.mp4	spawn ffmpeg ENOENT
https://video.twimg.com/amplify_video/1996758995835465728/vid/avc1/1080x1920/GiQRuoP8CSDvfW6e.mp4	spawn ffmpeg ENOENT
https://video.twimg.com/amplify_video/1995717867048738816/vid/avc1/1080x1920/aBFByKZnvq1Q9AGH.mp4	spawn ffmpeg ENOENT
https://video.twimg.com/amplify_video/1995360274770235392/vid/avc1/1080x1920/C7iAkoiyUDPnUN9W.mp4	spawn ffmpeg ENOENT
https://video.twimg.com/amplify_video/1991726110313160704/vid/avc1/1080x1920/gJyej7QPx6JVlujj.mp4	spawn ffmpeg ENOENT
https://video.twimg.com/amplify_video/1991722675920859143/vid/avc1/1080x1920/EySi4GeY8UUIWNiV.mp4	spawn ffmpeg ENOENT
https://video.twimg.com/amplify_video/1956600360895688704/vid/avc1/1080x1920/is0FaofDoCO-2JZ-.mp4	spawn ffmpeg ENOENT
https://video.twimg.com/amplify_video/2000792987589136395/vid/avc1/1080x1920/cvOeyO-gIsApuKAv.mp4	spawn ffmpeg ENOENT
https://video.twimg.com/amplify_video/1999354863973441544/vid/avc1/1080x1920/bJp57IMOrLitzCRR.mp4	spawn ffmpeg ENOENT
https://video.twimg.com/amplify_video/1998973990627639296/vid/avc1/1080x1920/gShNnGpmhWGTsIlx.mp4	spawn ffmpeg ENOENT
https://video.twimg.com/amplify_video/1998240491498766336/vid/avc1/1080x1920/khi15UDmeoEriWOA.mp4	spawn ffmpeg ENOENT
https://video.twimg.com/amplify_video/1955463233940160512/vid/avc1/1080x1920/NHPcL_B2l6Sd6_Hk.mp4	spawn ffmpeg ENOENT
https://video.twimg.com/amplify_video/2001917890442788864/vid/avc1/1080x1920/5OZgGsea4bhguVQq.mp4	spawn ffmpeg ENOENT
https://video.twimg.com/amplify_video/1957185577280749568/vid/avc1/1080x1920/OMy-Ap0p_2bBjj-y.mp4	spawn ffmpeg ENOENT
https://video.twimg.com/amplify_video/1938455675165671424/vid/avc1/1080x1920/I0ZUyWn7k7YoXUkK.mp4	spawn ffmpeg ENOENT
https://video.twimg.com/amplify_video/1991679511918747648/vid/avc1/1080x1920/nRodEqsxZNtLDvAg.mp4	spawn ffmpeg ENOENT
https://video.twimg.com/amplify_video/1942808711421886464/vid/avc1/1080x1920/zmGkeCJKfTsgG178.mp4	spawn ffmpeg ENOENT
https://video.twimg.com/amplify_video/1951522469245747200/vid/avc1/1080x1920/BLS7k6WAXuMqdnhV.mp4	spawn ffmpeg ENOENT
https://video.twimg.com/amplify_video/1990998199528562688/vid/avc1/1080x1920/m7khco8OHHftULyG.mp4	spawn ffmpeg ENOENT
https://video.twimg.com/amplify_video/1990638423380787200/vid/avc1/1080x1920/Dnv7Yl4nQTQpwofB.mp4	spawn ffmpeg ENOENT
https://video.twimg.com/amplify_video/1989881126534397952/vid/avc1/1080x1920/H8aNOJD9YKmHxLp1.mp4	spawn ffmpeg ENOENT
https://video.twimg.com/amplify_video/2007689809087627264/vid/avc1/1080x1920/ROYVUhybebPBrKZt.mp4	spawn ffmpeg ENOENT
https://video.twimg.com/amplify_video/2007669791675277312/vid/avc1/1080x1920/UmuOk6L2n03T3oOZ.mp4	spawn ffmpeg ENOENT
https://video.twimg.com/amplify_video/1988818650443153408/vid/avc1/1080x1920/VhrtoymAJAeM0-_c.mp4	spawn ffmpeg ENOENT
https://video.twimg.com/amplify_video/2015994377240215552/vid/avc1/1080x1920/iKRNSchJVSfA-qiM.mp4	spawn ffmpeg ENOENT
https://video.twimg.com/amplify_video/1987729112111452160/vid/avc1/1080x1920/SbXmyXs4m1FECiQ3.mp4	spawn ffmpeg ENOENT
https://video.twimg.com/amplify_video/1930864248181202944/vid/avc1/1080x1920/sAMlo2ebZSEd1h4v.mp4	spawn ffmpeg ENOENT
https://video.twimg.com/amplify_video/1900769421569699840/vid/avc1/1080x1920/ZpVp8rWFSF1EGdTQ.mp4	spawn ffmpeg ENOENT
https://video.twimg.com/amplify_video/1988100043866288129/vid/avc1/1080x1920/q0mOMuMl58W1bqhj.mp4	spawn ffmpeg ENOENT
https://video.twimg.com/amplify_video/1925797468878319617/vid/avc1/1080x1920/uA3i7fTYVjF3srpm.mp4	spawn ffmpeg ENOENT
https://video.twimg.com/amplify_video/1977935921421963264/vid/avc1/1080x1920/3GX_fNH5ee_c02wm.mp4	spawn ffmpeg ENOENT
https://video.twimg.com/amplify_video/2016339916909682688/vid/avc1/1080x1920/9H9MkRwTltxfovjy.mp4	spawn ffmpeg ENOENT
https://video.twimg.com/amplify_video/1986667588265398272/vid/avc1/1080x1920/r1i6_emEZ26UOZdv.mp4	spawn ffmpeg ENOENT
https://video.twimg.com/amplify_video/1986667493679648768/vid/avc1/1080x1920/fqEbYTK__T_oNXRS.mp4	spawn ffmpeg ENOENT
https://video.twimg.com/amplify_video/1985553853798809601/vid/avc1/1080x1920/kiY0nz7phstKiqlY.mp4	spawn ffmpeg ENOENT
https://video.twimg.com/amplify_video/1984508702812999680/vid/avc1/1080x1920/aT8ckyO93haFRzDH.mp4	spawn ffmpeg ENOENT
https://video.twimg.com/amplify_video/1981567913451794432/vid/avc1/1080x1920/7LYmVqPzsrygdG4a.mp4	spawn ffmpeg ENOENT
https://video.twimg.com/amplify_video/1983009530309935104/vid/avc1/1080x1920/-z8b7rNak3QAHSHX.mp4	spawn ffmpeg ENOENT
https://video.twimg.com/amplify_video/1926018548003913729/vid/avc1/1080x1920/ipSfR-BgChIPXanD.mp4	spawn ffmpeg ENOENT
https://video.twimg.com/amplify_video/1981567871127064576/vid/avc1/1080x1920/XMAPKG5oQBUCdEL8.mp4	spawn ffmpeg ENOENT
https://video.twimg.com/amplify_video/1978490973316407296/vid/avc1/1080x1920/vIwH0J7tDU7YlNcD.mp4	spawn ffmpeg ENOENT
https://video.twimg.com/amplify_video/1922515791225712640/vid/avc1/1080x1920/VF7uMJ4JSPdwhab1.mp4	spawn ffmpeg ENOENT
https://video.twimg.com/amplify_video/1976128919406305280/vid/avc1/1080x1920/qECiy3Hk_uyUt2QH.mp4	spawn ffmpeg ENOENT
https://video.twimg.com/amplify_video/1976126789702291456/vid/avc1/1080x1920/3CTUcevf6o-RsVJk.mp4	spawn ffmpeg ENOENT
https://video.twimg.com/amplify_video/1966320416177147904/vid/avc1/1080x1920/jaSIw5hFx6AfYfEY.mp4	spawn ffmpeg ENOENT
https://video.twimg.com/amplify_video/1844182261463236627/vid/avc1/1080x1920/XLiVLaH6CYo8zq2V.mp4	spawn ffmpeg ENOENT
https://video.twimg.com/amplify_video/1969968891498569728/vid/avc1/1080x1920/UleLnTqBE_6CzksN.mp4	spawn ffmpeg ENOENT
https://video.twimg.com/amplify_video/1933384215074123776/vid/avc1/1080x1920/jlpP-c5LDFkFICq3.mp4	spawn ffmpeg ENOENT
https://video.twimg.com/amplify_video/1975377350620594176/vid/avc1/1080x1920/k7lHzajIwBLGYuU4.mp4	spawn ffmpeg ENOENT
https://video.twimg.com/amplify_video/2020381884350373888/vid/avc1/1080x1920/3W91ZhLs38XaRuL0.mp4	spawn ffmpeg ENOENT
https://video.twimg.com/amplify_video/2018187462577737728/vid/avc1/1080x1920/h-RUfVeRxV1vy7Mr.mp4	spawn ffmpeg ENOENT
https://video.twimg.com/amplify_video/1969241029153869824/vid/avc1/1080x1920/hr2ezk6SZZMeGp-n.mp4	spawn ffmpeg ENOENT
https://video.twimg.com/amplify_video/1971436200893280256/vid/avc1/1080x1920/g7OU5-eZHe6nG3wU.mp4	spawn ffmpeg ENOENT
https://video.twimg.com/amplify_video/1959838861061750784/vid/avc1/1080x1920/WeThP8bZQXJP8Et2.mp4	spawn ffmpeg ENOENT
https://video.twimg.com/amplify_video/1952920215030759424/vid/avc1/1080x1920/fXD2IWKYQV_r_ReV.mp4	spawn ffmpeg ENOENT
https://video.twimg.com/amplify_video/2022170631119237120/vid/avc1/1080x1920/yDx85kY53tHrjhlC.mp4	spawn ffmpeg ENOENT
https://video.twimg.com/amplify_video/1947863867041644545/vid/avc1/1080x1920/SCXLhOPeayLliV_2.mp4	spawn ffmpeg ENOENT
https://video.twimg.com/amplify_video/1935122659777335298/vid/avc1/1080x1920/-0aQwe18CKpuW1Xa.mp4	spawn ffmpeg ENOENT
https://video.twimg.com/amplify_video/1932643138838892544/vid/avc1/1080x1920/yxioZXZOzZb91r99.mp4	spawn ffmpeg ENOENT
https://video.twimg.com/amplify_video/1981193018859294720/vid/avc1/1080x1920/Xw6L7g39J7S3t-CU.mp4	spawn ffmpeg ENOENT
https://video.twimg.com/amplify_video/2021382930258395136/vid/avc1/1080x1920/FWYzADCMC-hF1yqQ.mp4	spawn ffmpeg ENOENT
https://video.twimg.com/amplify_video/1917783702253256704/vid/avc1/1080x1920/VWYXAwjF4NPyzyjd.mp4	spawn ffmpeg ENOENT
https://video.twimg.com/amplify_video/1978310177162985472/vid/avc1/1080x1920/Z4KngDoLsizlspkP.mp4	spawn ffmpeg ENOENT
https://video.twimg.com/amplify_video/1967411876846833664/vid/avc1/1080x1920/pu7qRkaVWwJbjhJ9.mp4	spawn ffmpeg ENOENT
https://video.twimg.com/amplify_video/1978319822329954304/vid/avc1/1080x1920/CHo-E1HMW2YkYPb-.mp4	spawn ffmpeg ENOENT
https://video.twimg.com/amplify_video/1958023003398127616/vid/avc1/1080x1920/FrfRFCxExzsl6F45.mp4	spawn ffmpeg ENOENT
https://video.twimg.com/amplify_video/1977948105380126720/vid/avc1/1080x1920/YN02LOZMUYoG1WC9.mp4	spawn ffmpeg ENOENT
https://video.twimg.com/amplify_video/1976123417431605248/vid/avc1/1080x1920/Ns40IqUC4veLUiRR.mp4	spawn ffmpeg ENOENT
https://video.twimg.com/amplify_video/1991720951407325184/vid/avc1/1080x1920/Uv7IM4sJD74mQHtL.mp4	spawn ffmpeg ENOENT
https://video.twimg.com/amplify_video/1905480511889293312/vid/avc1/1080x1920/uIOFJxP7mVK3qiEP.mp4	spawn ffmpeg ENOENT
https://video.twimg.com/amplify_video/1982927817181368320/vid/avc1/1080x1920/e8TkhXe5bRdLEYmu.mp4	spawn ffmpeg ENOENT
https://video.twimg.com/amplify_video/1989179530502672384/vid/avc1/1080x1920/qfdUGSYMyAYtFDm4.mp4	spawn ffmpeg ENOENT
https://video.twimg.com/amplify_video/1905484259105607680/vid/avc1/720x1280/x6X8QwCrahDhuuVZ.mp4	spawn ffmpeg ENOENT
https://video.twimg.com/amplify_video/1988816919034527744/vid/avc1/1080x1920/P84Dpvd2CLi0DKtg.mp4	spawn ffmpeg ENOENT
https://video.twimg.com/amplify_video/1885199951073824768/vid/avc1/1080x1920/o3Wjd3RjMdeLupOt.mp4	spawn ffmpeg ENOENT
https://video.twimg.com/amplify_video/1883036261000368128/vid/avc1/1080x1920/Gq0JinJxIdf3Og5p.mp4	spawn ffmpeg ENOENT
https://video.twimg.com/amplify_video/1934819560814755840/vid/avc1/1080x1920/JNgjerlkOIpmKMOl.mp4	spawn ffmpeg ENOENT
https://video.twimg.com/amplify_video/1935197524236587008/vid/avc1/1080x1920/dAXf1S0igRpy2y5J.mp4	spawn ffmpeg ENOENT
https://video.twimg.com/amplify_video/1924669119971860480/vid/avc1/1080x1920/YdD1qwh1PCPk0qU-.mp4	spawn ffmpeg ENOENT
https://video.twimg.com/amplify_video/1969751792352153600/vid/avc1/1080x1920/V4RZgvNf_qSX07ea.mp4	spawn ffmpeg ENOENT
https://video.twimg.com/amplify_video/1895748421916459008/vid/avc1/1080x1920/Thk_fJHtQwFIYZis.mp4	spawn ffmpeg ENOENT
https://video.twimg.com/amplify_video/1985213321507704832/vid/avc1/1080x1920/UbRw0l7RRJOSigG1.mp4	spawn ffmpeg ENOENT
https://video.twimg.com/amplify_video/1971059756736372736/vid/avc1/1080x1920/XMGijmbRRrQws6n-.mp4	spawn ffmpeg ENOENT
https://video.twimg.com/amplify_video/1970692084077150208/vid/avc1/1080x1920/HRy5KVm_icmN22io.mp4	spawn ffmpeg ENOENT
https://video.twimg.com/amplify_video/2002268606189510657/vid/avc1/1080x1920/cscM6zbf-tKBqnSv.mp4	spawn ffmpeg ENOENT
https://video.twimg.com/amplify_video/2022170675121631232/vid/avc1/1080x1920/tLkHqRkUX3NU0QJb.mp4	spawn ffmpeg ENOENT
https://video.twimg.com/amplify_video/1925803335375818753/vid/avc1/1080x1920/IKB6ISRV-ZELjngY.mp4	spawn ffmpeg ENOENT
https://video.twimg.com/amplify_video/1997084785978621952/vid/avc1/1080x1920/GLhJgefNOa_3dyTM.mp4	spawn ffmpeg ENOENT
https://video.twimg.com/amplify_video/1711145601625178112/vid/avc1/1080x1920/ip_y8fBf7aoANual.mp4	spawn ffmpeg ENOENT
https://video.twimg.com/amplify_video/1925781298733252608/vid/avc1/1080x1920/8oQ9bDykno1e5bAT.mp4	spawn ffmpeg ENOENT
https://video.twimg.com/amplify_video/2031211656005423104/pl/pf2XAkLOuOOEN_Tv.m3u8?variant_version=3&tag=21	spawn ffmpeg ENOENT
https://video.twimg.com/amplify_video/2032563706417086464/pl/_1vCbF18hTrhJY1j.m3u8?variant_version=3&tag=21	spawn ffmpeg ENOENT
https://video.twimg.com/amplify_video/2033037561417850880/pl/8VjwPDwkHuDQjun6.m3u8?variant_version=3&tag=21	spawn ffmpeg ENOENT
https://video.twimg.com/amplify_video/2034114112284688384/pl/R4ScwEZxW5gOyIew.m3u8?variant_version=3&tag=21	spawn ffmpeg ENOENT
https://video.twimg.com/amplify_video/2033284605676056576/pl/BBQoxxz12URe9esy.m3u8?variant_version=3&tag=21	spawn ffmpeg ENOENT
https://video.twimg.com/amplify_video/2028329411083149312/pl/8GZBY9aLZ2NCnRO9.m3u8?variant_version=3&tag=21	spawn ffmpeg ENOENT
https://video.twimg.com/amplify_video/2030840695276101633/pl/JH4c0QYg4P4ddKhZ.m3u8?variant_version=3&tag=21	spawn ffmpeg ENOENT
https://video.twimg.com/amplify_video/2030660444537409536/pl/zmY-596nhrBbCYJj.m3u8?variant_version=3&tag=21	spawn ffmpeg ENOENT
https://video.twimg.com/amplify_video/2027895624150994944/pl/I5yZDfKMH-5KP4SZ.m3u8?variant_version=3&tag=21	spawn ffmpeg ENOENT
https://video.twimg.com/amplify_video/2029805546124046336/pl/4AYCavYYD71i6MIc.m3u8?variant_version=3&tag=21	spawn ffmpeg ENOENT
https://video.twimg.com/amplify_video/2032279254876971009/pl/wl-Ion7ymPnN2QX-.m3u8?variant_version=3&tag=21	spawn ffmpeg ENOENT
https://video.twimg.com/amplify_video/2029046378781941760/pl/ksd8pJBYlnhnDode.m3u8?variant_version=3&tag=21	spawn ffmpeg ENOENT
https://video.twimg.com/amplify_video/2029429636459909121/pl/FiKBDiH0XJzL3pFh.m3u8?variant_version=3&tag=21	spawn ffmpeg ENOENT
https://video.twimg.com/amplify_video/2029433313794871296/pl/qbNYx1MMWtM6sLWT.m3u8?variant_version=3&tag=21	spawn ffmpeg ENOENT
https://video.twimg.com/amplify_video/2023615807083999236/pl/PZ4LuJk1HPgmFOg6.m3u8?variant_version=3&tag=21	spawn ffmpeg ENOENT
https://video.twimg.com/amplify_video/2023630132951584768/pl/Hfpfyp4CZs_x2Lts.m3u8?variant_version=3&tag=21	spawn ffmpeg ENOENT
https://video.twimg.com/amplify_video/2024349608231784452/pl/9lWIKjzL-2NNXfVa.m3u8?variant_version=3&tag=21	spawn ffmpeg ENOENT
https://video.twimg.com/amplify_video/2024726661619470336/pl/IU2o_j_Pj0sLQRJB.m3u8?variant_version=3&tag=21	spawn ffmpeg ENOENT
https://video.twimg.com/amplify_video/2025472581273620480/pl/S45Cy7cednynoqpk.m3u8?variant_version=3&tag=21	spawn ffmpeg ENOENT
https://video.twimg.com/amplify_video/2021090531078500353/pl/ugVaQmdlPTHeDNad.m3u8?variant_version=3&tag=21	spawn ffmpeg ENOENT
https://video.twimg.com/amplify_video/2021382930258395136/pl/ddOGN0fRCo29gbBY.m3u8?variant_version=3&tag=21	spawn ffmpeg ENOENT
https://video.twimg.com/amplify_video/2022170675121631232/pl/Pqk0IyH7ry-kBkjw.m3u8?variant_version=3&tag=21	spawn ffmpeg ENOENT
https://video.twimg.com/amplify_video/1998171530337951744/pl/i5uGHXgiov88vg1v.m3u8?variant_version=3&tag=21	spawn ffmpeg ENOENT
https://video.twimg.com/amplify_video/2025105273283903494/pl/3ij_skJ96uTb-Dyd.m3u8?variant_version=3&tag=21	spawn ffmpeg ENOENT
https://video.twimg.com/amplify_video/2025475232459620353/pl/Ry4FAFGnwRapeyim.m3u8?variant_version=3&tag=21	spawn ffmpeg ENOENT
https://video.twimg.com/amplify_video/2025475287174316033/pl/lVulHVPw1QEJ746N.m3u8?variant_version=3&tag=21	spawn ffmpeg ENOENT
https://video.twimg.com/amplify_video/2026487121771376640/pl/sHjaL1-GKKOxu4Fd.m3u8?variant_version=3&tag=21	spawn ffmpeg ENOENT
https://video.twimg.com/amplify_video/2027243715056504832/pl/9lvlIfw8OU77rMtq.m3u8?variant_version=3&tag=21	spawn ffmpeg ENOENT
https://video.twimg.com/amplify_video/2027626076026114052/pl/DfmMToe7AM3csWeJ.m3u8?variant_version=3&tag=21	spawn ffmpeg ENOENT
https://video.twimg.com/amplify_video/2027994688397905921/pl/Xj26G38lbBV7OOm9.m3u8?variant_version=3&tag=21	spawn ffmpeg ENOENT
https://video.twimg.com/amplify_video/2028699202356731904/pl/wFmIXoA7IGr2Kpg-.m3u8?variant_version=3&tag=21	spawn ffmpeg ENOENT
https://video.twimg.com/amplify_video/2031594054928977920/pl/P2mhh8x9x-jsUx2n.m3u8?variant_version=3&tag=21	spawn ffmpeg ENOENT
https://video.twimg.com/amplify_video/2031598533225091072/pl/eS3oG7N_6dssqzuF.m3u8?variant_version=3&tag=21	spawn ffmpeg ENOENT
https://video.twimg.com/amplify_video/2034857211017474048/pl/gu0HduBwjP0JC5x0.m3u8?variant_version=3&tag=21	spawn ffmpeg ENOENT
https://video.twimg.com/amplify_video/2034857298296799232/pl/Wn2tqRDR_0fwYBtX.m3u8?variant_version=3&tag=21	spawn ffmpeg ENOENT
https://video.twimg.com/amplify_video/2034857349685329920/pl/KQ0hDE_LULsJ9FUq.m3u8?variant_version=3&tag=21	spawn ffmpeg ENOENT
https://video.twimg.com/amplify_video/2028257984602636288/pl/wtdlHbC5bvYLQGl_.m3u8?variant_version=3&tag=21	spawn ffmpeg ENOENT
https://video.twimg.com/amplify_video/2036645029184249856/pl/8k5NZXtubrSFaGHq.m3u8?variant_version=3&tag=21	spawn ffmpeg ENOENT
https://video.twimg.com/amplify_video/2036645095210901507/pl/ckjxqoGOKvIIeoyx.m3u8?variant_version=3&tag=21	spawn ffmpeg ENOENT
https://video.twimg.com/amplify_video/2037389799175131136/pl/eA7mwn05QUNwP-uK.m3u8?variant_version=3&tag=21	spawn ffmpeg ENOENT
https://video.twimg.com/amplify_video/2037392628350660608/pl/SMgmK35bb3osmy-V.m3u8?variant_version=3&tag=21	spawn ffmpeg ENOENT
https://video.twimg.com/amplify_video/2038470794070687744/pl/XCVMDOiGddX3y0Al.m3u8?variant_version=3&tag=21	spawn ffmpeg ENOENT
https://video.twimg.com/amplify_video/2038474115867090944/pl/qPsCW0mPPA-IbIxl.m3u8?variant_version=3&tag=21	spawn ffmpeg ENOENT
https://video.twimg.com/amplify_video/2038474256305000448/pl/n-q_jgexttaUIa25.m3u8?variant_version=3&tag=21	spawn ffmpeg ENOENT
https://video.twimg.com/amplify_video/2039555444088147968/pl/4YF1IdE6TolSS7-T.m3u8?tag=21&variant_version=3	spawn ffmpeg ENOENT
https://video.twimg.com/amplify_video/2039938374803353600/pl/HfViSgYdetLxFokt.m3u8?tag=21&variant_version=3	spawn ffmpeg ENOENT
https://video.twimg.com/amplify_video/2040320294506663936/pl/-mshZAktyG88O9So.m3u8?tag=21&variant_version=3	spawn ffmpeg ENOENT
https://video.twimg.com/amplify_video/2041011685939707904/pl/U7PhrSuN3OM0x-eQ.m3u8?tag=21&variant_version=3	spawn ffmpeg ENOENT
https://video.twimg.com/amplify_video/2041332995794096128/pl/K7Y7QBF0xzWQhXjN.m3u8?tag=21&variant_version=3	spawn ffmpeg ENOENT
https://video.twimg.com/amplify_video/2039938416037470208/pl/Q8VISkJ4aWEuuU53.m3u8?tag=21&variant_version=3	spawn ffmpeg ENOENT
https://video.twimg.com/amplify_video/2042093769353232384/pl/i077zz2me7KNg3FF.m3u8?tag=21&variant_version=3	spawn ffmpeg ENOENT
https://video.twimg.com/amplify_video/2042097790063366144/pl/FanlU7BEwE28m1Es.m3u8?tag=21&variant_version=3	spawn ffmpeg ENOENT
https://video.twimg.com/amplify_video/2042102889326505984/pl/c9n8QZyRu6FXlx3F.m3u8?tag=21&variant_version=3	spawn ffmpeg ENOENT
https://video.twimg.com/amplify_video/2042102934494965761/pl/RtNO2fxWz-dIuFKQ.m3u8?tag=21&variant_version=3	spawn ffmpeg ENOENT
https://video.twimg.com/amplify_video/2043902953048662016/pl/-uRAcbvRaM1FN1li.m3u8?tag=21&variant_version=3	spawn ffmpeg ENOENT
https://video.twimg.com/amplify_video/2044264323388977154/pl/681vyUmKug3yR01E.m3u8?tag=21&variant_version=3	spawn ffmpeg ENOENT
https://video.twimg.com/amplify_video/2044632179024572418/pl/agE9qS2i7jPQRf7C.m3u8?tag=21&variant_version=3	spawn ffmpeg ENOENT
https://video.twimg.com/amplify_video/2045153004630990848/pl/5eqwJEUBM2SNYLu7.m3u8?tag=21&variant_version=3	spawn ffmpeg ENOENT
https://video.twimg.com/amplify_video/2045350579141017600/pl/2GMT3uMNIBAS6dIE.m3u8?tag=21&variant_version=3	spawn ffmpeg ENOENT
https://video.twimg.com/amplify_video/2045741158161416192/pl/n7SOmlIpi8qHS8ky.m3u8?tag=21&variant_version=3	spawn ffmpeg ENOENT
https://video.twimg.com/amplify_video/2045738083237392384/pl/uIYE2PtYLX6Ppv3b.m3u8?tag=21&variant_version=3	spawn ffmpeg ENOENT
https://video.twimg.com/amplify_video/2046397282736640000/pl/wtZrtzYpAnTzZO1L.m3u8?tag=21&variant_version=3	spawn ffmpeg ENOENT
https://video.twimg.com/amplify_video/2046802297158815744/pl/IbsfF73EU1mW_GSA.m3u8?tag=21&variant_version=1	spawn ffmpeg ENOENT
https://video.twimg.com/amplify_video/2047163522446999552/pl/haTsl7yQo-j69m6L.m3u8?tag=21&variant_version=1	spawn ffmpeg ENOENT
https://video.twimg.com/amplify_video/2047530121037336576/pl/bXPSdrP9P6B0xt34.m3u8?tag=21&variant_version=1	spawn ffmpeg ENOENT
https://video.twimg.com/amplify_video/2047541531285037056/pl/E5bFcz0YAYQT99jz.m3u8?tag=21&variant_version=1	spawn ffmpeg ENOENT
https://video.twimg.com/amplify_video/1942428464872652800/pl/Fz7EUwCq0T_CrQr9.m3u8?tag=21&variant_version=1	spawn ffmpeg ENOENT
https://video.twimg.com/amplify_video/2047541581264080896/pl/_vKbg7a9Xr7gBwnn.m3u8?tag=21&variant_version=1	spawn ffmpeg ENOENT
https://video.twimg.com/amplify_video/2047541657848160256/pl/-QgrnY2aIGKGx1e6.m3u8?tag=21&variant_version=1	spawn ffmpeg ENOENT
https://video.twimg.com/amplify_video/2047541682917298176/pl/34f6wAcucnZFFHJK.m3u8?tag=21&variant_version=1	spawn ffmpeg ENOENT
https://video.twimg.com/amplify_video/2047548157609865217/pl/HtOpmdK9af0Mxzk_.m3u8?tag=21&variant_version=1	spawn ffmpeg ENOENT
https://video.twimg.com/amplify_video/2047548304200794113/pl/i66NggphH1FVkrbj.m3u8?tag=21&variant_version=1	spawn ffmpeg ENOENT
https://video.twimg.com/amplify_video/2047548505347035136/pl/6Ukb6lRgtcIVu9Iy.m3u8?tag=21&variant_version=1	spawn ffmpeg ENOENT
https://video.twimg.com/amplify_video/2047552098380705792/pl/IsT3buXqMfdOIklD.m3u8?tag=21&variant_version=1	spawn ffmpeg ENOENT
https://video.twimg.com/amplify_video/2051489887585456130/pl/4WPO3eQ4S1tP4i1e.m3u8?tag=27&variant_version=1	spawn ffmpeg ENOENT
https://video.twimg.com/amplify_video/2052008446182965253/pl/g1kyh2pCLYqf1YWB.m3u8?tag=27&variant_version=1	spawn ffmpeg ENOENT
https://video.twimg.com/amplify_video/2052224329996288004/pl/5RYjOzv_NbTIhUsq.m3u8?tag=27&variant_version=1	spawn ffmpeg ENOENT
https://video.twimg.com/amplify_video/2052588220253110272/pl/z8DHYXJwmV8peFBV.m3u8?tag=27&variant_version=1	spawn ffmpeg ENOENT
https://video.twimg.com/amplify_video/2052951523173269506/pl/Iktw-8DgbUYQfClu.m3u8?tag=27&variant_version=1	spawn ffmpeg ENOENT
https://video.twimg.com/amplify_video/2053339511157825542/pl/9sgJ_mPr0qcRO4Gs.m3u8?tag=27&variant_version=1	spawn ffmpeg ENOENT
https://video.twimg.com/amplify_video/2053689051979321344/pl/gOIVFpri1v304klc.m3u8?tag=27&variant_version=1	spawn ffmpeg ENOENT
https://video.twimg.com/amplify_video/2053689092383150080/pl/E9vuQBvvPSL_1oGM.m3u8?tag=27&variant_version=1	spawn ffmpeg ENOENT
https://video.twimg.com/amplify_video/2054422768851021824/pl/TrDUZaqcz9_RRQcr.m3u8?tag=27&variant_version=1	spawn ffmpeg ENOENT
https://video.twimg.com/amplify_video/2054783429649047552/pl/whQlhceGQu4kLX0E.m3u8?tag=27&variant_version=1	spawn ffmpeg ENOENT
https://video.twimg.com/amplify_video/2055079889598918656/pl/AszqH2nEO2wJr996.m3u8?tag=27&variant_version=1	spawn ffmpeg ENOENT
https://video.twimg.com/amplify_video/2055529693072302080/pl/h-XbeaFanTPREnDk.m3u8?tag=27&variant_version=1	spawn ffmpeg ENOENT
https://video.twimg.com/amplify_video/2055878274815758336/pl/ROH3Oeop7TSL2teo.m3u8?tag=27&variant_version=1	spawn ffmpeg ENOENT
https://video.twimg.com/amplify_video/2056242144806129664/pl/x-o6y7mZYaBa7WY9.m3u8?tag=27&variant_version=1	spawn ffmpeg ENOENT
https://video.twimg.com/amplify_video/2056569716190187520/pl/r-QEHHm8pK4qBE3Z.m3u8?tag=27&variant_version=1	spawn ffmpeg ENOENT
https://video.twimg.com/amplify_video/2056930706865958913/pl/LCod0MFvj-UL4uhm.m3u8?tag=27&variant_version=1	spawn ffmpeg ENOENT
https://video.twimg.com/amplify_video/2057471854185746433/pl/IYm78_9329wxXr7w.m3u8?tag=27&variant_version=1	spawn ffmpeg ENOENT
https://video.twimg.com/amplify_video/2057695102059880448/pl/TmAMfrpCIYJLIoxu.m3u8?tag=27&variant_version=1	spawn ffmpeg ENOENT
https://video.twimg.com/amplify_video/2057700604013621248/pl/9Y65sI79l-4VkCDo.m3u8?tag=27&variant_version=1	spawn ffmpeg ENOENT
https://video.twimg.com/amplify_video/2057828196318326784/pl/1MZosKLP5gUnYjuS.m3u8?tag=27&variant_version=1	spawn ffmpeg ENOENT
https://video.twimg.com/amplify_video/2061647160395882496/pl/QDI8drQAer-VVUmF.m3u8?tag=27&variant_version=1	spawn ffmpeg ENOENT
https://video.twimg.com/amplify_video/2062010686218309632/pl/tGmJ_R6wVJvvRLQP.m3u8?tag=27&variant_version=1	spawn ffmpeg ENOENT
https://video.twimg.com/amplify_video/2062378316019957760/pl/mNzM6dkKktnooLAK.m3u8?tag=27&variant_version=1	spawn ffmpeg ENOENT
https://video.twimg.com/amplify_video/2063474654187298816/pl/JX8ROu7VImQ067cd.m3u8?tag=27&variant_version=1	spawn ffmpeg ENOENT
https://video.twimg.com/amplify_video/2063843573163032576/pl/MxI0kb6Gm4v8cnNm.m3u8?tag=27&variant_version=1	spawn ffmpeg ENOENT
https://video.twimg.com/amplify_video/2064554118794883072/pl/3Pj42vtlXix0OCLn.m3u8?tag=27&variant_version=1	spawn ffmpeg ENOENT
https://video.twimg.com/amplify_video/2064927359275544576/pl/e4ivTCMo9iVNMnOw.m3u8?tag=27&variant_version=1	spawn ffmpeg ENOENT
https://video.twimg.com/amplify_video/2064927279797633024/pl/xebL0n2kLeZMznoX.m3u8?tag=27&variant_version=1	spawn ffmpeg ENOENT
https://video.twimg.com/amplify_video/2066367937032679424/pl/TcWbPolJ3ufbJroq.m3u8?tag=27&variant_version=1	spawn ffmpeg ENOENT
https://video.twimg.com/amplify_video/2067100982979244032/pl/OrHUM3mqjw7_n8Fw.m3u8?tag=28&variant_version=1	spawn ffmpeg ENOENT
https://video.twimg.com/amplify_video/2067821021361483776/pl/T6uMs-QznT5xGQOn.m3u8?tag=28&variant_version=1	spawn ffmpeg ENOENT
https://video.twimg.com/amplify_video/2068184230367301632/pl/mirtbklJOKOP4s4Y.m3u8?tag=28&variant_version=1	spawn ffmpeg ENOENT
https://video.twimg.com/amplify_video/2068905354579128320/pl/RVaYux3BGxmHQ42P.m3u8?tag=28&variant_version=1	spawn ffmpeg ENOENT
https://video.twimg.com/amplify_video/2069616265011085312/pl/7_d4c0melWaKn16-.m3u8?tag=28&variant_version=1	spawn ffmpeg ENOENT
https://video.twimg.com/amplify_video/2070355561695117312/pl/D00kSTXRT7j52IoE.m3u8?tag=28&variant_version=1	spawn ffmpeg ENOENT
https://video.twimg.com/amplify_video/2070714536542289920/pl/tG4eRQIU6XF77X5J.m3u8?tag=28&variant_version=1	spawn ffmpeg ENOENT
https://video.twimg.com/amplify_video/2071436503146807296/pl/nJlo2ybh2NzXrxPi.m3u8?tag=28&variant_version=1	spawn ffmpeg ENOENT
https://video.twimg.com/amplify_video/2072891176538058752/pl/9Tuk0qGUPgF3gaOk.m3u8?tag=28&variant_version=1	spawn ffmpeg ENOENT
https://video.twimg.com/amplify_video/2073185054042243072/pl/EmUIh1B-fLUZLkh7.m3u8?tag=28&variant_version=1	spawn ffmpeg ENOENT
https://video.twimg.com/amplify_video/2073924863987679232/pl/mjGwbG-HnabnglJP.m3u8?tag=28&variant_version=1	spawn ffmpeg ENOENT
https://video.twimg.com/amplify_video/2074718147379122176/pl/RwAKLY6aV22UVtPh.m3u8?tag=28&variant_version=1	spawn ffmpeg ENOENT
https://video.twimg.com/ext_tw_video/1798811943957925888/pu/pl/5Pphcp6xJcV_PXIM.m3u8?tag=14&variant_version=1	spawn ffmpeg ENOENT
https://video.twimg.com/amplify_video/1946744945747869697/pl/5MUQBmtf2Rat-Uk6.m3u8?tag=21&variant_version=1	spawn ffmpeg ENOENT
https://video.twimg.com/amplify_video/1946743209629040640/vid/avc1/1080x1920/eQRNJzE_kJbTL-nG.mp4	spawn ffmpeg ENOENT
https://video.twimg.com/amplify_video/1946743833124909056/pl/khOdOTLbJCd3qeg6.m3u8?tag=21&variant_version=3	spawn ffmpeg ENOENT
https://video.twimg.com/amplify_video/2017376720597225472/pl/F6lRBjqB4-Fffe8r.m3u8?variant_version=3&tag=21	spawn ffmpeg ENOENT
https://video.twimg.com/amplify_video/1946748895301640192/vid/avc1/1080x1350/M5U4ok1beYGbj2M4.mp4	spawn ffmpeg ENOENT
https://video.twimg.com/amplify_video/2017393055272206336/pl/0Bqqx5S_TppPWn1v.m3u8?tag=21&variant_version=1	spawn ffmpeg ENOENT
https://video.twimg.com/amplify_video/2017382236824182785/pl/TqQKERPXuc3KTZ7J.m3u8?tag=21&variant_version=1	spawn ffmpeg ENOENT
https://video.twimg.com/amplify_video/2017373808882049024/pl/Y3kSjCuVEYq8Ue-w.m3u8?tag=21&variant_version=1	spawn ffmpeg ENOENT
https://video.twimg.com/amplify_video/2017383313288081408/pl/nWLlAv8jJ1AdROSM.m3u8?tag=21&variant_version=1	spawn ffmpeg ENOENT
https://video.twimg.com/amplify_video/1910324861450285056/pl/rw4PPIxLuacXXZ-6.m3u8?tag=14&variant_version=1	spawn ffmpeg ENOENT
https://video.twimg.com/amplify_video/2017395009952047104/pl/_hKd9qavUMHfG0q6.m3u8?tag=21&variant_version=1	spawn ffmpeg ENOENT
https://video.twimg.com/amplify_video/1946743833124909056/pl/khOdOTLbJCd3qeg6.m3u8?tag=21&variant_version=1	spawn ffmpeg ENOENT
https://video.twimg.com/amplify_video/2017395441319448576/pl/EC8_1G0-wTMpL43e.m3u8?tag=21&variant_version=1	spawn ffmpeg ENOENT
https://video.twimg.com/amplify_video/1659208107040571392/vid/720x1066/YkgcyrMCn16D6kDU.mp4	spawn ffmpeg ENOENT
https://video.twimg.com/amplify_video/1953194268249751552/vid/avc1/1300x1920/sAL9RMdwlncHoV3j.mp4	spawn ffmpeg ENOENT
https://video.twimg.com/amplify_video/1957484938355408896/vid/avc1/1080x1920/T1DcgOG2q3n5HLYx.mp4	spawn ffmpeg ENOENT
https://video.twimg.com/amplify_video/1930311175956508677/vid/avc1/1300x1920/m_5a13k3JGzLOxcj.mp4	spawn ffmpeg ENOENT
https://video.twimg.com/amplify_video/1944074157626732547/vid/avc1/720x1280/mjzmpgB5e0RJ1Jhk.mp4	spawn ffmpeg ENOENT
https://video.twimg.com/amplify_video/1946740524318089216/vid/avc1/1080x1920/HgDhyvgfjRDI0c5z.mp4	spawn ffmpeg ENOENT
https://video.twimg.com/amplify_video/1994820267474890753/vid/avc1/1920x1080/xohg76HTJfsp8hWA.mp4	spawn ffmpeg ENOENT
https://video.twimg.com/ext_tw_video/1987173371893960704/pu/vid/avc1/820x720/AUGwJ090YaEcSydf.mp4	spawn ffmpeg ENOENT
https://video.twimg.com/ext_tw_video/1920910492584804352/pu/vid/avc1/464x848/F6Wc_FAk-zob5u5d.mp4	spawn ffmpeg ENOENT
https://video.twimg.com/amplify_video/2020548143277109248/vid/avc1/720x1280/OTolCoeboeeBaB08.mp4	spawn ffmpeg ENOENT
https://video.twimg.com/amplify_video/1838922450857508864/vid/avc1/1080x1920/k7UxHQOtqrU9YcgT.mp4	spawn ffmpeg ENOENT
https://video.twimg.com/amplify_video/1995354059453386752/pl/cwpP7-3bPQ0t2DY1.m3u8?tag=14&variant_version=1	spawn ffmpeg ENOENT
https://video.twimg.com/ext_tw_video/1864246183687852032/pu/vid/avc1/720x782/ml-_V4TKoOccJJR1.mp4	spawn ffmpeg ENOENT
https://video.twimg.com/amplify_video/1992256571661778944/vid/avc1/1920x1080/KVCA4eyYIpPbPGIM.mp4	spawn ffmpeg ENOENT
https://video.twimg.com/amplify_video/1899324898008236032/vid/avc1/1920x1080/kKpI5KMKPuBPXNx0.mp4	spawn ffmpeg ENOENT
https://video.twimg.com/amplify_video/1899319120023187456/vid/avc1/1080x1920/7cnvSh9LFn60a8B_.mp4	spawn ffmpeg ENOENT
https://video.twimg.com/amplify_video/1899319120891424768/vid/avc1/1080x1920/eRWL5bWYHkal9hJS.mp4	spawn ffmpeg ENOENT
https://video.twimg.com/amplify_video/1917219856274825216/vid/avc1/1080x1920/xknZk1BJk98yaf2K.mp4	spawn ffmpeg ENOENT
https://video.twimg.com/amplify_video/1953176711224299520/vid/avc1/1080x1920/2-7gu_QnSLJllsg2.mp4	spawn ffmpeg ENOENT
https://video.twimg.com/amplify_video/1924204052134420480/vid/avc1/1080x1920/R8WY12jpOP0FFlSi.mp4	spawn ffmpeg ENOENT
https://video.twimg.com/amplify_video/1857310959288852480/vid/avc1/1080x1920/TIRUVN5qQNk29ke3.mp4	spawn ffmpeg ENOENT
https://video.twimg.com/tweet_video/G8lMsLZW8AAKbBO.mp4	spawn ffmpeg ENOENT
https://video.twimg.com/tweet_video/G97Ek7YXcAAHJaW.mp4	spawn ffmpeg ENOENT
https://video.twimg.com/tweet_video/G39SrQOWoAAtEMp.mp4	spawn ffmpeg ENOENT
https://video.twimg.com/tweet_video/HAK3zIXWsAAiE5h.mp4	spawn ffmpeg ENOENT
https://video.twimg.com/ext_tw_video/1923195704266100736/pu/vid/avc1/720x1280/F-bSf-fiSScDdbh7.mp4	spawn ffmpeg ENOENT
https://video.twimg.com/amplify_video/1912553083411873792/vid/avc1/1080x1574/iwq6dJWoaHcVXnBz.mp4	spawn ffmpeg ENOENT
https://video.twimg.com/amplify_video/1903078198151147520/vid/avc1/1080x1920/aGCLqEyPC5U6nzyp.mp4	spawn ffmpeg ENOENT
https://video.twimg.com/amplify_video/1812465917881618432/vid/avc1/1920x1080/1PZ1f1G9IAObeoZs.mp4	spawn ffmpeg ENOENT
https://video.twimg.com/amplify_video/1887206173532680194/vid/avc1/1080x1920/JP6b3jSAqMKkiYu0.mp4	spawn ffmpeg ENOENT
https://video.twimg.com/amplify_video/1920511265455185920/vid/avc1/720x1280/d3UpUV8fBbFChSNc.mp4	spawn ffmpeg ENOENT
https://video.twimg.com/amplify_video/1926104796538277888/vid/avc1/720x960/56TsdVh4mcD1zDML.mp4	spawn ffmpeg ENOENT
https://video.twimg.com/ext_tw_video/1926779528514297857/pu/vid/avc1/720x1280/oGcPqmfG3IzopQCt.mp4	spawn ffmpeg ENOENT
https://video.twimg.com/amplify_video/1902767250777706498/vid/avc1/1080x1920/MM-hAH_a0432J2XM.mp4	spawn ffmpeg ENOENT
https://video.twimg.com/amplify_video/1719427968198418432/vid/avc1/720x1080/dGyObClOTAj_syf9.mp4	spawn ffmpeg ENOENT
https://video.twimg.com/amplify_video/1926325291636441088/vid/avc1/1300x1900/-7CxiDfmkLLC0jfY.mp4	spawn ffmpeg ENOENT
https://video.twimg.com/amplify_video/1924865691544358913/vid/avc1/720x1280/8B1H_i614w_0CSj7.mp4	spawn ffmpeg ENOENT
https://video.twimg.com/ext_tw_video/1924751377827237888/pu/vid/avc1/464x848/jCbQPSjCGiv0eoe8.mp4	spawn ffmpeg ENOENT
https://video.twimg.com/ext_tw_video/1907894233123426304/pu/vid/avc1/720x1280/itKo5w7ilJaseTTz.mp4	spawn ffmpeg ENOENT
https://video.twimg.com/amplify_video/1907984358587207680/vid/avc1/750x720/ZN7XQeTq7S8k4NZh.mp4	spawn ffmpeg ENOENT
https://video.twimg.com/amplify_video/1923460996556804096/vid/avc1/2160x2876/FhOy11lLfWEzQdbL.mp4	spawn ffmpeg ENOENT
https://video.twimg.com/amplify_video/1908012453650391040/vid/avc1/720x1280/O0KPE9BObvL3EJqR.mp4	spawn ffmpeg ENOENT
https://video.twimg.com/amplify_video/1922357108906823681/vid/avc1/694x1280/P4AqLPRkaVbL5ewi.mp4	spawn ffmpeg ENOENT
https://video.twimg.com/amplify_video/1903673319473524736/vid/avc1/658x1280/dVnufQRbxl9wSNVX.mp4	spawn ffmpeg ENOENT
https://video.twimg.com/ext_tw_video/1920445554594549760/pu/vid/avc1/720x1280/Mp7hXH-GW31BOrag.mp4	spawn ffmpeg ENOENT
https://video.twimg.com/amplify_video/1920521776049590273/vid/avc1/1080x1920/2_VHgdDXtLGtegFh.mp4	spawn ffmpeg ENOENT
https://video.twimg.com/ext_tw_video/1683485253606809605/pu/vid/720x1280/Rwot7U2680dwkewN.mp4	spawn ffmpeg ENOENT
https://video.twimg.com/amplify_video/1919126906722832384/vid/avc1/720x1280/PQxlrzZWM5B0P0gu.mp4	spawn ffmpeg ENOENT
https://video.twimg.com/amplify_video/1905660441487179779/vid/avc1/720x1280/odibiMRsi-HyKRDW.mp4	spawn ffmpeg ENOENT
https://video.twimg.com/amplify_video/1926716088936525824/vid/avc1/1080x1920/fP6P4gtx_p9flZf_.mp4	spawn ffmpeg ENOENT
https://video.twimg.com/amplify_video/1929994856157286400/vid/avc1/1080x1920/X3-gRS22NtmGjYmc.mp4	spawn ffmpeg ENOENT
https://video.twimg.com/amplify_video/1916368830890184704/vid/avc1/1080x1920/heNV7OE86tO4ay_W.mp4	spawn ffmpeg ENOENT
https://video.twimg.com/ext_tw_video/1855375983194386432/pu/vid/avc1/720x1280/zhoBL-7a0zK8-NlH.mp4	spawn ffmpeg ENOENT
https://video.twimg.com/amplify_video/1931218037467729920/vid/avc1/940x720/khf-iKVfuslM1Vzk.mp4	spawn ffmpeg ENOENT
https://video.twimg.com/ext_tw_video/1915705890897874944/pu/vid/avc1/720x900/i9ySkP67MKA8Bpgo.mp4	spawn ffmpeg ENOENT
https://video.twimg.com/amplify_video/1867322726072860672/vid/avc1/720x1280/J8BtdNjD7kuYFwFm.mp4	spawn ffmpeg ENOENT
https://video.twimg.com/ext_tw_video/1931540395587977216/pu/vid/avc1/464x848/oOAHfQviyzNNiDV_.mp4	spawn ffmpeg ENOENT
https://video.twimg.com/amplify_video/1931388584642433024/vid/avc1/1080x1920/xRUYVOfIz9c2F57f.mp4	spawn ffmpeg ENOENT
https://video.twimg.com/amplify_video/1931451837267267584/vid/avc1/1920x1080/QCAfWocMu4QhlbeP.mp4	spawn ffmpeg ENOENT
https://video.twimg.com/amplify_video/1941115222791766016/vid/avc1/1080x1920/quDLHhhtOuRfzAzx.mp4	spawn ffmpeg ENOENT
https://video.twimg.com/amplify_video/1954170983176089600/vid/avc1/1920x1080/a8KESGUAkDY4_mB3.mp4	spawn ffmpeg ENOENT
https://video.twimg.com/amplify_video/1936210541002825728/vid/avc1/720x1280/XeTURnvbwrwiGGA-.mp4	spawn ffmpeg ENOENT
https://video.twimg.com/amplify_video/1936210540998578177/vid/avc1/720x1280/MWg941eErmScSb2W.mp4	spawn ffmpeg ENOENT
https://video.twimg.com/amplify_video/1835181158583119873/vid/avc1/1080x1920/c8qIOEZ8W211muzn.mp4	spawn ffmpeg ENOENT
https://video.twimg.com/ext_tw_video/1781351602437201921/pu/vid/avc1/720x1280/j1_Rtv4W3bwO4htr.mp4	spawn ffmpeg ENOENT
https://video.twimg.com/ext_tw_video/1761847286165028864/pu/vid/avc1/720x1280/oNxVt0YgpXa0pEwe.mp4	spawn ffmpeg ENOENT
https://video.twimg.com/amplify_video/1954263506858999808/vid/avc1/1080x1350/eJHm8kXRkW9i4CV5.mp4	spawn ffmpeg ENOENT
https://video.twimg.com/amplify_video/1954082339903959040/vid/avc1/720x848/dAE8oLToyVbRnhJa.mp4	spawn ffmpeg ENOENT
https://video.twimg.com/ext_tw_video/1953893445891670016/pu/vid/avc1/720x1280/DrEfmkncrFR1Kjpz.mp4	spawn ffmpeg ENOENT
https://video.twimg.com/amplify_video/1954228243474583552/vid/avc1/1080x1920/-z7oW1rw50sS400r.mp4	spawn ffmpeg ENOENT
https://video.twimg.com/amplify_video/1954249631560253440/vid/avc1/2160x3840/0UxCEtCYJHX5I_Wd.mp4	spawn ffmpeg ENOENT
https://video.twimg.com/amplify_video/1954214596946116608/vid/avc1/1250x2100/Algtvv_bFNlo9k2n.mp4	spawn ffmpeg ENOENT
https://video.twimg.com/amplify_video/1953861643030466560/vid/avc1/1080x1350/q_0FtzKIfekpdIuJ.mp4	spawn ffmpeg ENOENT
https://video.twimg.com/amplify_video/1881833929713262592/vid/avc1/1080x1920/Goiq8Ax-42u39IZ-.mp4	spawn ffmpeg ENOENT
https://video.twimg.com/amplify_video/1949654694932189184/vid/avc1/960x960/sY_s46LbUv9Usc3G.mp4	spawn ffmpeg ENOENT
https://video.twimg.com/amplify_video/1949654694902779904/vid/avc1/600x1080/HfkguHw0i453XbEy.mp4	spawn ffmpeg ENOENT
https://video.twimg.com/amplify_video/1948222634149171200/vid/avc1/1080x1920/HMe-OI7B6-6YUkQL.mp4	spawn ffmpeg ENOENT
https://video.twimg.com/amplify_video/1952552427938275328/vid/avc1/1080x1350/Va15xO-s2xmhuZbn.mp4	spawn ffmpeg ENOENT
https://video.twimg.com/amplify_video/1953174088374992896/vid/avc1/1280x720/ojFkp6Ak9j8kP70h.mp4	spawn ffmpeg ENOENT
https://video.twimg.com/amplify_video/1953259733391163397/vid/avc1/1080x1920/V0MyIuLqJP9315Ay.mp4	spawn ffmpeg ENOENT
https://video.twimg.com/amplify_video/1953501776600031232/vid/avc1/1938x3446/c9ys0bp8iZRRJBRt.mp4	spawn ffmpeg ENOENT
https://video.twimg.com/amplify_video/1952835024983592960/vid/avc1/1080x1450/iFBI9J0jpFdyLbb6.mp4	spawn ffmpeg ENOENT
https://video.twimg.com/amplify_video/1952770783664848897/vid/avc1/1800x1920/U7FPHz89jvPKAtCt.mp4	spawn ffmpeg ENOENT
https://video.twimg.com/amplify_video/1952854027647283200/vid/avc1/720x720/FBQwJD433DjjUKZY.mp4	spawn ffmpeg ENOENT
https://video.twimg.com/amplify_video/1952871494050299904/vid/avc1/720x1120/fP5y8JCbo28eoe1Y.mp4	spawn ffmpeg ENOENT
https://video.twimg.com/amplify_video/1952364399823642624/vid/avc1/1850x1650/npabWBObbuCGZNv9.mp4	spawn ffmpeg ENOENT
https://video.twimg.com/amplify_video/1952369376952274944/vid/avc1/2160x3840/477XkqnsYgZRdsvJ.mp4	spawn ffmpeg ENOENT
https://video.twimg.com/amplify_video/1952364023262924804/vid/avc1/1280x720/3slsMJu5TbjACauM.mp4	spawn ffmpeg ENOENT
https://video.twimg.com/amplify_video/1952164163008221185/vid/avc1/720x1280/GJ-knASkPlMULnO_.mp4	spawn ffmpeg ENOENT
https://video.twimg.com/amplify_video/1951471198560227328/vid/avc1/1080x1920/aIXfFQblehruCh_G.mp4	spawn ffmpeg ENOENT
https://video.twimg.com/amplify_video/1951828342208147456/vid/avc1/2160x2580/n1J_ORzFCW_0cHCc.mp4	spawn ffmpeg ENOENT
https://video.twimg.com/amplify_video/1952036398371913728/vid/avc1/1080x1920/bPd2uHHPVL1il-D7.mp4	spawn ffmpeg ENOENT
https://video.twimg.com/amplify_video/1951703900362358786/vid/avc1/1080x1920/wWBHxDHhKTNBIF4r.mp4	spawn ffmpeg ENOENT
https://video.twimg.com/amplify_video/1951369540539129858/vid/avc1/1920x1080/WHgcci-Zso47yy7j.mp4	spawn ffmpeg ENOENT
https://video.twimg.com/amplify_video/1957221359265665024/vid/avc1/884x1280/1exagZjoZ400uJBM.mp4	spawn ffmpeg ENOENT
https://video.twimg.com/amplify_video/1942780379036835840/vid/avc1/1080x1920/VuImDHTq6JL4bXBm.mp4	spawn ffmpeg ENOENT
https://video.twimg.com/amplify_video/1957145021385166848/vid/avc1/1280x720/XwQEMdtpNXZnTdJe.mp4	spawn ffmpeg ENOENT
https://video.twimg.com/amplify_video/1526601226078638081/vid/720x720/Glfwe7ZRNr5K1EtR.mp4	spawn ffmpeg ENOENT
https://video.twimg.com/amplify_video/1833330170192904192/vid/avc1/1080x1920/pUpgyxFBkdF0NLQO.mp4	spawn ffmpeg ENOENT
https://video.twimg.com/amplify_video/1955654826588504066/vid/avc1/720x850/0Vlb124Wm6JL5Xg4.mp4	spawn ffmpeg ENOENT
https://video.twimg.com/amplify_video/1955654826596966404/vid/avc1/884x1280/XwIN31q_8FYAp75d.mp4	spawn ffmpeg ENOENT
https://video.twimg.com/amplify_video/1955955353272868864/vid/avc1/1280x720/QMEPly2TcD65jnsx.mp4	spawn ffmpeg ENOENT
https://video.twimg.com/amplify_video/1955737489605345286/vid/avc1/1080x1920/T1-yFQMLnicstPYm.mp4	spawn ffmpeg ENOENT
https://video.twimg.com/amplify_video/1955751700268244995/vid/avc1/1080x1920/GcMZKYZb6S6gFbGc.mp4	spawn ffmpeg ENOENT
https://video.twimg.com/amplify_video/1953054234951233537/vid/avc1/1080x1920/wbSk5dl7ySNj1BUP.mp4	spawn ffmpeg ENOENT
https://video.twimg.com/amplify_video/1929624039955615746/vid/avc1/1080x1920/fxrH17F3LQt3NI9s.mp4	spawn ffmpeg ENOENT
https://video.twimg.com/amplify_video/1925201992978513921/vid/avc1/1080x1350/w-NwH3mii0UDq7Tn.mp4	spawn ffmpeg ENOENT
https://video.twimg.com/amplify_video/1957846816663166976/vid/avc1/3840x2160/rBTjrXH364yEcSJZ.mp4	spawn ffmpeg ENOENT
https://video.twimg.com/ext_tw_video/1829225381351854080/pu/vid/avc1/608x1080/3f9Oqz5luV_oFf07.mp4	spawn ffmpeg ENOENT
https://video.twimg.com/ext_tw_video/1701565901353443328/pu/vid/avc1/720x1280/z_6jC2_9cSw7JtS-.mp4	spawn ffmpeg ENOENT
https://video.twimg.com/amplify_video/1958248055779770368/vid/avc1/1080x1920/WtHlKhlJNFoxDW48.mp4	spawn ffmpeg ENOENT
https://video.twimg.com/amplify_video/1955086866622861312/vid/avc1/2160x3840/5uOwNBReWvTV1n22.mp4	spawn ffmpeg ENOENT
https://video.twimg.com/amplify_video/1947844235010424833/vid/avc1/2160x3840/cJ5voy4PKfj8Sumg.mp4	spawn ffmpeg ENOENT
https://video.twimg.com/amplify_video/1951319962686980096/vid/avc1/720x1280/XG9O8Jew3x5qMnA6.mp4	spawn ffmpeg ENOENT
https://video.twimg.com/amplify_video/1942330062969212928/vid/avc1/720x1110/gmA-eaxdMzDPQicR.mp4	spawn ffmpeg ENOENT
https://video.twimg.com/ext_tw_video/1958114937768697856/pu/vid/avc1/540x960/jTFyddzZBnDg2fA9.mp4	spawn ffmpeg ENOENT
https://video.twimg.com/amplify_video/1954209263603347457/vid/avc1/1080x1920/SeHH2mtGU5oYpjZa.mp4	spawn ffmpeg ENOENT
https://video.twimg.com/amplify_video/1950054887959498752/vid/avc1/1080x1920/jKlK2SfAnArfRWgG.mp4	spawn ffmpeg ENOENT
https://video.twimg.com/amplify_video/1940513183409594369/vid/avc1/1080x1920/AMPWCE_fLDxACwDA.mp4	spawn ffmpeg ENOENT
https://video.twimg.com/amplify_video/1836257149611032576/vid/avc1/720x1258/wDC1oSaRz8I6DOwV.mp4	spawn ffmpeg ENOENT
https://video.twimg.com/amplify_video/1820115427172720640/vid/avc1/1080x1920/sgg1H_Qu31fCw9Wj.mp4	spawn ffmpeg ENOENT
https://video.twimg.com/amplify_video/1786950926453882880/vid/avc1/720x1280/jHkazwglWMqalVV3.mp4	spawn ffmpeg ENOENT
https://video.twimg.com/amplify_video/1778088752117633024/vid/avc1/720x1280/ou334YnGx-q0r9DY.mp4	spawn ffmpeg ENOENT
https://video.twimg.com/amplify_video/1948795025715773440/vid/avc1/1080x1660/SND9pi01kdgBGAfY.mp4	spawn ffmpeg ENOENT
https://video.twimg.com/amplify_video/1803797880035000320/vid/avc1/1080x1920/dTCrL6IVhw-QY7FW.mp4	spawn ffmpeg ENOENT
https://video.twimg.com/amplify_video/1769766227977654273/vid/avc1/720x994/LplQ9H0cwlSBbmJp.mp4	spawn ffmpeg ENOENT
https://video.twimg.com/amplify_video/1724153668860063744/vid/avc1/720x1058/veK7Sk1T-RDqGHk4.mp4	spawn ffmpeg ENOENT
https://video.twimg.com/amplify_video/1686823659527127041/vid/720x1280/WQ7hFC9yXicVRvJR.mp4	spawn ffmpeg ENOENT
https://video.twimg.com/amplify_video/1898119898481508352/vid/avc1/1080x1920/IruYNK0Ehj7Oon-4.mp4	spawn ffmpeg ENOENT
https://video.twimg.com/amplify_video/1782506655222992896/vid/avc1/720x1214/n-y_1gP-i_GiGwPF.mp4	spawn ffmpeg ENOENT
https://video.twimg.com/amplify_video/1954527074464440320/vid/avc1/1080x1920/gKLH_eo2IQ6nUsQn.mp4	spawn ffmpeg ENOENT
https://video.twimg.com/amplify_video/1955762177836814336/vid/avc1/720x1280/PdH_agcug2A5VjDI.mp4	spawn ffmpeg ENOENT
https://video.twimg.com/amplify_video/1909891105597825024/vid/avc1/720x1280/bQ4wAlfo2N49GME0.mp4	spawn ffmpeg ENOENT
https://video.twimg.com/amplify_video/1751624124009525248/vid/avc1/720x1280/1y-1kYzhoogt4wq5.mp4	spawn ffmpeg ENOENT
https://video.twimg.com/amplify_video/1649433915315171330/vid/1080x1920/VUez7XETkxWmpiO0.mp4	spawn ffmpeg ENOENT
https://video.twimg.com/amplify_video/1644340937282256896/vid/720x1280/rdDKPs1lEqhEnFRF.mp4	spawn ffmpeg ENOENT
https://video.twimg.com/amplify_video/1927413224774742017/vid/avc1/1080x1920/c6q_D-wTab9XWK8q.mp4	spawn ffmpeg ENOENT
https://video.twimg.com/amplify_video/1854671990067531787/vid/avc1/1080x1920/ZVaCuSJSFunD5ExR.mp4	spawn ffmpeg ENOENT
https://video.twimg.com/amplify_video/1846981236549423104/vid/avc1/1080x1920/hPfzYQpsVg4DsrLJ.mp4	spawn ffmpeg ENOENT
https://video.twimg.com/ext_tw_video/1825707797960687616/pu/vid/avc1/720x1280/YWN3dsDUvCdxTFtl.mp4	spawn ffmpeg ENOENT
https://video.twimg.com/ext_tw_video/1809711807352958979/pu/vid/avc1/720x1280/3FptFBShg1cGlyBM.mp4	spawn ffmpeg ENOENT
https://video.twimg.com/amplify_video/1911447859905380353/vid/avc1/1080x1348/4tjnAq4tRLOWFkE-.mp4	spawn ffmpeg ENOENT
https://video.twimg.com/amplify_video/1814764409631264768/vid/avc1/720x1280/n1z2VW6X7ab0ENpQ.mp4	spawn ffmpeg ENOENT
https://video.twimg.com/amplify_video/1811880155310161920/vid/avc1/540x960/hBz-7Kuqc_OTo685.mp4	spawn ffmpeg ENOENT
https://video.twimg.com/amplify_video/1805263902873100288/vid/avc1/720x1280/X04teMIOpNviXX0h.mp4	spawn ffmpeg ENOENT
https://video.twimg.com/amplify_video/1654657168459681793/vid/720x1280/-in6_nFb3N3HqVY_.mp4	spawn ffmpeg ENOENT
https://video.twimg.com/amplify_video/1673462204748685312/vid/720x1280/xNizOdna9p3PFQ-6.mp4	spawn ffmpeg ENOENT
https://video.twimg.com/amplify_video/1957896752893435904/vid/avc1/980x1546/IT0slT2GRWCyxXqY.mp4	spawn ffmpeg ENOENT
https://video.twimg.com/amplify_video/1949234982850859008/vid/avc1/720x1228/EbdFARuTWk3-cpWj.mp4	spawn ffmpeg ENOENT
https://video.twimg.com/amplify_video/1942246000078245888/vid/avc1/1080x1920/A6x4Z0vPZm2y3R0K.mp4	spawn ffmpeg ENOENT
https://video.twimg.com/amplify_video/1938885881751851008/vid/avc1/2160x3840/P7QSVsgE_HN9zyw6.mp4	spawn ffmpeg ENOENT
https://video.twimg.com/amplify_video/1937920882661302272/vid/avc1/1080x1920/gkzZQfXkKYaHnpti.mp4	spawn ffmpeg ENOENT
https://video.twimg.com/amplify_video/1958990582426267649/vid/avc1/720x1280/tBrZvDFtvXNGbK-L.mp4	spawn ffmpeg ENOENT
https://video.twimg.com/amplify_video/1961189119146835968/vid/avc1/2160x3840/LZ6Xr9uDzGsEAjv7.mp4	spawn ffmpeg ENOENT
https://video.twimg.com/amplify_video/1961060569051451392/vid/avc1/720x1280/aIPtbir2jJozUUfn.mp4	spawn ffmpeg ENOENT
https://video.twimg.com/amplify_video/1959482766338256896/vid/avc1/1278x720/gANOMRSFn6Gx1BP2.mp4	spawn ffmpeg ENOENT
https://video.twimg.com/amplify_video/1960830488094105602/vid/avc1/1080x1920/ElGVxxhJt_l1ndD5.mp4	spawn ffmpeg ENOENT
https://video.twimg.com/amplify_video/1960833824398696448/vid/avc1/1080x1920/CciGVPJnjY31PxcH.mp4	spawn ffmpeg ENOENT
https://video.twimg.com/amplify_video/1969897755029143552/vid/avc1/1080x1920/MQhKdt-349gKInVL.mp4	spawn ffmpeg ENOENT
https://video.twimg.com/amplify_video/1969897755020767232/vid/avc1/1080x1920/jKt0SFnew4PT7irM.mp4	spawn ffmpeg ENOENT
https://video.twimg.com/amplify_video/1978138686060412928/vid/avc1/1018x1810/cjNkRXvaevMmcstq.mp4	spawn ffmpeg ENOENT
https://video.twimg.com/ext_tw_video/1978075042022834176/pu/vid/avc1/720x764/nQ6_VYWejZ0PrG34.mp4	spawn ffmpeg ENOENT
https://video.twimg.com/amplify_video/1977809762759704576/vid/avc1/2158x3582/lXIeQJee9OZZQ-WI.mp4	spawn ffmpeg ENOENT
https://video.twimg.com/amplify_video/1978104081441820672/vid/avc1/480x848/OBDSTDg5D_pVH4_k.mp4	spawn ffmpeg ENOENT
https://video.twimg.com/amplify_video/1977839355323461632/vid/avc1/720x1280/VtDbX8qIyeoii7KT.mp4	spawn ffmpeg ENOENT
https://video.twimg.com/amplify_video/1934389177094688768/vid/avc1/720x1280/H3HsitcDR7-GYbIp.mp4	spawn ffmpeg ENOENT
https://video.twimg.com/amplify_video/1976404418791616512/vid/avc1/1080x1460/E1ytXyBEwNK06L0a.mp4	spawn ffmpeg ENOENT
https://video.twimg.com/amplify_video/1976095748295991296/vid/avc1/1018x1810/0DqBsLKwJXiMtMKs.mp4	spawn ffmpeg ENOENT
https://video.twimg.com/amplify_video/1975967481345773568/vid/avc1/1080x1080/TT0T6eDR7TYQS0Y7.mp4	spawn ffmpeg ENOENT
https://video.twimg.com/amplify_video/1975948087722958848/vid/avc1/1080x1920/zgqpEtfMWOK8Fw--.mp4	spawn ffmpeg ENOENT
https://video.twimg.com/amplify_video/1975939685139542016/vid/avc1/480x658/6pQxtvwB8-SW-9KE.mp4	spawn ffmpeg ENOENT
https://video.twimg.com/amplify_video/1975635320084537344/vid/avc1/1568x886/iwXcrmP2-eZpb58a.mp4	spawn ffmpeg ENOENT
https://video.twimg.com/amplify_video/1975339165865635841/vid/avc1/2160x3840/3ceyNn102Lndyo04.mp4	spawn ffmpeg ENOENT
https://video.twimg.com/amplify_video/1975626315618304000/vid/avc1/1470x1080/TNY5bezX7VJHD_tM.mp4	spawn ffmpeg ENOENT
https://video.twimg.com/amplify_video/1975594965498540032/vid/avc1/1080x1440/1U5mbfYUcpP3DkeH.mp4	spawn ffmpeg ENOENT
https://video.twimg.com/amplify_video/1975635477744001024/vid/avc1/1022x1818/oHhehrb4966W1AKj.mp4	spawn ffmpeg ENOENT
https://video.twimg.com/amplify_video/1975220508842209281/vid/avc1/1080x1920/cAdH8Iq6sFdhFTCm.mp4	spawn ffmpeg ENOENT
https://video.twimg.com/amplify_video/1974917934938992640/vid/avc1/2160x2652/YPo9jrKHuchi9Ep2.mp4	spawn ffmpeg ENOENT
https://video.twimg.com/amplify_video/1969397205036412928/vid/avc1/2160x3840/M9m9ijw4X9w7dB_H.mp4	spawn ffmpeg ENOENT
https://video.twimg.com/amplify_video/1968043951530921984/vid/avc1/1080x1918/aQ9339lgyJNXF12t.mp4	spawn ffmpeg ENOENT
https://video.twimg.com/amplify_video/1967609982368550913/vid/avc1/720x1280/5zNJUkVy2OAjqud9.mp4	spawn ffmpeg ENOENT
https://video.twimg.com/amplify_video/1966698499128352768/vid/avc1/1080x1920/_WAABtIaDrxnGsyJ.mp4	spawn ffmpeg ENOENT
https://video.twimg.com/amplify_video/1875233814483513344/vid/avc1/1080x1430/25CEOLJaoy9uQTjz.mp4	spawn ffmpeg ENOENT
https://video.twimg.com/amplify_video/1962834927637889024/vid/avc1/2160x3840/5Xq9fSFM9LcIwSfK.mp4	spawn ffmpeg ENOENT
https://video.twimg.com/amplify_video/1975700378659528704/vid/avc1/720x966/0Tp-wqjAU5AR-Ek7.mp4	spawn ffmpeg ENOENT
https://video.twimg.com/amplify_video/1978159264448258050/vid/avc1/802x720/BXic6stUrVCCnVYS.mp4	spawn ffmpeg ENOENT
https://video.twimg.com/amplify_video/1773411314552930304/vid/avc1/720x1280/-y7wxtI5GG23AvzB.mp4	spawn ffmpeg ENOENT
https://video.twimg.com/amplify_video/1980022785767317504/vid/avc1/1580x886/JSVz_km-QjodvA2h.mp4	spawn ffmpeg ENOENT
https://video.twimg.com/amplify_video/1958030726928166914/vid/avc1/1080x1920/EDNymv_mVrOzxuhi.mp4	spawn ffmpeg ENOENT
https://video.twimg.com/amplify_video/1980011218166239232/vid/avc1/1080x1920/72wWAVAW9Fl4PJc8.mp4	spawn ffmpeg ENOENT
https://video.twimg.com/amplify_video/1979261359524044801/vid/avc1/1080x1080/3D4gCajfY0abOUI5.mp4	spawn ffmpeg ENOENT
https://video.twimg.com/ext_tw_video/1979230865155559424/pu/vid/avc1/640x480/dlAUiglS2QICdLJ5.mp4	spawn ffmpeg ENOENT
https://video.twimg.com/ext_tw_video/1908140323873636352/pu/vid/avc1/1280x720/X98-BG_e8g09eeMT.mp4	spawn ffmpeg ENOENT
https://video.twimg.com/amplify_video/1979596257237647360/vid/avc1/1280x720/QLVKlVhyKT2jTNy3.mp4	spawn ffmpeg ENOENT
https://video.twimg.com/amplify_video/1980810780070002689/vid/avc1/1080x1080/MPHOAHa30cSDpuTK.mp4	spawn ffmpeg ENOENT
https://video.twimg.com/amplify_video/1980848910437330944/vid/avc1/3840x2160/n5xRu9fhh9llMOTL.mp4	spawn ffmpeg ENOENT
https://video.twimg.com/amplify_video/1982811390499852288/vid/avc1/848x480/o6dvMCdABAazRbVL.mp4	spawn ffmpeg ENOENT
https://video.twimg.com/amplify_video/1970764855217905664/vid/avc1/1080x1920/YptRpglDKLsiotXt.mp4	spawn ffmpeg ENOENT
https://video.twimg.com/ext_tw_video/1987145922971684864/pu/vid/avc1/720x1004/QI7G5CpFV3Eqo4TA.mp4	spawn ffmpeg ENOENT
https://video.twimg.com/amplify_video/1987185277291356160/vid/avc1/720x1072/Ud4ab4c80N__YTYl.mp4	spawn ffmpeg ENOENT
https://video.twimg.com/amplify_video/1941337184138629120/vid/avc1/720x756/qxY5xICZHan-hdGW.mp4	spawn ffmpeg ENOENT
https://video.twimg.com/amplify_video/1986596091307933696/vid/avc1/1080x1920/VmueIpG-9y3xhPZD.mp4	spawn ffmpeg ENOENT
https://video.twimg.com/amplify_video/1986692380217458688/vid/avc1/2160x3840/AGQJ5635LVa5ebRw.mp4	spawn ffmpeg ENOENT
https://video.twimg.com/amplify_video/1983974643166846976/vid/avc1/720x1280/CY-FHyKwsU--wIbi.mp4	spawn ffmpeg ENOENT
https://video.twimg.com/amplify_video/1982888849467375616/vid/avc1/1080x1920/YYE28kEEVnDYDBRv.mp4	spawn ffmpeg ENOENT
https://video.twimg.com/ext_tw_video/1679541316542251008/pu/vid/720x1280/0cwmlaON5uaE1BnL.mp4	spawn ffmpeg ENOENT
https://video.twimg.com/amplify_video/1988655124445581312/vid/avc1/1280x720/TcMbnjzAbUP-uwhs.mp4	spawn ffmpeg ENOENT
https://video.twimg.com/amplify_video/1988062291116335104/vid/avc1/2160x3170/-ZKqWY3NHjEMWChu.mp4	spawn ffmpeg ENOENT
https://video.twimg.com/amplify_video/1988287039616225280/vid/avc1/720x1280/X4kXQhfNiFSCWMG1.mp4	spawn ffmpeg ENOENT
https://video.twimg.com/amplify_video/1988600655884210176/vid/avc1/1080x1216/PxGjI5jeiNoZGEYX.mp4	spawn ffmpeg ENOENT
https://video.twimg.com/amplify_video/1987940644262658048/vid/avc1/1080x1920/o0kGlU_cBzeBCQGo.mp4	spawn ffmpeg ENOENT
https://video.twimg.com/amplify_video/1988268302771101696/vid/avc1/2468x1896/LKeFKTctUVk_Ry7e.mp4	spawn ffmpeg ENOENT
https://video.twimg.com/ext_tw_video/1829386327693144064/pu/vid/avc1/720x1280/q2bNLPyPQN4VMQto.mp4	spawn ffmpeg ENOENT
https://video.twimg.com/amplify_video/1628108596071505920/vid/608x1080/f0WIL5hSQhUg1TGv.mp4	spawn ffmpeg ENOENT
https://video.twimg.com/amplify_video/1987938913621606400/vid/avc1/1080x1416/A7CH6laR5XDAHtO9.mp4	spawn ffmpeg ENOENT
https://video.twimg.com/amplify_video/1987619971392806912/vid/avc1/1080x1194/nniy_mCCBqDCOnmJ.mp4	spawn ffmpeg ENOENT
https://video.twimg.com/amplify_video/1978112611871780864/vid/avc1/3840x2160/tdEbX_OhNqgTYW9n.mp4	spawn ffmpeg ENOENT
https://video.twimg.com/amplify_video/1987275425836339200/vid/avc1/720x1280/57z4u_aucJY1dyG0.mp4	spawn ffmpeg ENOENT
https://video.twimg.com/amplify_video/1987966913914327041/vid/avc1/596x1080/stwfHTyzgwd2YGqc.mp4	spawn ffmpeg ENOENT
https://video.twimg.com/amplify_video/1988321798237163520/vid/avc1/720x960/ijqxf8JVF0wwKJGP.mp4	spawn ffmpeg ENOENT
https://video.twimg.com/amplify_video/1988323376742518784/vid/avc1/720x1280/SfTl1F-HMgHm2e0v.mp4	spawn ffmpeg ENOENT
https://video.twimg.com/amplify_video/1952359420811231233/vid/avc1/1280x720/58-F2H-L5UC2O0zb.mp4	spawn ffmpeg ENOENT
https://video.twimg.com/amplify_video/1992675758997659648/vid/avc1/1080x1920/S6x8kOf6W-Ex9wWv.mp4	spawn ffmpeg ENOENT
https://video.twimg.com/amplify_video/1992022996274339840/vid/avc1/720x1280/MgphLwCW1rvjXBkP.mp4	spawn ffmpeg ENOENT
https://video.twimg.com/amplify_video/1992298705710465024/vid/avc1/720x850/xhZe-aohttN6KE-j.mp4	spawn ffmpeg ENOENT
https://video.twimg.com/amplify_video/1992341189945696256/vid/avc1/1920x1080/T6Y3u4Pn7pPazpDR.mp4	spawn ffmpeg ENOENT
https://video.twimg.com/amplify_video/1992348485455142912/vid/avc1/1440x1080/FdOcX8idz3a2N1-V.mp4	spawn ffmpeg ENOENT
https://video.twimg.com/amplify_video/1992339476194934785/vid/avc1/1080x1920/Nrva9P5AT46nr0tZ.mp4	spawn ffmpeg ENOENT
https://video.twimg.com/amplify_video/1992026529837010944/vid/avc1/2160x3840/p9pYJla-b0wQnnGM.mp4	spawn ffmpeg ENOENT
https://video.twimg.com/amplify_video/1987035779076636672/vid/avc1/720x1280/60LVe37tCJTOv8i3.mp4	spawn ffmpeg ENOENT
https://video.twimg.com/amplify_video/1990276757912526848/vid/avc1/2160x2868/e84ZjJznSpZRIsDE.mp4	spawn ffmpeg ENOENT
https://video.twimg.com/amplify_video/1854937940578725889/vid/avc1/1080x1596/OdDTnmfM83yXnWr0.mp4	spawn ffmpeg ENOENT
https://video.twimg.com/amplify_video/1989482553066090496/vid/avc1/2160x3840/3YItI_UlFwPMazIB.mp4	spawn ffmpeg ENOENT
https://video.twimg.com/amplify_video/1989813911231598592/vid/avc1/1080x1920/9ri0lyXwgBxUV80J.mp4	spawn ffmpeg ENOENT
https://video.twimg.com/amplify_video/1989645680193802240/vid/avc1/720x1280/_N1Azr05EtvsIyvB.mp4	spawn ffmpeg ENOENT
https://video.twimg.com/amplify_video/1992729509066412032/vid/avc1/1080x1440/wJbcV1iFWBrcKAFI.mp4	spawn ffmpeg ENOENT
https://video.twimg.com/amplify_video/1992614313857589248/vid/avc1/3726x2160/8-dG75v36h43Cpf3.mp4	spawn ffmpeg ENOENT
https://video.twimg.com/amplify_video/1992545646729932800/vid/avc1/1280x720/H4ahKsXGiPFa8eBp.mp4	spawn ffmpeg ENOENT
https://video.twimg.com/amplify_video/1992287627286814720/vid/avc1/1410x1080/Zy-TDcGK8NHdMbpZ.mp4	spawn ffmpeg ENOENT
https://video.twimg.com/amplify_video/1993017622430932992/vid/avc1/2160x3840/PLsioNlPZer8KmeR.mp4	spawn ffmpeg ENOENT
https://video.twimg.com/amplify_video/1997086501016866816/vid/avc1/2160x3840/BDUSEqLKVYWhvuEs.mp4	spawn ffmpeg ENOENT
https://video.twimg.com/amplify_video/1996725344103976960/vid/avc1/1280x720/wAQhu6IBJrrdmpAI.mp4	spawn ffmpeg ENOENT
https://video.twimg.com/amplify_video/1996321757754482688/vid/avc1/2032x3290/b2CqOf3UKFKvV67o.mp4	spawn ffmpeg ENOENT
https://video.twimg.com/amplify_video/1995605062308012032/vid/avc1/1544x1080/4XfsjPmR_lkxoknZ.mp4	spawn ffmpeg ENOENT
https://video.twimg.com/amplify_video/1995531018560753664/vid/avc1/480x640/rsmCwzLYx8tGZvIC.mp4	spawn ffmpeg ENOENT
https://video.twimg.com/amplify_video/1900254033236914176/vid/avc1/720x1280/8INYVtrmRTvDElYG.mp4	spawn ffmpeg ENOENT
https://video.twimg.com/ext_tw_video/1824692212300390400/pu/vid/avc1/720x1080/SduUKdw5B5mdhrsr.mp4	spawn ffmpeg ENOENT
https://video.twimg.com/amplify_video/1998081012098891777/vid/avc1/1300x1920/NVQ8QrpnwUQQW_Fo.mp4	spawn ffmpeg ENOENT
https://video.twimg.com/amplify_video/1997680755020013568/vid/avc1/1290x2796/D_zK27mbt2Eg1Os7.mp4	spawn ffmpeg ENOENT
https://video.twimg.com/amplify_video/1671299336087670784/vid/1280x720/nQIih6AvzPysk3aA.mp4	spawn ffmpeg ENOENT
https://video.twimg.com/amplify_video/1997795950522228736/vid/avc1/1080x1532/KCYG-aYDyfZd77Pb.mp4	spawn ffmpeg ENOENT
https://video.twimg.com/amplify_video/1997751837144010752/vid/avc1/2160x3840/JBwWKHvt0LrXIEAp.mp4	spawn ffmpeg ENOENT
https://video.twimg.com/amplify_video/1997226268358529024/vid/avc1/1280x720/nwGVHirEf-HmcDi9.mp4	spawn ffmpeg ENOENT
https://video.twimg.com/amplify_video/1997425395910500352/vid/avc1/2160x3168/3OuDHWwM5EFMvsJ0.mp4	spawn ffmpeg ENOENT
https://video.twimg.com/amplify_video/2000147609588035585/vid/avc1/720x1280/jGRG_QQFIQNML2dh.mp4	spawn ffmpeg ENOENT
https://video.twimg.com/amplify_video/1999992521347514368/vid/avc1/1080x1920/cVUIx_-H9MbnvJ56.mp4	spawn ffmpeg ENOENT
https://video.twimg.com/ext_tw_video/1999816253490233347/pu/vid/avc1/976x720/gl-tm4YUDFnaWD7X.mp4	spawn ffmpeg ENOENT
https://video.twimg.com/amplify_video/1997057968135614464/vid/avc1/706x1280/cIOSuiSCn1Jvtui6.mp4	spawn ffmpeg ENOENT
https://video.twimg.com/amplify_video/1986777514149064704/vid/avc1/702x1280/bTg5DMNyOPVL3erP.mp4	spawn ffmpeg ENOENT
https://video.twimg.com/amplify_video/2002045722187751424/vid/avc1/1180x1874/82rnItTk86ZCGuZQ.mp4	spawn ffmpeg ENOENT
https://video.twimg.com/amplify_video/1884670216078008320/vid/avc1/1080x1920/JmYkiETvUyaCWCLj.mp4	spawn ffmpeg ENOENT
https://video.twimg.com/amplify_video/2002124495755358208/vid/avc1/1080x1920/aBhkC2DM161k4GC0.mp4	spawn ffmpeg ENOENT
https://video.twimg.com/amplify_video/2002141276045443072/vid/avc1/1920x1080/MDpqh2XbscbzXoMT.mp4	spawn ffmpeg ENOENT
https://video.twimg.com/amplify_video/2002728481742880768/vid/avc1/1280x720/CgD6_DBdEgsBvUlW.mp4	spawn ffmpeg ENOENT
https://video.twimg.com/amplify_video/2003982955987824640/vid/avc1/2160x3840/VZtyMLTE59BjWTFr.mp4	spawn ffmpeg ENOENT
https://video.twimg.com/amplify_video/2003278177070665728/vid/avc1/720x1280/OXUzNhqEhY9LIiVl.mp4	spawn ffmpeg ENOENT
https://video.twimg.com/amplify_video/2003835621903564800/vid/avc1/720x900/ZJ0yvOKXBS7-_7XA.mp4	spawn ffmpeg ENOENT
https://video.twimg.com/amplify_video/2003509136441356288/vid/avc1/1080x1532/C-rQsJNmLDKSWXAD.mp4	spawn ffmpeg ENOENT
https://video.twimg.com/amplify_video/2003863564537167874/vid/avc1/1280x720/m8VwiRJYdmmbM0fV.mp4	spawn ffmpeg ENOENT
https://video.twimg.com/amplify_video/2001340830444077057/vid/avc1/1200x1920/iVAe8R0ANvJbc2js.mp4	spawn ffmpeg ENOENT
https://video.twimg.com/amplify_video/1947074122950852609/vid/avc1/1080x1920/fy76AIEHax3hREwC.mp4	spawn ffmpeg ENOENT
https://video.twimg.com/amplify_video/1991163801148768256/vid/avc1/720x1280/Qn6CzYszubppTAfv.mp4	spawn ffmpeg ENOENT
https://video.twimg.com/amplify_video/1987933936757153792/vid/avc1/720x1234/s_g-V4nmBiIPzWTJ.mp4	spawn ffmpeg ENOENT
https://video.twimg.com/ext_tw_video/1452986405806821376/pu/vid/720x408/gdpYHqszM9ikjSH-.mp4	spawn ffmpeg ENOENT
https://video.twimg.com/amplify_video/1925821581768400896/vid/avc1/888x460/b9RzHscOi0G-qASO.mp4	spawn ffmpeg ENOENT
https://video.twimg.com/amplify_video/1992961510558060544/vid/avc1/1080x1920/Oeuwdh1a7sJLH6-d.mp4	spawn ffmpeg ENOENT
https://video.twimg.com/amplify_video/1756460568905678848/vid/avc1/1280x720/nnGH8_WblsPcfE5N.mp4	spawn ffmpeg ENOENT
https://video.twimg.com/amplify_video/2016005145306202112/vid/avc1/352x640/XC-6O_1i_Syhad7V.mp4	spawn ffmpeg ENOENT
https://video.twimg.com/amplify_video/1830726391572156417/vid/avc1/720x1280/4kALQ_JKxDkJlNKb.mp4	spawn ffmpeg ENOENT
https://video.twimg.com/amplify_video/1993071427218493440/vid/avc1/672x1232/5wENBvo-MaZxZCBG.mp4	spawn ffmpeg ENOENT
https://video.twimg.com/amplify_video/1993439824548675584/vid/avc1/720x1280/HQqp8If6GKNvYHM9.mp4	spawn ffmpeg ENOENT
https://video.twimg.com/amplify_video/1994743203623260160/vid/avc1/720x1280/42aCUte90db4IUjU.mp4	spawn ffmpeg ENOENT
https://video.twimg.com/amplify_video/1934044251492679680/vid/avc1/720x1280/Q6z4Tf7t8IGmdExp.mp4	spawn ffmpeg ENOENT
https://video.twimg.com/ext_tw_video/1907774082562641920/pu/vid/avc1/720x1280/zSXWMeANkVt3ekK5.mp4	spawn ffmpeg ENOENT
https://video.twimg.com/amplify_video/1970833177229840384/vid/avc1/1080x1080/w4Pq1DB8PP_3rXwd.mp4	spawn ffmpeg ENOENT
https://video.twimg.com/ext_tw_video/1798133376572116992/pu/vid/avc1/720x1280/qHdM-uRssuDokJpb.mp4	spawn ffmpeg ENOENT
https://video.twimg.com/amplify_video/1983301098505965568/vid/avc1/720x1162/L0wL_-oMWinuJAgC.mp4	spawn ffmpeg ENOENT
https://video.twimg.com/amplify_video/2018788180896735232/vid/avc1/1080x1920/6z2yUWgzbD6NW-di.mp4	spawn ffmpeg ENOENT
https://video.twimg.com/amplify_video/1990442976107954176/vid/avc1/1080x1920/2laiNbuRkwaAHdZG.mp4	spawn ffmpeg ENOENT
https://video.twimg.com/amplify_video/2015871514554355712/vid/avc1/986x1670/aYGvsH22kMLlRQDE.mp4	spawn ffmpeg ENOENT
https://video.twimg.com/amplify_video/2018875056617590784/vid/avc1/720x1176/EQwBz0By5syqMdib.mp4	spawn ffmpeg ENOENT
https://video.twimg.com/amplify_video/2019923315444310016/vid/avc1/2004x3562/atFrJngMVp1dCW2T.mp4	spawn ffmpeg ENOENT
https://video.twimg.com/amplify_video/2019789268563222528/vid/avc1/1400x1920/YdnLVm_kZTnuIZzB.mp4	spawn ffmpeg ENOENT
https://video.twimg.com/amplify_video/1966151226489450500/vid/avc1/1080x1920/gDkI1CLco3RN35oc.mp4	spawn ffmpeg ENOENT
https://video.twimg.com/amplify_video/2013989254402334720/vid/avc1/1080x1920/sN0SVTxtmvJVfxvF.mp4	spawn ffmpeg ENOENT
https://video.twimg.com/amplify_video/2019212914087907328/vid/avc1/1920x1080/pBn6FqOmIr2Zcqb0.mp4	spawn ffmpeg ENOENT
https://video.twimg.com/amplify_video/2019603943886577664/vid/avc1/720x1280/SCTHXB0nIDuQupr1.mp4	spawn ffmpeg ENOENT
https://video.twimg.com/amplify_video/1689364992678907904/vid/720x1280/zKklxFvhfJNoZxG8.mp4	spawn ffmpeg ENOENT
https://video.twimg.com/amplify_video/1929713867476606976/vid/avc1/720x1030/n1eN0PixZVk7e-Wz.mp4	spawn ffmpeg ENOENT
https://video.twimg.com/ext_tw_video/1529010410770268160/pu/vid/720x1280/aQWa1O9CFR4-BjIb.mp4	spawn ffmpeg ENOENT
https://video.twimg.com/amplify_video/2009312998758682625/vid/avc1/1080x1920/nqGTsa_k042iI-pw.mp4	spawn ffmpeg ENOENT
https://video.twimg.com/ext_tw_video/2008221263890620416/pu/vid/avc1/720x1122/KhUNirWuXtwqAMCL.mp4	spawn ffmpeg ENOENT
https://video.twimg.com/amplify_video/2005698952109182976/vid/avc1/1080x1920/J6oglFYdDaLCra7j.mp4	spawn ffmpeg ENOENT
https://video.twimg.com/amplify_video/1992236052908486656/vid/avc1/1908x3392/y8HyaWsEEDrHJcmS.mp4	spawn ffmpeg ENOENT
https://video.twimg.com/amplify_video/2019533430183043074/vid/avc1/892x1584/I5SkmVOcgTYtkuEw.mp4	spawn ffmpeg ENOENT
https://video.twimg.com/amplify_video/2007139824629886977/vid/avc1/2160x2720/xf-B0NKTOxDurmhh.mp4	spawn ffmpeg ENOENT
https://video.twimg.com/amplify_video/2020612429827473408/vid/avc1/768x1024/iLm_c173uhG6SciO.mp4	spawn ffmpeg ENOENT
https://video.twimg.com/amplify_video/2016324361179774976/vid/avc1/720x1280/bbYF9A6h9k-SVl1m.mp4	spawn ffmpeg ENOENT
https://video.twimg.com/amplify_video/1995355847984390144/vid/avc1/1920x1080/Weo_FtWNHNm3V_6P.mp4	spawn ffmpeg ENOENT
https://video.twimg.com/amplify_video/1994252543522951168/vid/avc1/1080x1920/pGAoMGxpE8L2PpN6.mp4	spawn ffmpeg ENOENT
https://video.twimg.com/amplify_video/2007386034170908672/vid/avc1/700x1280/yF4dGf-yrLsW7YQ6.mp4	spawn ffmpeg ENOENT
https://video.twimg.com/amplify_video/2010018333953843200/vid/avc1/1080x1920/6cIQgSeXcMfe1wQf.mp4	spawn ffmpeg ENOENT
https://video.twimg.com/amplify_video/2001262309058945025/vid/avc1/1080x1920/5rze7O6RbRB58Xzo.mp4	spawn ffmpeg ENOENT
https://video.twimg.com/ext_tw_video/1836888152398585856/pu/vid/avc1/1080x1920/EgZE4ifwWQc6L2wU.mp4	spawn ffmpeg ENOENT
https://video.twimg.com/ext_tw_video/2006500908650180608/pu/vid/avc1/656x1232/s4_1iGrPYQkA2qmx.mp4	spawn ffmpeg ENOENT
https://video.twimg.com/amplify_video/2022674938424127488/vid/avc1/720x1280/YOkXYMsCeAA-gI1b.mp4	spawn ffmpeg ENOENT
https://video.twimg.com/amplify_video/2019340167652265984/vid/avc1/360x640/Vwl0b9sJfzZToBud.mp4	spawn ffmpeg ENOENT
https://video.twimg.com/amplify_video/2021820297809215488/vid/avc1/1260x2736/ZA6dk1aCb5cmDzgH.mp4	spawn ffmpeg ENOENT
https://video.twimg.com/amplify_video/2015090826993389568/vid/avc1/1080x1920/CI_wPNyRZ9eJlG74.mp4	spawn ffmpeg ENOENT